Timing Analyzer report for Reloj
Fri Jun 13 19:02:40 2025
Quartus Prime Version 18.1.0 Build 625 09/12/2018 SJ Lite Edition


---------------------
; Table of Contents ;
---------------------
  1. Legal Notice
  2. Timing Analyzer Summary
  3. Parallel Compilation
  4. SDC File List
  5. Clocks
  6. Slow 1100mV 100C Model Fmax Summary
  7. Timing Closure Recommendations
  8. Slow 1100mV 100C Model Setup Summary
  9. Slow 1100mV 100C Model Hold Summary
 10. Slow 1100mV 100C Model Recovery Summary
 11. Slow 1100mV 100C Model Removal Summary
 12. Slow 1100mV 100C Model Minimum Pulse Width Summary
 13. Slow 1100mV 100C Model Metastability Summary
 14. Slow 1100mV -40C Model Fmax Summary
 15. Slow 1100mV -40C Model Setup Summary
 16. Slow 1100mV -40C Model Hold Summary
 17. Slow 1100mV -40C Model Recovery Summary
 18. Slow 1100mV -40C Model Removal Summary
 19. Slow 1100mV -40C Model Minimum Pulse Width Summary
 20. Slow 1100mV -40C Model Metastability Summary
 21. Fast 1100mV 100C Model Setup Summary
 22. Fast 1100mV 100C Model Hold Summary
 23. Fast 1100mV 100C Model Recovery Summary
 24. Fast 1100mV 100C Model Removal Summary
 25. Fast 1100mV 100C Model Minimum Pulse Width Summary
 26. Fast 1100mV 100C Model Metastability Summary
 27. Fast 1100mV -40C Model Setup Summary
 28. Fast 1100mV -40C Model Hold Summary
 29. Fast 1100mV -40C Model Recovery Summary
 30. Fast 1100mV -40C Model Removal Summary
 31. Fast 1100mV -40C Model Minimum Pulse Width Summary
 32. Fast 1100mV -40C Model Metastability Summary
 33. Multicorner Timing Analysis Summary
 34. Board Trace Model Assignments
 35. Input Transition Times
 36. Signal Integrity Metrics (Slow 1100mv n40c Model)
 37. Signal Integrity Metrics (Slow 1100mv 100c Model)
 38. Signal Integrity Metrics (Fast 1100mv n40c Model)
 39. Signal Integrity Metrics (Fast 1100mv 100c Model)
 40. Setup Transfers
 41. Hold Transfers
 42. Recovery Transfers
 43. Removal Transfers
 44. Report TCCS
 45. Report RSKM
 46. Unconstrained Paths Summary
 47. Clock Status Summary
 48. Unconstrained Input Ports
 49. Unconstrained Output Ports
 50. Unconstrained Input Ports
 51. Unconstrained Output Ports
 52. Timing Analyzer Messages



----------------
; Legal Notice ;
----------------
Copyright (C) 2018  Intel Corporation. All rights reserved.
Your use of Intel Corporation's design tools, logic functions 
and other software and tools, and its AMPP partner logic 
functions, and any output files from any of the foregoing 
(including device programming or simulation files), and any 
associated documentation or information are expressly subject 
to the terms and conditions of the Intel Program License 
Subscription Agreement, the Intel Quartus Prime License Agreement,
the Intel FPGA IP License Agreement, or other applicable license
agreement, including, without limitation, that your use is for
the sole purpose of programming logic devices manufactured by
Intel and sold by Intel or its authorized distributors.  Please
refer to the applicable agreement for further details.



+-----------------------------------------------------------------------------+
; Timing Analyzer Summary                                                     ;
+-----------------------+-----------------------------------------------------+
; Quartus Prime Version ; Version 18.1.0 Build 625 09/12/2018 SJ Lite Edition ;
; Timing Analyzer       ; Legacy Timing Analyzer                              ;
; Revision Name         ; Reloj                                               ;
; Device Family         ; Cyclone V                                           ;
; Device Name           ; 5CSTFD5D5F31I7                                      ;
; Timing Models         ; Final                                               ;
; Delay Model           ; Combined                                            ;
; Rise/Fall Delays      ; Enabled                                             ;
+-----------------------+-----------------------------------------------------+


+------------------------------------------+
; Parallel Compilation                     ;
+----------------------------+-------------+
; Processors                 ; Number      ;
+----------------------------+-------------+
; Number detected on machine ; 8           ;
; Maximum allowed            ; 8           ;
;                            ;             ;
; Average used               ; 2.11        ;
; Maximum used               ; 8           ;
;                            ;             ;
; Usage by Processor         ; % Time Used ;
;     Processor 1            ; 100.0%      ;
;     Processor 2            ;  16.1%      ;
;     Processor 3            ;  16.0%      ;
;     Processor 4            ;  16.0%      ;
;     Processor 5            ;  15.7%      ;
;     Processor 6            ;  15.7%      ;
;     Processor 7            ;  15.7%      ;
;     Processor 8            ;  15.7%      ;
+----------------------------+-------------+


+------------------------------------------------------------------------------------------------+
; SDC File List                                                                                  ;
+------------------------------------------------------------+--------+--------------------------+
; SDC File Path                                              ; Status ; Read at                  ;
+------------------------------------------------------------+--------+--------------------------+
; reloj_soc/synthesis/submodules/altera_reset_controller.sdc ; OK     ; Fri Jun 13 19:02:34 2025 ;
; reloj_soc/synthesis/submodules/reloj_soc_NIOSII_cpu.sdc    ; OK     ; Fri Jun 13 19:02:34 2025 ;
+------------------------------------------------------------+--------+--------------------------+


+----------------------------------------------------------------------------------------------------------------------------------------------------------------------------------------------------------+
; Clocks                                                                                                                                                                                                   ;
+---------------------+------+--------+-----------+-------+--------+------------+-----------+-------------+-------+--------+-----------+------------+----------+--------+--------+-------------------------+
; Clock Name          ; Type ; Period ; Frequency ; Rise  ; Fall   ; Duty Cycle ; Divide by ; Multiply by ; Phase ; Offset ; Edge List ; Edge Shift ; Inverted ; Master ; Source ; Targets                 ;
+---------------------+------+--------+-----------+-------+--------+------------+-----------+-------------+-------+--------+-----------+------------+----------+--------+--------+-------------------------+
; altera_reserved_tck ; Base ; 33.333 ; 30.0 MHz  ; 0.000 ; 16.666 ;            ;           ;             ;       ;        ;           ;            ;          ;        ;        ; { altera_reserved_tck } ;
+---------------------+------+--------+-----------+-------+--------+------------+-----------+-------------+-------+--------+-----------+------------+----------+--------+--------+-------------------------+


+----------------------------------------------------------+
; Slow 1100mV 100C Model Fmax Summary                      ;
+-----------+-----------------+---------------------+------+
; Fmax      ; Restricted Fmax ; Clock Name          ; Note ;
+-----------+-----------------+---------------------+------+
; 81.02 MHz ; 81.02 MHz       ; altera_reserved_tck ;      ;
+-----------+-----------------+---------------------+------+
This panel reports FMAX for every clock in the design, regardless of the user-specified clock periods.  FMAX is only computed for paths where the source and destination registers or ports are driven by the same clock.  Paths of different clocks, including generated clocks, are ignored.  For paths between a clock and its inversion, FMAX is computed as if the rising and falling edges are scaled along with FMAX, such that the duty cycle (in terms of a percentage) is maintained. Altera recommends that you always use clock constraints and other slack reports for sign-off analysis.


----------------------------------
; Timing Closure Recommendations ;
----------------------------------
HTML report is unavailable in plain text report export.


+----------------------------------------------+
; Slow 1100mV 100C Model Setup Summary         ;
+---------------------+--------+---------------+
; Clock               ; Slack  ; End Point TNS ;
+---------------------+--------+---------------+
; altera_reserved_tck ; 10.495 ; 0.000         ;
+---------------------+--------+---------------+


+---------------------------------------------+
; Slow 1100mV 100C Model Hold Summary         ;
+---------------------+-------+---------------+
; Clock               ; Slack ; End Point TNS ;
+---------------------+-------+---------------+
; altera_reserved_tck ; 0.152 ; 0.000         ;
+---------------------+-------+---------------+


+----------------------------------------------+
; Slow 1100mV 100C Model Recovery Summary      ;
+---------------------+--------+---------------+
; Clock               ; Slack  ; End Point TNS ;
+---------------------+--------+---------------+
; altera_reserved_tck ; 13.671 ; 0.000         ;
+---------------------+--------+---------------+


+---------------------------------------------+
; Slow 1100mV 100C Model Removal Summary      ;
+---------------------+-------+---------------+
; Clock               ; Slack ; End Point TNS ;
+---------------------+-------+---------------+
; altera_reserved_tck ; 1.104 ; 0.000         ;
+---------------------+-------+---------------+


+----------------------------------------------------+
; Slow 1100mV 100C Model Minimum Pulse Width Summary ;
+---------------------+--------+---------------------+
; Clock               ; Slack  ; End Point TNS       ;
+---------------------+--------+---------------------+
; altera_reserved_tck ; 15.753 ; 0.000               ;
+---------------------+--------+---------------------+


------------------------------------------------
; Slow 1100mV 100C Model Metastability Summary ;
------------------------------------------------
Worst-Case MTBF of Design is 1e+09 years or 3.15e+16 seconds.
Typical MTBF of Design is 1e+09 years or 3.15e+16 seconds.

Number of Synchronizer Chains Found: 2
Shortest Synchronizer Chain: 2 Registers
Fraction of Chains for which MTBFs Could Not be Calculated: 0.000
Worst Case Available Settling Time: 61.487 ns

Worst-Case MTBF values are calculated based on the worst-case silicon characteristics, with worst-case operating conditions.
  - Under worst-case conditions, an increase of 100ps in available settling time will increase MTBF values by a factor of 8.0
Typical MTBF values are calculated based on the nominal silicon characteristics, at nominal operating conditions.
  - Under typical conditions, an increase of 100ps in available settling time will increase MTBF values by a factor of 17.8



+----------------------------------------------------------+
; Slow 1100mV -40C Model Fmax Summary                      ;
+-----------+-----------------+---------------------+------+
; Fmax      ; Restricted Fmax ; Clock Name          ; Note ;
+-----------+-----------------+---------------------+------+
; 84.07 MHz ; 84.07 MHz       ; altera_reserved_tck ;      ;
+-----------+-----------------+---------------------+------+
This panel reports FMAX for every clock in the design, regardless of the user-specified clock periods.  FMAX is only computed for paths where the source and destination registers or ports are driven by the same clock.  Paths of different clocks, including generated clocks, are ignored.  For paths between a clock and its inversion, FMAX is computed as if the rising and falling edges are scaled along with FMAX, such that the duty cycle (in terms of a percentage) is maintained. Altera recommends that you always use clock constraints and other slack reports for sign-off analysis.


+----------------------------------------------+
; Slow 1100mV -40C Model Setup Summary         ;
+---------------------+--------+---------------+
; Clock               ; Slack  ; End Point TNS ;
+---------------------+--------+---------------+
; altera_reserved_tck ; 10.719 ; 0.000         ;
+---------------------+--------+---------------+


+---------------------------------------------+
; Slow 1100mV -40C Model Hold Summary         ;
+---------------------+-------+---------------+
; Clock               ; Slack ; End Point TNS ;
+---------------------+-------+---------------+
; altera_reserved_tck ; 0.140 ; 0.000         ;
+---------------------+-------+---------------+


+----------------------------------------------+
; Slow 1100mV -40C Model Recovery Summary      ;
+---------------------+--------+---------------+
; Clock               ; Slack  ; End Point TNS ;
+---------------------+--------+---------------+
; altera_reserved_tck ; 13.885 ; 0.000         ;
+---------------------+--------+---------------+


+---------------------------------------------+
; Slow 1100mV -40C Model Removal Summary      ;
+---------------------+-------+---------------+
; Clock               ; Slack ; End Point TNS ;
+---------------------+-------+---------------+
; altera_reserved_tck ; 1.006 ; 0.000         ;
+---------------------+-------+---------------+


+----------------------------------------------------+
; Slow 1100mV -40C Model Minimum Pulse Width Summary ;
+---------------------+--------+---------------------+
; Clock               ; Slack  ; End Point TNS       ;
+---------------------+--------+---------------------+
; altera_reserved_tck ; 15.773 ; 0.000               ;
+---------------------+--------+---------------------+


------------------------------------------------
; Slow 1100mV -40C Model Metastability Summary ;
------------------------------------------------
Worst-Case MTBF of Design is 1e+09 years or 3.15e+16 seconds.
Typical MTBF of Design is 1e+09 years or 3.15e+16 seconds.

Number of Synchronizer Chains Found: 2
Shortest Synchronizer Chain: 2 Registers
Fraction of Chains for which MTBFs Could Not be Calculated: 0.000
Worst Case Available Settling Time: 61.687 ns

Worst-Case MTBF values are calculated based on the worst-case silicon characteristics, with worst-case operating conditions.
  - Under worst-case conditions, an increase of 100ps in available settling time will increase MTBF values by a factor of 1.7
Typical MTBF values are calculated based on the nominal silicon characteristics, at nominal operating conditions.
  - Under typical conditions, an increase of 100ps in available settling time will increase MTBF values by a factor of 17.8



+----------------------------------------------+
; Fast 1100mV 100C Model Setup Summary         ;
+---------------------+--------+---------------+
; Clock               ; Slack  ; End Point TNS ;
+---------------------+--------+---------------+
; altera_reserved_tck ; 13.588 ; 0.000         ;
+---------------------+--------+---------------+


+---------------------------------------------+
; Fast 1100mV 100C Model Hold Summary         ;
+---------------------+-------+---------------+
; Clock               ; Slack ; End Point TNS ;
+---------------------+-------+---------------+
; altera_reserved_tck ; 0.024 ; 0.000         ;
+---------------------+-------+---------------+


+----------------------------------------------+
; Fast 1100mV 100C Model Recovery Summary      ;
+---------------------+--------+---------------+
; Clock               ; Slack  ; End Point TNS ;
+---------------------+--------+---------------+
; altera_reserved_tck ; 15.189 ; 0.000         ;
+---------------------+--------+---------------+


+---------------------------------------------+
; Fast 1100mV 100C Model Removal Summary      ;
+---------------------+-------+---------------+
; Clock               ; Slack ; End Point TNS ;
+---------------------+-------+---------------+
; altera_reserved_tck ; 0.484 ; 0.000         ;
+---------------------+-------+---------------+


+----------------------------------------------------+
; Fast 1100mV 100C Model Minimum Pulse Width Summary ;
+---------------------+--------+---------------------+
; Clock               ; Slack  ; End Point TNS       ;
+---------------------+--------+---------------------+
; altera_reserved_tck ; 15.759 ; 0.000               ;
+---------------------+--------+---------------------+


------------------------------------------------
; Fast 1100mV 100C Model Metastability Summary ;
------------------------------------------------
Worst-Case MTBF of Design is 1e+09 years or 3.15e+16 seconds.
Typical MTBF of Design is 1e+09 years or 3.15e+16 seconds.

Number of Synchronizer Chains Found: 2
Shortest Synchronizer Chain: 2 Registers
Fraction of Chains for which MTBFs Could Not be Calculated: 0.000
Worst Case Available Settling Time: 63.497 ns

Worst-Case MTBF values are calculated based on the worst-case silicon characteristics, with worst-case operating conditions.
  - Under worst-case conditions, an increase of 100ps in available settling time will increase MTBF values by a factor of 8.0
Typical MTBF values are calculated based on the nominal silicon characteristics, at nominal operating conditions.
  - Under typical conditions, an increase of 100ps in available settling time will increase MTBF values by a factor of 17.8



+----------------------------------------------+
; Fast 1100mV -40C Model Setup Summary         ;
+---------------------+--------+---------------+
; Clock               ; Slack  ; End Point TNS ;
+---------------------+--------+---------------+
; altera_reserved_tck ; 14.102 ; 0.000         ;
+---------------------+--------+---------------+


+---------------------------------------------+
; Fast 1100mV -40C Model Hold Summary         ;
+---------------------+-------+---------------+
; Clock               ; Slack ; End Point TNS ;
+---------------------+-------+---------------+
; altera_reserved_tck ; 0.005 ; 0.000         ;
+---------------------+-------+---------------+


+----------------------------------------------+
; Fast 1100mV -40C Model Recovery Summary      ;
+---------------------+--------+---------------+
; Clock               ; Slack  ; End Point TNS ;
+---------------------+--------+---------------+
; altera_reserved_tck ; 15.482 ; 0.000         ;
+---------------------+--------+---------------+


+---------------------------------------------+
; Fast 1100mV -40C Model Removal Summary      ;
+---------------------+-------+---------------+
; Clock               ; Slack ; End Point TNS ;
+---------------------+-------+---------------+
; altera_reserved_tck ; 0.389 ; 0.000         ;
+---------------------+-------+---------------+


+----------------------------------------------------+
; Fast 1100mV -40C Model Minimum Pulse Width Summary ;
+---------------------+--------+---------------------+
; Clock               ; Slack  ; End Point TNS       ;
+---------------------+--------+---------------------+
; altera_reserved_tck ; 15.796 ; 0.000               ;
+---------------------+--------+---------------------+


------------------------------------------------
; Fast 1100mV -40C Model Metastability Summary ;
------------------------------------------------
Worst-Case MTBF of Design is 1e+09 years or 3.15e+16 seconds.
Typical MTBF of Design is 1e+09 years or 3.15e+16 seconds.

Number of Synchronizer Chains Found: 2
Shortest Synchronizer Chain: 2 Registers
Fraction of Chains for which MTBFs Could Not be Calculated: 0.000
Worst Case Available Settling Time: 63.858 ns

Worst-Case MTBF values are calculated based on the worst-case silicon characteristics, with worst-case operating conditions.
  - Under worst-case conditions, an increase of 100ps in available settling time will increase MTBF values by a factor of 1.7
Typical MTBF values are calculated based on the nominal silicon characteristics, at nominal operating conditions.
  - Under typical conditions, an increase of 100ps in available settling time will increase MTBF values by a factor of 17.8



+----------------------------------------------------------------------------------+
; Multicorner Timing Analysis Summary                                              ;
+----------------------+--------+-------+----------+---------+---------------------+
; Clock                ; Setup  ; Hold  ; Recovery ; Removal ; Minimum Pulse Width ;
+----------------------+--------+-------+----------+---------+---------------------+
; Worst-case Slack     ; 10.495 ; 0.005 ; 13.671   ; 0.389   ; 15.753              ;
;  altera_reserved_tck ; 10.495 ; 0.005 ; 13.671   ; 0.389   ; 15.753              ;
; Design-wide TNS      ; 0.0    ; 0.0   ; 0.0      ; 0.0     ; 0.0                 ;
;  altera_reserved_tck ; 0.000  ; 0.000 ; 0.000    ; 0.000   ; 0.000               ;
+----------------------+--------+-------+----------+---------+---------------------+


+-----------------------------------------------------------------------------------------------------------------------------------------------------------------------------------------------------------------------------------------------------------------------------------------------------------------------------------------------------------------------------------------------------------------------------------------------------+
; Board Trace Model Assignments                                                                                                                                                                                                                                                                                                                                                                                                                       ;
+--------------------------------------------------+--------------+-------------------+-------------------------+-------------------------+---------------+---------------------+----------------+------------------+--------+------------------+------------------------+------------------------+--------------+---------------+-----------------+-------+---------------------+--------------------+---------------+-----------------+-------------+
; Pin                                              ; I/O Standard ; Near Tline Length ; Near Tline L per Length ; Near Tline C per Length ; Near Series R ; Near Differential R ; Near Pull-up R ; Near Pull-down R ; Near C ; Far Tline Length ; Far Tline L per Length ; Far Tline C per Length ; Far Series R ; Far Pull-up R ; Far Pull-down R ; Far C ; Termination Voltage ; Far Differential R ; EBD File Name ; EBD Signal Name ; EBD Far-end ;
+--------------------------------------------------+--------------+-------------------+-------------------------+-------------------------+---------------+---------------------+----------------+------------------+--------+------------------+------------------------+------------------------+--------------+---------------+-----------------+-------+---------------------+--------------------+---------------+-----------------+-------------+
; audio_0_external_interface_DACDAT                ; 2.5 V        ; 0 in              ; 0 H/in                  ; 0 F/in                  ; short         ; -                   ; open           ; open             ; open   ; 0 in             ; 0 H/in                 ; 0 F/in                 ; short        ; open          ; open            ; open  ; 0 V                 ; -                  ; n/a           ; n/a             ; n/a         ;
; audio_and_video_config_0_external_interface_SCLK ; 2.5 V        ; 0 in              ; 0 H/in                  ; 0 F/in                  ; short         ; -                   ; open           ; open             ; open   ; 0 in             ; 0 H/in                 ; 0 F/in                 ; short        ; open          ; open            ; open  ; 0 V                 ; -                  ; n/a           ; n/a             ; n/a         ;
; audio_pll_0_audio_clk_clk                        ; 2.5 V        ; 0 in              ; 0 H/in                  ; 0 F/in                  ; short         ; -                   ; open           ; open             ; open   ; 0 in             ; 0 H/in                 ; 0 F/in                 ; short        ; open          ; open            ; open  ; 0 V                 ; -                  ; n/a           ; n/a             ; n/a         ;
; leds_export[0]                                   ; 2.5 V        ; 0 in              ; 0 H/in                  ; 0 F/in                  ; short         ; -                   ; open           ; open             ; open   ; 0 in             ; 0 H/in                 ; 0 F/in                 ; short        ; open          ; open            ; open  ; 0 V                 ; -                  ; n/a           ; n/a             ; n/a         ;
; leds_export[1]                                   ; 2.5 V        ; 0 in              ; 0 H/in                  ; 0 F/in                  ; short         ; -                   ; open           ; open             ; open   ; 0 in             ; 0 H/in                 ; 0 F/in                 ; short        ; open          ; open            ; open  ; 0 V                 ; -                  ; n/a           ; n/a             ; n/a         ;
; leds_export[2]                                   ; 2.5 V        ; 0 in              ; 0 H/in                  ; 0 F/in                  ; short         ; -                   ; open           ; open             ; open   ; 0 in             ; 0 H/in                 ; 0 F/in                 ; short        ; open          ; open            ; open  ; 0 V                 ; -                  ; n/a           ; n/a             ; n/a         ;
; leds_export[3]                                   ; 2.5 V        ; 0 in              ; 0 H/in                  ; 0 F/in                  ; short         ; -                   ; open           ; open             ; open   ; 0 in             ; 0 H/in                 ; 0 F/in                 ; short        ; open          ; open            ; open  ; 0 V                 ; -                  ; n/a           ; n/a             ; n/a         ;
; leds_export[4]                                   ; 2.5 V        ; 0 in              ; 0 H/in                  ; 0 F/in                  ; short         ; -                   ; open           ; open             ; open   ; 0 in             ; 0 H/in                 ; 0 F/in                 ; short        ; open          ; open            ; open  ; 0 V                 ; -                  ; n/a           ; n/a             ; n/a         ;
; leds_export[5]                                   ; 2.5 V        ; 0 in              ; 0 H/in                  ; 0 F/in                  ; short         ; -                   ; open           ; open             ; open   ; 0 in             ; 0 H/in                 ; 0 F/in                 ; short        ; open          ; open            ; open  ; 0 V                 ; -                  ; n/a           ; n/a             ; n/a         ;
; leds_export[6]                                   ; 2.5 V        ; 0 in              ; 0 H/in                  ; 0 F/in                  ; short         ; -                   ; open           ; open             ; open   ; 0 in             ; 0 H/in                 ; 0 F/in                 ; short        ; open          ; open            ; open  ; 0 V                 ; -                  ; n/a           ; n/a             ; n/a         ;
; leds_export[7]                                   ; 2.5 V        ; 0 in              ; 0 H/in                  ; 0 F/in                  ; short         ; -                   ; open           ; open             ; open   ; 0 in             ; 0 H/in                 ; 0 F/in                 ; short        ; open          ; open            ; open  ; 0 V                 ; -                  ; n/a           ; n/a             ; n/a         ;
; leds_export[8]                                   ; 2.5 V        ; 0 in              ; 0 H/in                  ; 0 F/in                  ; short         ; -                   ; open           ; open             ; open   ; 0 in             ; 0 H/in                 ; 0 F/in                 ; short        ; open          ; open            ; open  ; 0 V                 ; -                  ; n/a           ; n/a             ; n/a         ;
; leds_export[9]                                   ; 2.5 V        ; 0 in              ; 0 H/in                  ; 0 F/in                  ; short         ; -                   ; open           ; open             ; open   ; 0 in             ; 0 H/in                 ; 0 F/in                 ; short        ; open          ; open            ; open  ; 0 V                 ; -                  ; n/a           ; n/a             ; n/a         ;
; leds_export[10]                                  ; 2.5 V        ; 0 in              ; 0 H/in                  ; 0 F/in                  ; short         ; -                   ; open           ; open             ; open   ; 0 in             ; 0 H/in                 ; 0 F/in                 ; short        ; open          ; open            ; open  ; 0 V                 ; -                  ; n/a           ; n/a             ; n/a         ;
; leds_export[11]                                  ; 2.5 V        ; 0 in              ; 0 H/in                  ; 0 F/in                  ; short         ; -                   ; open           ; open             ; open   ; 0 in             ; 0 H/in                 ; 0 F/in                 ; short        ; open          ; open            ; open  ; 0 V                 ; -                  ; n/a           ; n/a             ; n/a         ;
; leds_export[12]                                  ; 2.5 V        ; 0 in              ; 0 H/in                  ; 0 F/in                  ; short         ; -                   ; open           ; open             ; open   ; 0 in             ; 0 H/in                 ; 0 F/in                 ; short        ; open          ; open            ; open  ; 0 V                 ; -                  ; n/a           ; n/a             ; n/a         ;
; leds_export[13]                                  ; 2.5 V        ; 0 in              ; 0 H/in                  ; 0 F/in                  ; short         ; -                   ; open           ; open             ; open   ; 0 in             ; 0 H/in                 ; 0 F/in                 ; short        ; open          ; open            ; open  ; 0 V                 ; -                  ; n/a           ; n/a             ; n/a         ;
; leds_export[14]                                  ; 2.5 V        ; 0 in              ; 0 H/in                  ; 0 F/in                  ; short         ; -                   ; open           ; open             ; open   ; 0 in             ; 0 H/in                 ; 0 F/in                 ; short        ; open          ; open            ; open  ; 0 V                 ; -                  ; n/a           ; n/a             ; n/a         ;
; leds_export[15]                                  ; 2.5 V        ; 0 in              ; 0 H/in                  ; 0 F/in                  ; short         ; -                   ; open           ; open             ; open   ; 0 in             ; 0 H/in                 ; 0 F/in                 ; short        ; open          ; open            ; open  ; 0 V                 ; -                  ; n/a           ; n/a             ; n/a         ;
; leds_export[16]                                  ; 2.5 V        ; 0 in              ; 0 H/in                  ; 0 F/in                  ; short         ; -                   ; open           ; open             ; open   ; 0 in             ; 0 H/in                 ; 0 F/in                 ; short        ; open          ; open            ; open  ; 0 V                 ; -                  ; n/a           ; n/a             ; n/a         ;
; leds_export[17]                                  ; 2.5 V        ; 0 in              ; 0 H/in                  ; 0 F/in                  ; short         ; -                   ; open           ; open             ; open   ; 0 in             ; 0 H/in                 ; 0 F/in                 ; short        ; open          ; open            ; open  ; 0 V                 ; -                  ; n/a           ; n/a             ; n/a         ;
; leds_export[18]                                  ; 2.5 V        ; 0 in              ; 0 H/in                  ; 0 F/in                  ; short         ; -                   ; open           ; open             ; open   ; 0 in             ; 0 H/in                 ; 0 F/in                 ; short        ; open          ; open            ; open  ; 0 V                 ; -                  ; n/a           ; n/a             ; n/a         ;
; leds_export[19]                                  ; 2.5 V        ; 0 in              ; 0 H/in                  ; 0 F/in                  ; short         ; -                   ; open           ; open             ; open   ; 0 in             ; 0 H/in                 ; 0 F/in                 ; short        ; open          ; open            ; open  ; 0 V                 ; -                  ; n/a           ; n/a             ; n/a         ;
; leds_export[20]                                  ; 2.5 V        ; 0 in              ; 0 H/in                  ; 0 F/in                  ; short         ; -                   ; open           ; open             ; open   ; 0 in             ; 0 H/in                 ; 0 F/in                 ; short        ; open          ; open            ; open  ; 0 V                 ; -                  ; n/a           ; n/a             ; n/a         ;
; leds_export[21]                                  ; 2.5 V        ; 0 in              ; 0 H/in                  ; 0 F/in                  ; short         ; -                   ; open           ; open             ; open   ; 0 in             ; 0 H/in                 ; 0 F/in                 ; short        ; open          ; open            ; open  ; 0 V                 ; -                  ; n/a           ; n/a             ; n/a         ;
; leds_export[22]                                  ; 2.5 V        ; 0 in              ; 0 H/in                  ; 0 F/in                  ; short         ; -                   ; open           ; open             ; open   ; 0 in             ; 0 H/in                 ; 0 F/in                 ; short        ; open          ; open            ; open  ; 0 V                 ; -                  ; n/a           ; n/a             ; n/a         ;
; leds_export[23]                                  ; 2.5 V        ; 0 in              ; 0 H/in                  ; 0 F/in                  ; short         ; -                   ; open           ; open             ; open   ; 0 in             ; 0 H/in                 ; 0 F/in                 ; short        ; open          ; open            ; open  ; 0 V                 ; -                  ; n/a           ; n/a             ; n/a         ;
; leds_export[24]                                  ; 2.5 V        ; 0 in              ; 0 H/in                  ; 0 F/in                  ; short         ; -                   ; open           ; open             ; open   ; 0 in             ; 0 H/in                 ; 0 F/in                 ; short        ; open          ; open            ; open  ; 0 V                 ; -                  ; n/a           ; n/a             ; n/a         ;
; leds_export[25]                                  ; 2.5 V        ; 0 in              ; 0 H/in                  ; 0 F/in                  ; short         ; -                   ; open           ; open             ; open   ; 0 in             ; 0 H/in                 ; 0 F/in                 ; short        ; open          ; open            ; open  ; 0 V                 ; -                  ; n/a           ; n/a             ; n/a         ;
; leds_export[26]                                  ; 2.5 V        ; 0 in              ; 0 H/in                  ; 0 F/in                  ; short         ; -                   ; open           ; open             ; open   ; 0 in             ; 0 H/in                 ; 0 F/in                 ; short        ; open          ; open            ; open  ; 0 V                 ; -                  ; n/a           ; n/a             ; n/a         ;
; leds_export[27]                                  ; 2.5 V        ; 0 in              ; 0 H/in                  ; 0 F/in                  ; short         ; -                   ; open           ; open             ; open   ; 0 in             ; 0 H/in                 ; 0 F/in                 ; short        ; open          ; open            ; open  ; 0 V                 ; -                  ; n/a           ; n/a             ; n/a         ;
; leds_export[28]                                  ; 2.5 V        ; 0 in              ; 0 H/in                  ; 0 F/in                  ; short         ; -                   ; open           ; open             ; open   ; 0 in             ; 0 H/in                 ; 0 F/in                 ; short        ; open          ; open            ; open  ; 0 V                 ; -                  ; n/a           ; n/a             ; n/a         ;
; leds_export[29]                                  ; 2.5 V        ; 0 in              ; 0 H/in                  ; 0 F/in                  ; short         ; -                   ; open           ; open             ; open   ; 0 in             ; 0 H/in                 ; 0 F/in                 ; short        ; open          ; open            ; open  ; 0 V                 ; -                  ; n/a           ; n/a             ; n/a         ;
; leds_export[30]                                  ; 2.5 V        ; 0 in              ; 0 H/in                  ; 0 F/in                  ; short         ; -                   ; open           ; open             ; open   ; 0 in             ; 0 H/in                 ; 0 F/in                 ; short        ; open          ; open            ; open  ; 0 V                 ; -                  ; n/a           ; n/a             ; n/a         ;
; leds_export[31]                                  ; 2.5 V        ; 0 in              ; 0 H/in                  ; 0 F/in                  ; short         ; -                   ; open           ; open             ; open   ; 0 in             ; 0 H/in                 ; 0 F/in                 ; short        ; open          ; open            ; open  ; 0 V                 ; -                  ; n/a           ; n/a             ; n/a         ;
; audio_and_video_config_0_external_interface_SDAT ; 2.5 V        ; 0 in              ; 0 H/in                  ; 0 F/in                  ; short         ; -                   ; open           ; open             ; open   ; 0 in             ; 0 H/in                 ; 0 F/in                 ; short        ; open          ; open            ; open  ; 0 V                 ; -                  ; n/a           ; n/a             ; n/a         ;
; altera_reserved_tdo                              ; 2.5 V        ; 0 in              ; 0 H/in                  ; 0 F/in                  ; short         ; -                   ; open           ; open             ; open   ; 0 in             ; 0 H/in                 ; 0 F/in                 ; short        ; open          ; open            ; open  ; 0 V                 ; -                  ; n/a           ; n/a             ; n/a         ;
+--------------------------------------------------+--------------+-------------------+-------------------------+-------------------------+---------------+---------------------+----------------+------------------+--------+------------------+------------------------+------------------------+--------------+---------------+-----------------+-------+---------------------+--------------------+---------------+-----------------+-------------+


+-----------------------------------------------------------------------------------------------------+
; Input Transition Times                                                                              ;
+--------------------------------------------------+--------------+-----------------+-----------------+
; Pin                                              ; I/O Standard ; 10-90 Rise Time ; 90-10 Fall Time ;
+--------------------------------------------------+--------------+-----------------+-----------------+
; audio_and_video_config_0_external_interface_SDAT ; 2.5 V        ; 2000 ps         ; 2000 ps         ;
; clk_clk                                          ; 2.5 V        ; 2000 ps         ; 2000 ps         ;
; reset_reset_n                                    ; 2.5 V        ; 2000 ps         ; 2000 ps         ;
; audio_0_external_interface_DACLRCK               ; 2.5 V        ; 2000 ps         ; 2000 ps         ;
; audio_0_external_interface_BCLK                  ; 2.5 V        ; 2000 ps         ; 2000 ps         ;
; buttons_export[0]                                ; 2.5 V        ; 2000 ps         ; 2000 ps         ;
; buttons_export[1]                                ; 2.5 V        ; 2000 ps         ; 2000 ps         ;
; buttons_export[2]                                ; 2.5 V        ; 2000 ps         ; 2000 ps         ;
; buttons_export[3]                                ; 2.5 V        ; 2000 ps         ; 2000 ps         ;
; buttons_export[4]                                ; 2.5 V        ; 2000 ps         ; 2000 ps         ;
; buttons_export[5]                                ; 2.5 V        ; 2000 ps         ; 2000 ps         ;
; buttons_export[6]                                ; 2.5 V        ; 2000 ps         ; 2000 ps         ;
; buttons_export[7]                                ; 2.5 V        ; 2000 ps         ; 2000 ps         ;
; buttons_export[8]                                ; 2.5 V        ; 2000 ps         ; 2000 ps         ;
; buttons_export[9]                                ; 2.5 V        ; 2000 ps         ; 2000 ps         ;
; buttons_export[10]                               ; 2.5 V        ; 2000 ps         ; 2000 ps         ;
; buttons_export[11]                               ; 2.5 V        ; 2000 ps         ; 2000 ps         ;
; buttons_export[12]                               ; 2.5 V        ; 2000 ps         ; 2000 ps         ;
; buttons_export[13]                               ; 2.5 V        ; 2000 ps         ; 2000 ps         ;
; buttons_export[14]                               ; 2.5 V        ; 2000 ps         ; 2000 ps         ;
; buttons_export[15]                               ; 2.5 V        ; 2000 ps         ; 2000 ps         ;
; buttons_export[16]                               ; 2.5 V        ; 2000 ps         ; 2000 ps         ;
; buttons_export[17]                               ; 2.5 V        ; 2000 ps         ; 2000 ps         ;
; buttons_export[18]                               ; 2.5 V        ; 2000 ps         ; 2000 ps         ;
; buttons_export[19]                               ; 2.5 V        ; 2000 ps         ; 2000 ps         ;
; buttons_export[20]                               ; 2.5 V        ; 2000 ps         ; 2000 ps         ;
; buttons_export[21]                               ; 2.5 V        ; 2000 ps         ; 2000 ps         ;
; buttons_export[22]                               ; 2.5 V        ; 2000 ps         ; 2000 ps         ;
; buttons_export[23]                               ; 2.5 V        ; 2000 ps         ; 2000 ps         ;
; buttons_export[24]                               ; 2.5 V        ; 2000 ps         ; 2000 ps         ;
; buttons_export[25]                               ; 2.5 V        ; 2000 ps         ; 2000 ps         ;
; buttons_export[26]                               ; 2.5 V        ; 2000 ps         ; 2000 ps         ;
; buttons_export[27]                               ; 2.5 V        ; 2000 ps         ; 2000 ps         ;
; buttons_export[28]                               ; 2.5 V        ; 2000 ps         ; 2000 ps         ;
; buttons_export[29]                               ; 2.5 V        ; 2000 ps         ; 2000 ps         ;
; buttons_export[30]                               ; 2.5 V        ; 2000 ps         ; 2000 ps         ;
; buttons_export[31]                               ; 2.5 V        ; 2000 ps         ; 2000 ps         ;
; altera_reserved_tms                              ; 2.5 V        ; 2000 ps         ; 2000 ps         ;
; altera_reserved_tck                              ; 2.5 V        ; 2000 ps         ; 2000 ps         ;
; altera_reserved_tdi                              ; 2.5 V        ; 2000 ps         ; 2000 ps         ;
+--------------------------------------------------+--------------+-----------------+-----------------+


+-------------------------------------------------------------------------------------------------------------------------------------------------------------------------------------------------------------------------------------------------------------------------------------------------------------------------------------------------------------------------------------------------------------------------------------------------------------------------------------------------------------------------------------------------------------------------------------------------------------------------------------------------------------------------------------------------------------------------------+
; Signal Integrity Metrics (Slow 1100mv n40c Model)                                                                                                                                                                                                                                                                                                                                                                                                                                                                                                                                                                                                                                                                             ;
+--------------------------------------------------+--------------+---------------------+---------------------+------------------------------+------------------------------+---------------------+---------------------+--------------------------------------+--------------------------------------+-----------------------------+-----------------------------+----------------------------+----------------------------+-----------------------------+-----------------------------+--------------------+--------------------+-------------------------------------+-------------------------------------+----------------------------+----------------------------+---------------------------+---------------------------+
; Pin                                              ; I/O Standard ; Board Delay on Rise ; Board Delay on Fall ; Steady State Voh at FPGA Pin ; Steady State Vol at FPGA Pin ; Voh Max at FPGA Pin ; Vol Min at FPGA Pin ; Ringback Voltage on Rise at FPGA Pin ; Ringback Voltage on Fall at FPGA Pin ; 10-90 Rise Time at FPGA Pin ; 90-10 Fall Time at FPGA Pin ; Monotonic Rise at FPGA Pin ; Monotonic Fall at FPGA Pin ; Steady State Voh at Far-end ; Steady State Vol at Far-end ; Voh Max at Far-end ; Vol Min at Far-end ; Ringback Voltage on Rise at Far-end ; Ringback Voltage on Fall at Far-end ; 10-90 Rise Time at Far-end ; 90-10 Fall Time at Far-end ; Monotonic Rise at Far-end ; Monotonic Fall at Far-end ;
+--------------------------------------------------+--------------+---------------------+---------------------+------------------------------+------------------------------+---------------------+---------------------+--------------------------------------+--------------------------------------+-----------------------------+-----------------------------+----------------------------+----------------------------+-----------------------------+-----------------------------+--------------------+--------------------+-------------------------------------+-------------------------------------+----------------------------+----------------------------+---------------------------+---------------------------+
; audio_0_external_interface_DACDAT                ; 2.5 V        ; 0 s                 ; 0 s                 ; 2.32 V                       ; 1.6e-08 V                    ; 2.42 V              ; -0.0509 V           ; 0.197 V                              ; 0.118 V                              ; 4.57e-10 s                  ; 4.47e-10 s                  ; No                         ; Yes                        ; 2.32 V                      ; 1.6e-08 V                   ; 2.42 V             ; -0.0509 V          ; 0.197 V                             ; 0.118 V                             ; 4.57e-10 s                 ; 4.47e-10 s                 ; No                        ; Yes                       ;
; audio_and_video_config_0_external_interface_SCLK ; 2.5 V        ; 0 s                 ; 0 s                 ; 2.32 V                       ; 1.33e-08 V                   ; 2.36 V              ; -0.0253 V           ; 0.132 V                              ; 0.078 V                              ; 4.45e-10 s                  ; 4.26e-10 s                  ; No                         ; Yes                        ; 2.32 V                      ; 1.33e-08 V                  ; 2.36 V             ; -0.0253 V          ; 0.132 V                             ; 0.078 V                             ; 4.45e-10 s                 ; 4.26e-10 s                 ; No                        ; Yes                       ;
; audio_pll_0_audio_clk_clk                        ; 2.5 V        ; 0 s                 ; 0 s                 ; 2.32 V                       ; 1.56e-08 V                   ; 2.43 V              ; -0.0617 V           ; 0.35 V                               ; 0.107 V                              ; 3.1e-10 s                   ; 4.28e-10 s                  ; No                         ; No                         ; 2.32 V                      ; 1.56e-08 V                  ; 2.43 V             ; -0.0617 V          ; 0.35 V                              ; 0.107 V                             ; 3.1e-10 s                  ; 4.28e-10 s                 ; No                        ; No                        ;
; leds_export[0]                                   ; 2.5 V        ; 0 s                 ; 0 s                 ; 2.32 V                       ; 1.6e-08 V                    ; 2.42 V              ; -0.0509 V           ; 0.197 V                              ; 0.118 V                              ; 4.57e-10 s                  ; 4.47e-10 s                  ; No                         ; Yes                        ; 2.32 V                      ; 1.6e-08 V                   ; 2.42 V             ; -0.0509 V          ; 0.197 V                             ; 0.118 V                             ; 4.57e-10 s                 ; 4.47e-10 s                 ; No                        ; Yes                       ;
; leds_export[1]                                   ; 2.5 V        ; 0 s                 ; 0 s                 ; 2.32 V                       ; 1.56e-08 V                   ; 2.43 V              ; -0.0617 V           ; 0.35 V                               ; 0.107 V                              ; 3.1e-10 s                   ; 4.28e-10 s                  ; No                         ; No                         ; 2.32 V                      ; 1.56e-08 V                  ; 2.43 V             ; -0.0617 V          ; 0.35 V                              ; 0.107 V                             ; 3.1e-10 s                  ; 4.28e-10 s                 ; No                        ; No                        ;
; leds_export[2]                                   ; 2.5 V        ; 0 s                 ; 0 s                 ; 2.32 V                       ; 1.56e-08 V                   ; 2.43 V              ; -0.0607 V           ; 0.35 V                               ; 0.108 V                              ; 3.1e-10 s                   ; 4.28e-10 s                  ; No                         ; No                         ; 2.32 V                      ; 1.56e-08 V                  ; 2.43 V             ; -0.0607 V          ; 0.35 V                              ; 0.108 V                             ; 3.1e-10 s                  ; 4.28e-10 s                 ; No                        ; No                        ;
; leds_export[3]                                   ; 2.5 V        ; 0 s                 ; 0 s                 ; 2.32 V                       ; 1.6e-08 V                    ; 2.42 V              ; -0.0509 V           ; 0.197 V                              ; 0.118 V                              ; 4.57e-10 s                  ; 4.47e-10 s                  ; No                         ; Yes                        ; 2.32 V                      ; 1.6e-08 V                   ; 2.42 V             ; -0.0509 V          ; 0.197 V                             ; 0.118 V                             ; 4.57e-10 s                 ; 4.47e-10 s                 ; No                        ; Yes                       ;
; leds_export[4]                                   ; 2.5 V        ; 0 s                 ; 0 s                 ; 2.32 V                       ; 1.6e-08 V                    ; 2.42 V              ; -0.0509 V           ; 0.197 V                              ; 0.118 V                              ; 4.57e-10 s                  ; 4.47e-10 s                  ; No                         ; Yes                        ; 2.32 V                      ; 1.6e-08 V                   ; 2.42 V             ; -0.0509 V          ; 0.197 V                             ; 0.118 V                             ; 4.57e-10 s                 ; 4.47e-10 s                 ; No                        ; Yes                       ;
; leds_export[5]                                   ; 2.5 V        ; 0 s                 ; 0 s                 ; 2.32 V                       ; 1.6e-08 V                    ; 2.42 V              ; -0.0509 V           ; 0.197 V                              ; 0.118 V                              ; 4.57e-10 s                  ; 4.47e-10 s                  ; No                         ; Yes                        ; 2.32 V                      ; 1.6e-08 V                   ; 2.42 V             ; -0.0509 V          ; 0.197 V                             ; 0.118 V                             ; 4.57e-10 s                 ; 4.47e-10 s                 ; No                        ; Yes                       ;
; leds_export[6]                                   ; 2.5 V        ; 0 s                 ; 0 s                 ; 2.32 V                       ; 1.56e-08 V                   ; 2.43 V              ; -0.0617 V           ; 0.35 V                               ; 0.107 V                              ; 3.1e-10 s                   ; 4.28e-10 s                  ; No                         ; No                         ; 2.32 V                      ; 1.56e-08 V                  ; 2.43 V             ; -0.0617 V          ; 0.35 V                              ; 0.107 V                             ; 3.1e-10 s                  ; 4.28e-10 s                 ; No                        ; No                        ;
; leds_export[7]                                   ; 2.5 V        ; 0 s                 ; 0 s                 ; 2.32 V                       ; 1.56e-08 V                   ; 2.43 V              ; -0.0617 V           ; 0.35 V                               ; 0.107 V                              ; 3.1e-10 s                   ; 4.28e-10 s                  ; No                         ; No                         ; 2.32 V                      ; 1.56e-08 V                  ; 2.43 V             ; -0.0617 V          ; 0.35 V                              ; 0.107 V                             ; 3.1e-10 s                  ; 4.28e-10 s                 ; No                        ; No                        ;
; leds_export[8]                                   ; 2.5 V        ; 0 s                 ; 0 s                 ; 2.32 V                       ; 1.33e-08 V                   ; 2.36 V              ; -0.0253 V           ; 0.132 V                              ; 0.078 V                              ; 4.45e-10 s                  ; 4.26e-10 s                  ; No                         ; Yes                        ; 2.32 V                      ; 1.33e-08 V                  ; 2.36 V             ; -0.0253 V          ; 0.132 V                             ; 0.078 V                             ; 4.45e-10 s                 ; 4.26e-10 s                 ; No                        ; Yes                       ;
; leds_export[9]                                   ; 2.5 V        ; 0 s                 ; 0 s                 ; 2.32 V                       ; 1.56e-08 V                   ; 2.43 V              ; -0.0617 V           ; 0.35 V                               ; 0.107 V                              ; 3.1e-10 s                   ; 4.28e-10 s                  ; No                         ; No                         ; 2.32 V                      ; 1.56e-08 V                  ; 2.43 V             ; -0.0617 V          ; 0.35 V                              ; 0.107 V                             ; 3.1e-10 s                  ; 4.28e-10 s                 ; No                        ; No                        ;
; leds_export[10]                                  ; 2.5 V        ; 0 s                 ; 0 s                 ; 2.32 V                       ; 1.33e-08 V                   ; 2.36 V              ; -0.0253 V           ; 0.132 V                              ; 0.078 V                              ; 4.45e-10 s                  ; 4.26e-10 s                  ; No                         ; Yes                        ; 2.32 V                      ; 1.33e-08 V                  ; 2.36 V             ; -0.0253 V          ; 0.132 V                             ; 0.078 V                             ; 4.45e-10 s                 ; 4.26e-10 s                 ; No                        ; Yes                       ;
; leds_export[11]                                  ; 2.5 V        ; 0 s                 ; 0 s                 ; 2.32 V                       ; 1.33e-08 V                   ; 2.36 V              ; -0.0253 V           ; 0.132 V                              ; 0.078 V                              ; 4.45e-10 s                  ; 4.26e-10 s                  ; No                         ; Yes                        ; 2.32 V                      ; 1.33e-08 V                  ; 2.36 V             ; -0.0253 V          ; 0.132 V                             ; 0.078 V                             ; 4.45e-10 s                 ; 4.26e-10 s                 ; No                        ; Yes                       ;
; leds_export[12]                                  ; 2.5 V        ; 0 s                 ; 0 s                 ; 2.32 V                       ; 1.56e-08 V                   ; 2.43 V              ; -0.0617 V           ; 0.35 V                               ; 0.107 V                              ; 3.1e-10 s                   ; 4.28e-10 s                  ; No                         ; No                         ; 2.32 V                      ; 1.56e-08 V                  ; 2.43 V             ; -0.0617 V          ; 0.35 V                              ; 0.107 V                             ; 3.1e-10 s                  ; 4.28e-10 s                 ; No                        ; No                        ;
; leds_export[13]                                  ; 2.5 V        ; 0 s                 ; 0 s                 ; 2.32 V                       ; 1.56e-08 V                   ; 2.43 V              ; -0.0617 V           ; 0.35 V                               ; 0.107 V                              ; 3.1e-10 s                   ; 4.28e-10 s                  ; No                         ; No                         ; 2.32 V                      ; 1.56e-08 V                  ; 2.43 V             ; -0.0617 V          ; 0.35 V                              ; 0.107 V                             ; 3.1e-10 s                  ; 4.28e-10 s                 ; No                        ; No                        ;
; leds_export[14]                                  ; 2.5 V        ; 0 s                 ; 0 s                 ; 2.32 V                       ; 1.56e-08 V                   ; 2.43 V              ; -0.0617 V           ; 0.35 V                               ; 0.107 V                              ; 3.1e-10 s                   ; 4.28e-10 s                  ; No                         ; No                         ; 2.32 V                      ; 1.56e-08 V                  ; 2.43 V             ; -0.0617 V          ; 0.35 V                              ; 0.107 V                             ; 3.1e-10 s                  ; 4.28e-10 s                 ; No                        ; No                        ;
; leds_export[15]                                  ; 2.5 V        ; 0 s                 ; 0 s                 ; 2.32 V                       ; 1.56e-08 V                   ; 2.43 V              ; -0.0617 V           ; 0.35 V                               ; 0.107 V                              ; 3.1e-10 s                   ; 4.28e-10 s                  ; No                         ; No                         ; 2.32 V                      ; 1.56e-08 V                  ; 2.43 V             ; -0.0617 V          ; 0.35 V                              ; 0.107 V                             ; 3.1e-10 s                  ; 4.28e-10 s                 ; No                        ; No                        ;
; leds_export[16]                                  ; 2.5 V        ; 0 s                 ; 0 s                 ; 2.32 V                       ; 1.33e-08 V                   ; 2.36 V              ; -0.0253 V           ; 0.132 V                              ; 0.078 V                              ; 4.45e-10 s                  ; 4.26e-10 s                  ; No                         ; Yes                        ; 2.32 V                      ; 1.33e-08 V                  ; 2.36 V             ; -0.0253 V          ; 0.132 V                             ; 0.078 V                             ; 4.45e-10 s                 ; 4.26e-10 s                 ; No                        ; Yes                       ;
; leds_export[17]                                  ; 2.5 V        ; 0 s                 ; 0 s                 ; 2.32 V                       ; 1.56e-08 V                   ; 2.43 V              ; -0.0617 V           ; 0.35 V                               ; 0.107 V                              ; 3.1e-10 s                   ; 4.28e-10 s                  ; No                         ; No                         ; 2.32 V                      ; 1.56e-08 V                  ; 2.43 V             ; -0.0617 V          ; 0.35 V                              ; 0.107 V                             ; 3.1e-10 s                  ; 4.28e-10 s                 ; No                        ; No                        ;
; leds_export[18]                                  ; 2.5 V        ; 0 s                 ; 0 s                 ; 2.32 V                       ; 1.33e-08 V                   ; 2.36 V              ; -0.0253 V           ; 0.132 V                              ; 0.078 V                              ; 4.45e-10 s                  ; 4.26e-10 s                  ; No                         ; Yes                        ; 2.32 V                      ; 1.33e-08 V                  ; 2.36 V             ; -0.0253 V          ; 0.132 V                             ; 0.078 V                             ; 4.45e-10 s                 ; 4.26e-10 s                 ; No                        ; Yes                       ;
; leds_export[19]                                  ; 2.5 V        ; 0 s                 ; 0 s                 ; 2.32 V                       ; 1.56e-08 V                   ; 2.43 V              ; -0.0617 V           ; 0.35 V                               ; 0.107 V                              ; 3.1e-10 s                   ; 4.28e-10 s                  ; No                         ; No                         ; 2.32 V                      ; 1.56e-08 V                  ; 2.43 V             ; -0.0617 V          ; 0.35 V                              ; 0.107 V                             ; 3.1e-10 s                  ; 4.28e-10 s                 ; No                        ; No                        ;
; leds_export[20]                                  ; 2.5 V        ; 0 s                 ; 0 s                 ; 2.32 V                       ; 1.33e-08 V                   ; 2.36 V              ; -0.0253 V           ; 0.132 V                              ; 0.078 V                              ; 4.45e-10 s                  ; 4.26e-10 s                  ; No                         ; Yes                        ; 2.32 V                      ; 1.33e-08 V                  ; 2.36 V             ; -0.0253 V          ; 0.132 V                             ; 0.078 V                             ; 4.45e-10 s                 ; 4.26e-10 s                 ; No                        ; Yes                       ;
; leds_export[21]                                  ; 2.5 V        ; 0 s                 ; 0 s                 ; 2.32 V                       ; 1.6e-08 V                    ; 2.42 V              ; -0.0509 V           ; 0.197 V                              ; 0.118 V                              ; 4.57e-10 s                  ; 4.47e-10 s                  ; No                         ; Yes                        ; 2.32 V                      ; 1.6e-08 V                   ; 2.42 V             ; -0.0509 V          ; 0.197 V                             ; 0.118 V                             ; 4.57e-10 s                 ; 4.47e-10 s                 ; No                        ; Yes                       ;
; leds_export[22]                                  ; 2.5 V        ; 0 s                 ; 0 s                 ; 2.32 V                       ; 1.56e-08 V                   ; 2.43 V              ; -0.0607 V           ; 0.35 V                               ; 0.108 V                              ; 3.1e-10 s                   ; 4.28e-10 s                  ; No                         ; No                         ; 2.32 V                      ; 1.56e-08 V                  ; 2.43 V             ; -0.0607 V          ; 0.35 V                              ; 0.108 V                             ; 3.1e-10 s                  ; 4.28e-10 s                 ; No                        ; No                        ;
; leds_export[23]                                  ; 2.5 V        ; 0 s                 ; 0 s                 ; 2.32 V                       ; 1.56e-08 V                   ; 2.43 V              ; -0.0607 V           ; 0.35 V                               ; 0.108 V                              ; 3.1e-10 s                   ; 4.28e-10 s                  ; No                         ; No                         ; 2.32 V                      ; 1.56e-08 V                  ; 2.43 V             ; -0.0607 V          ; 0.35 V                              ; 0.108 V                             ; 3.1e-10 s                  ; 4.28e-10 s                 ; No                        ; No                        ;
; leds_export[24]                                  ; 2.5 V        ; 0 s                 ; 0 s                 ; 2.32 V                       ; 1.6e-08 V                    ; 2.42 V              ; -0.0509 V           ; 0.197 V                              ; 0.118 V                              ; 4.57e-10 s                  ; 4.47e-10 s                  ; No                         ; Yes                        ; 2.32 V                      ; 1.6e-08 V                   ; 2.42 V             ; -0.0509 V          ; 0.197 V                             ; 0.118 V                             ; 4.57e-10 s                 ; 4.47e-10 s                 ; No                        ; Yes                       ;
; leds_export[25]                                  ; 2.5 V        ; 0 s                 ; 0 s                 ; 2.32 V                       ; 1.56e-08 V                   ; 2.43 V              ; -0.0617 V           ; 0.35 V                               ; 0.107 V                              ; 3.1e-10 s                   ; 4.28e-10 s                  ; No                         ; No                         ; 2.32 V                      ; 1.56e-08 V                  ; 2.43 V             ; -0.0617 V          ; 0.35 V                              ; 0.107 V                             ; 3.1e-10 s                  ; 4.28e-10 s                 ; No                        ; No                        ;
; leds_export[26]                                  ; 2.5 V        ; 0 s                 ; 0 s                 ; 2.32 V                       ; 1.56e-08 V                   ; 2.43 V              ; -0.0617 V           ; 0.35 V                               ; 0.107 V                              ; 3.1e-10 s                   ; 4.28e-10 s                  ; No                         ; No                         ; 2.32 V                      ; 1.56e-08 V                  ; 2.43 V             ; -0.0617 V          ; 0.35 V                              ; 0.107 V                             ; 3.1e-10 s                  ; 4.28e-10 s                 ; No                        ; No                        ;
; leds_export[27]                                  ; 2.5 V        ; 0 s                 ; 0 s                 ; 2.32 V                       ; 1.6e-08 V                    ; 2.42 V              ; -0.0509 V           ; 0.197 V                              ; 0.118 V                              ; 4.57e-10 s                  ; 4.47e-10 s                  ; No                         ; Yes                        ; 2.32 V                      ; 1.6e-08 V                   ; 2.42 V             ; -0.0509 V          ; 0.197 V                             ; 0.118 V                             ; 4.57e-10 s                 ; 4.47e-10 s                 ; No                        ; Yes                       ;
; leds_export[28]                                  ; 2.5 V        ; 0 s                 ; 0 s                 ; 2.32 V                       ; 1.56e-08 V                   ; 2.43 V              ; -0.0617 V           ; 0.35 V                               ; 0.107 V                              ; 3.1e-10 s                   ; 4.28e-10 s                  ; No                         ; No                         ; 2.32 V                      ; 1.56e-08 V                  ; 2.43 V             ; -0.0617 V          ; 0.35 V                              ; 0.107 V                             ; 3.1e-10 s                  ; 4.28e-10 s                 ; No                        ; No                        ;
; leds_export[29]                                  ; 2.5 V        ; 0 s                 ; 0 s                 ; 2.32 V                       ; 1.6e-08 V                    ; 2.42 V              ; -0.0509 V           ; 0.197 V                              ; 0.118 V                              ; 4.57e-10 s                  ; 4.47e-10 s                  ; No                         ; Yes                        ; 2.32 V                      ; 1.6e-08 V                   ; 2.42 V             ; -0.0509 V          ; 0.197 V                             ; 0.118 V                             ; 4.57e-10 s                 ; 4.47e-10 s                 ; No                        ; Yes                       ;
; leds_export[30]                                  ; 2.5 V        ; 0 s                 ; 0 s                 ; 2.32 V                       ; 1.33e-08 V                   ; 2.36 V              ; -0.0253 V           ; 0.132 V                              ; 0.078 V                              ; 4.45e-10 s                  ; 4.26e-10 s                  ; No                         ; Yes                        ; 2.32 V                      ; 1.33e-08 V                  ; 2.36 V             ; -0.0253 V          ; 0.132 V                             ; 0.078 V                             ; 4.45e-10 s                 ; 4.26e-10 s                 ; No                        ; Yes                       ;
; leds_export[31]                                  ; 2.5 V        ; 0 s                 ; 0 s                 ; 2.32 V                       ; 1.33e-08 V                   ; 2.36 V              ; -0.0253 V           ; 0.132 V                              ; 0.078 V                              ; 4.45e-10 s                  ; 4.26e-10 s                  ; No                         ; Yes                        ; 2.32 V                      ; 1.33e-08 V                  ; 2.36 V             ; -0.0253 V          ; 0.132 V                             ; 0.078 V                             ; 4.45e-10 s                 ; 4.26e-10 s                 ; No                        ; Yes                       ;
; audio_and_video_config_0_external_interface_SDAT ; 2.5 V        ; 0 s                 ; 0 s                 ; 2.32 V                       ; 1.6e-08 V                    ; 2.42 V              ; -0.0509 V           ; 0.197 V                              ; 0.118 V                              ; 4.57e-10 s                  ; 4.47e-10 s                  ; No                         ; Yes                        ; 2.32 V                      ; 1.6e-08 V                   ; 2.42 V             ; -0.0509 V          ; 0.197 V                             ; 0.118 V                             ; 4.57e-10 s                 ; 4.47e-10 s                 ; No                        ; Yes                       ;
; altera_reserved_tdo                              ; 2.5 V        ; 0 s                 ; 0 s                 ; 2.32 V                       ; 1.43e-08 V                   ; 2.42 V              ; -0.071 V            ; 0.326 V                              ; 0.112 V                              ; 3.19e-10 s                  ; 4.21e-10 s                  ; No                         ; No                         ; 2.32 V                      ; 1.43e-08 V                  ; 2.42 V             ; -0.071 V           ; 0.326 V                             ; 0.112 V                             ; 3.19e-10 s                 ; 4.21e-10 s                 ; No                        ; No                        ;
+--------------------------------------------------+--------------+---------------------+---------------------+------------------------------+------------------------------+---------------------+---------------------+--------------------------------------+--------------------------------------+-----------------------------+-----------------------------+----------------------------+----------------------------+-----------------------------+-----------------------------+--------------------+--------------------+-------------------------------------+-------------------------------------+----------------------------+----------------------------+---------------------------+---------------------------+


+-------------------------------------------------------------------------------------------------------------------------------------------------------------------------------------------------------------------------------------------------------------------------------------------------------------------------------------------------------------------------------------------------------------------------------------------------------------------------------------------------------------------------------------------------------------------------------------------------------------------------------------------------------------------------------------------------------------------------------+
; Signal Integrity Metrics (Slow 1100mv 100c Model)                                                                                                                                                                                                                                                                                                                                                                                                                                                                                                                                                                                                                                                                             ;
+--------------------------------------------------+--------------+---------------------+---------------------+------------------------------+------------------------------+---------------------+---------------------+--------------------------------------+--------------------------------------+-----------------------------+-----------------------------+----------------------------+----------------------------+-----------------------------+-----------------------------+--------------------+--------------------+-------------------------------------+-------------------------------------+----------------------------+----------------------------+---------------------------+---------------------------+
; Pin                                              ; I/O Standard ; Board Delay on Rise ; Board Delay on Fall ; Steady State Voh at FPGA Pin ; Steady State Vol at FPGA Pin ; Voh Max at FPGA Pin ; Vol Min at FPGA Pin ; Ringback Voltage on Rise at FPGA Pin ; Ringback Voltage on Fall at FPGA Pin ; 10-90 Rise Time at FPGA Pin ; 90-10 Fall Time at FPGA Pin ; Monotonic Rise at FPGA Pin ; Monotonic Fall at FPGA Pin ; Steady State Voh at Far-end ; Steady State Vol at Far-end ; Voh Max at Far-end ; Vol Min at Far-end ; Ringback Voltage on Rise at Far-end ; Ringback Voltage on Fall at Far-end ; 10-90 Rise Time at Far-end ; 90-10 Fall Time at Far-end ; Monotonic Rise at Far-end ; Monotonic Fall at Far-end ;
+--------------------------------------------------+--------------+---------------------+---------------------+------------------------------+------------------------------+---------------------+---------------------+--------------------------------------+--------------------------------------+-----------------------------+-----------------------------+----------------------------+----------------------------+-----------------------------+-----------------------------+--------------------+--------------------+-------------------------------------+-------------------------------------+----------------------------+----------------------------+---------------------------+---------------------------+
; audio_0_external_interface_DACDAT                ; 2.5 V        ; 0 s                 ; 0 s                 ; 2.32 V                       ; 4.81e-05 V                   ; 2.37 V              ; -0.0242 V           ; 0.257 V                              ; 0.097 V                              ; 5.03e-10 s                  ; 6.18e-10 s                  ; No                         ; Yes                        ; 2.32 V                      ; 4.81e-05 V                  ; 2.37 V             ; -0.0242 V          ; 0.257 V                             ; 0.097 V                             ; 5.03e-10 s                 ; 6.18e-10 s                 ; No                        ; Yes                       ;
; audio_and_video_config_0_external_interface_SCLK ; 2.5 V        ; 0 s                 ; 0 s                 ; 2.32 V                       ; 4.28e-05 V                   ; 2.34 V              ; -0.00773 V          ; 0.214 V                              ; 0.065 V                              ; 5.06e-10 s                  ; 5.4e-10 s                   ; Yes                        ; Yes                        ; 2.32 V                      ; 4.28e-05 V                  ; 2.34 V             ; -0.00773 V         ; 0.214 V                             ; 0.065 V                             ; 5.06e-10 s                 ; 5.4e-10 s                  ; Yes                       ; Yes                       ;
; audio_pll_0_audio_clk_clk                        ; 2.5 V        ; 0 s                 ; 0 s                 ; 2.32 V                       ; 4.73e-05 V                   ; 2.38 V              ; -0.0301 V           ; 0.21 V                               ; 0.2 V                                ; 4.78e-10 s                  ; 4.96e-10 s                  ; No                         ; Yes                        ; 2.32 V                      ; 4.73e-05 V                  ; 2.38 V             ; -0.0301 V          ; 0.21 V                              ; 0.2 V                               ; 4.78e-10 s                 ; 4.96e-10 s                 ; No                        ; Yes                       ;
; leds_export[0]                                   ; 2.5 V        ; 0 s                 ; 0 s                 ; 2.32 V                       ; 4.81e-05 V                   ; 2.37 V              ; -0.0242 V           ; 0.257 V                              ; 0.097 V                              ; 5.03e-10 s                  ; 6.18e-10 s                  ; No                         ; Yes                        ; 2.32 V                      ; 4.81e-05 V                  ; 2.37 V             ; -0.0242 V          ; 0.257 V                             ; 0.097 V                             ; 5.03e-10 s                 ; 6.18e-10 s                 ; No                        ; Yes                       ;
; leds_export[1]                                   ; 2.5 V        ; 0 s                 ; 0 s                 ; 2.32 V                       ; 4.73e-05 V                   ; 2.38 V              ; -0.0301 V           ; 0.21 V                               ; 0.2 V                                ; 4.78e-10 s                  ; 4.96e-10 s                  ; No                         ; Yes                        ; 2.32 V                      ; 4.73e-05 V                  ; 2.38 V             ; -0.0301 V          ; 0.21 V                              ; 0.2 V                               ; 4.78e-10 s                 ; 4.96e-10 s                 ; No                        ; Yes                       ;
; leds_export[2]                                   ; 2.5 V        ; 0 s                 ; 0 s                 ; 2.32 V                       ; 4.73e-05 V                   ; 2.38 V              ; -0.0297 V           ; 0.21 V                               ; 0.199 V                              ; 4.77e-10 s                  ; 4.97e-10 s                  ; No                         ; Yes                        ; 2.32 V                      ; 4.73e-05 V                  ; 2.38 V             ; -0.0297 V          ; 0.21 V                              ; 0.199 V                             ; 4.77e-10 s                 ; 4.97e-10 s                 ; No                        ; Yes                       ;
; leds_export[3]                                   ; 2.5 V        ; 0 s                 ; 0 s                 ; 2.32 V                       ; 4.81e-05 V                   ; 2.37 V              ; -0.0242 V           ; 0.257 V                              ; 0.097 V                              ; 5.03e-10 s                  ; 6.18e-10 s                  ; No                         ; Yes                        ; 2.32 V                      ; 4.81e-05 V                  ; 2.37 V             ; -0.0242 V          ; 0.257 V                             ; 0.097 V                             ; 5.03e-10 s                 ; 6.18e-10 s                 ; No                        ; Yes                       ;
; leds_export[4]                                   ; 2.5 V        ; 0 s                 ; 0 s                 ; 2.32 V                       ; 4.81e-05 V                   ; 2.37 V              ; -0.0242 V           ; 0.257 V                              ; 0.097 V                              ; 5.03e-10 s                  ; 6.18e-10 s                  ; No                         ; Yes                        ; 2.32 V                      ; 4.81e-05 V                  ; 2.37 V             ; -0.0242 V          ; 0.257 V                             ; 0.097 V                             ; 5.03e-10 s                 ; 6.18e-10 s                 ; No                        ; Yes                       ;
; leds_export[5]                                   ; 2.5 V        ; 0 s                 ; 0 s                 ; 2.32 V                       ; 4.81e-05 V                   ; 2.37 V              ; -0.0242 V           ; 0.257 V                              ; 0.097 V                              ; 5.03e-10 s                  ; 6.18e-10 s                  ; No                         ; Yes                        ; 2.32 V                      ; 4.81e-05 V                  ; 2.37 V             ; -0.0242 V          ; 0.257 V                             ; 0.097 V                             ; 5.03e-10 s                 ; 6.18e-10 s                 ; No                        ; Yes                       ;
; leds_export[6]                                   ; 2.5 V        ; 0 s                 ; 0 s                 ; 2.32 V                       ; 4.73e-05 V                   ; 2.38 V              ; -0.0301 V           ; 0.21 V                               ; 0.2 V                                ; 4.78e-10 s                  ; 4.96e-10 s                  ; No                         ; Yes                        ; 2.32 V                      ; 4.73e-05 V                  ; 2.38 V             ; -0.0301 V          ; 0.21 V                              ; 0.2 V                               ; 4.78e-10 s                 ; 4.96e-10 s                 ; No                        ; Yes                       ;
; leds_export[7]                                   ; 2.5 V        ; 0 s                 ; 0 s                 ; 2.32 V                       ; 4.73e-05 V                   ; 2.38 V              ; -0.0301 V           ; 0.21 V                               ; 0.2 V                                ; 4.78e-10 s                  ; 4.96e-10 s                  ; No                         ; Yes                        ; 2.32 V                      ; 4.73e-05 V                  ; 2.38 V             ; -0.0301 V          ; 0.21 V                              ; 0.2 V                               ; 4.78e-10 s                 ; 4.96e-10 s                 ; No                        ; Yes                       ;
; leds_export[8]                                   ; 2.5 V        ; 0 s                 ; 0 s                 ; 2.32 V                       ; 4.28e-05 V                   ; 2.34 V              ; -0.00773 V          ; 0.214 V                              ; 0.065 V                              ; 5.06e-10 s                  ; 5.4e-10 s                   ; Yes                        ; Yes                        ; 2.32 V                      ; 4.28e-05 V                  ; 2.34 V             ; -0.00773 V         ; 0.214 V                             ; 0.065 V                             ; 5.06e-10 s                 ; 5.4e-10 s                  ; Yes                       ; Yes                       ;
; leds_export[9]                                   ; 2.5 V        ; 0 s                 ; 0 s                 ; 2.32 V                       ; 4.73e-05 V                   ; 2.38 V              ; -0.0301 V           ; 0.21 V                               ; 0.2 V                                ; 4.78e-10 s                  ; 4.96e-10 s                  ; No                         ; Yes                        ; 2.32 V                      ; 4.73e-05 V                  ; 2.38 V             ; -0.0301 V          ; 0.21 V                              ; 0.2 V                               ; 4.78e-10 s                 ; 4.96e-10 s                 ; No                        ; Yes                       ;
; leds_export[10]                                  ; 2.5 V        ; 0 s                 ; 0 s                 ; 2.32 V                       ; 4.28e-05 V                   ; 2.34 V              ; -0.00773 V          ; 0.214 V                              ; 0.065 V                              ; 5.06e-10 s                  ; 5.4e-10 s                   ; Yes                        ; Yes                        ; 2.32 V                      ; 4.28e-05 V                  ; 2.34 V             ; -0.00773 V         ; 0.214 V                             ; 0.065 V                             ; 5.06e-10 s                 ; 5.4e-10 s                  ; Yes                       ; Yes                       ;
; leds_export[11]                                  ; 2.5 V        ; 0 s                 ; 0 s                 ; 2.32 V                       ; 4.28e-05 V                   ; 2.34 V              ; -0.00773 V          ; 0.214 V                              ; 0.065 V                              ; 5.06e-10 s                  ; 5.4e-10 s                   ; Yes                        ; Yes                        ; 2.32 V                      ; 4.28e-05 V                  ; 2.34 V             ; -0.00773 V         ; 0.214 V                             ; 0.065 V                             ; 5.06e-10 s                 ; 5.4e-10 s                  ; Yes                       ; Yes                       ;
; leds_export[12]                                  ; 2.5 V        ; 0 s                 ; 0 s                 ; 2.32 V                       ; 4.73e-05 V                   ; 2.38 V              ; -0.0301 V           ; 0.21 V                               ; 0.2 V                                ; 4.78e-10 s                  ; 4.96e-10 s                  ; No                         ; Yes                        ; 2.32 V                      ; 4.73e-05 V                  ; 2.38 V             ; -0.0301 V          ; 0.21 V                              ; 0.2 V                               ; 4.78e-10 s                 ; 4.96e-10 s                 ; No                        ; Yes                       ;
; leds_export[13]                                  ; 2.5 V        ; 0 s                 ; 0 s                 ; 2.32 V                       ; 4.73e-05 V                   ; 2.38 V              ; -0.0301 V           ; 0.21 V                               ; 0.2 V                                ; 4.78e-10 s                  ; 4.96e-10 s                  ; No                         ; Yes                        ; 2.32 V                      ; 4.73e-05 V                  ; 2.38 V             ; -0.0301 V          ; 0.21 V                              ; 0.2 V                               ; 4.78e-10 s                 ; 4.96e-10 s                 ; No                        ; Yes                       ;
; leds_export[14]                                  ; 2.5 V        ; 0 s                 ; 0 s                 ; 2.32 V                       ; 4.73e-05 V                   ; 2.38 V              ; -0.0301 V           ; 0.21 V                               ; 0.2 V                                ; 4.78e-10 s                  ; 4.96e-10 s                  ; No                         ; Yes                        ; 2.32 V                      ; 4.73e-05 V                  ; 2.38 V             ; -0.0301 V          ; 0.21 V                              ; 0.2 V                               ; 4.78e-10 s                 ; 4.96e-10 s                 ; No                        ; Yes                       ;
; leds_export[15]                                  ; 2.5 V        ; 0 s                 ; 0 s                 ; 2.32 V                       ; 4.73e-05 V                   ; 2.38 V              ; -0.0301 V           ; 0.21 V                               ; 0.2 V                                ; 4.78e-10 s                  ; 4.96e-10 s                  ; No                         ; Yes                        ; 2.32 V                      ; 4.73e-05 V                  ; 2.38 V             ; -0.0301 V          ; 0.21 V                              ; 0.2 V                               ; 4.78e-10 s                 ; 4.96e-10 s                 ; No                        ; Yes                       ;
; leds_export[16]                                  ; 2.5 V        ; 0 s                 ; 0 s                 ; 2.32 V                       ; 4.28e-05 V                   ; 2.34 V              ; -0.00773 V          ; 0.214 V                              ; 0.065 V                              ; 5.06e-10 s                  ; 5.4e-10 s                   ; Yes                        ; Yes                        ; 2.32 V                      ; 4.28e-05 V                  ; 2.34 V             ; -0.00773 V         ; 0.214 V                             ; 0.065 V                             ; 5.06e-10 s                 ; 5.4e-10 s                  ; Yes                       ; Yes                       ;
; leds_export[17]                                  ; 2.5 V        ; 0 s                 ; 0 s                 ; 2.32 V                       ; 4.73e-05 V                   ; 2.38 V              ; -0.0301 V           ; 0.21 V                               ; 0.2 V                                ; 4.78e-10 s                  ; 4.96e-10 s                  ; No                         ; Yes                        ; 2.32 V                      ; 4.73e-05 V                  ; 2.38 V             ; -0.0301 V          ; 0.21 V                              ; 0.2 V                               ; 4.78e-10 s                 ; 4.96e-10 s                 ; No                        ; Yes                       ;
; leds_export[18]                                  ; 2.5 V        ; 0 s                 ; 0 s                 ; 2.32 V                       ; 4.28e-05 V                   ; 2.34 V              ; -0.00773 V          ; 0.214 V                              ; 0.065 V                              ; 5.06e-10 s                  ; 5.4e-10 s                   ; Yes                        ; Yes                        ; 2.32 V                      ; 4.28e-05 V                  ; 2.34 V             ; -0.00773 V         ; 0.214 V                             ; 0.065 V                             ; 5.06e-10 s                 ; 5.4e-10 s                  ; Yes                       ; Yes                       ;
; leds_export[19]                                  ; 2.5 V        ; 0 s                 ; 0 s                 ; 2.32 V                       ; 4.73e-05 V                   ; 2.38 V              ; -0.0301 V           ; 0.21 V                               ; 0.2 V                                ; 4.78e-10 s                  ; 4.96e-10 s                  ; No                         ; Yes                        ; 2.32 V                      ; 4.73e-05 V                  ; 2.38 V             ; -0.0301 V          ; 0.21 V                              ; 0.2 V                               ; 4.78e-10 s                 ; 4.96e-10 s                 ; No                        ; Yes                       ;
; leds_export[20]                                  ; 2.5 V        ; 0 s                 ; 0 s                 ; 2.32 V                       ; 4.28e-05 V                   ; 2.34 V              ; -0.00773 V          ; 0.214 V                              ; 0.065 V                              ; 5.06e-10 s                  ; 5.4e-10 s                   ; Yes                        ; Yes                        ; 2.32 V                      ; 4.28e-05 V                  ; 2.34 V             ; -0.00773 V         ; 0.214 V                             ; 0.065 V                             ; 5.06e-10 s                 ; 5.4e-10 s                  ; Yes                       ; Yes                       ;
; leds_export[21]                                  ; 2.5 V        ; 0 s                 ; 0 s                 ; 2.32 V                       ; 4.81e-05 V                   ; 2.37 V              ; -0.0242 V           ; 0.257 V                              ; 0.097 V                              ; 5.03e-10 s                  ; 6.18e-10 s                  ; No                         ; Yes                        ; 2.32 V                      ; 4.81e-05 V                  ; 2.37 V             ; -0.0242 V          ; 0.257 V                             ; 0.097 V                             ; 5.03e-10 s                 ; 6.18e-10 s                 ; No                        ; Yes                       ;
; leds_export[22]                                  ; 2.5 V        ; 0 s                 ; 0 s                 ; 2.32 V                       ; 4.73e-05 V                   ; 2.38 V              ; -0.0297 V           ; 0.21 V                               ; 0.199 V                              ; 4.77e-10 s                  ; 4.97e-10 s                  ; No                         ; Yes                        ; 2.32 V                      ; 4.73e-05 V                  ; 2.38 V             ; -0.0297 V          ; 0.21 V                              ; 0.199 V                             ; 4.77e-10 s                 ; 4.97e-10 s                 ; No                        ; Yes                       ;
; leds_export[23]                                  ; 2.5 V        ; 0 s                 ; 0 s                 ; 2.32 V                       ; 4.73e-05 V                   ; 2.38 V              ; -0.0297 V           ; 0.21 V                               ; 0.199 V                              ; 4.77e-10 s                  ; 4.97e-10 s                  ; No                         ; Yes                        ; 2.32 V                      ; 4.73e-05 V                  ; 2.38 V             ; -0.0297 V          ; 0.21 V                              ; 0.199 V                             ; 4.77e-10 s                 ; 4.97e-10 s                 ; No                        ; Yes                       ;
; leds_export[24]                                  ; 2.5 V        ; 0 s                 ; 0 s                 ; 2.32 V                       ; 4.81e-05 V                   ; 2.37 V              ; -0.0242 V           ; 0.257 V                              ; 0.097 V                              ; 5.03e-10 s                  ; 6.18e-10 s                  ; No                         ; Yes                        ; 2.32 V                      ; 4.81e-05 V                  ; 2.37 V             ; -0.0242 V          ; 0.257 V                             ; 0.097 V                             ; 5.03e-10 s                 ; 6.18e-10 s                 ; No                        ; Yes                       ;
; leds_export[25]                                  ; 2.5 V        ; 0 s                 ; 0 s                 ; 2.32 V                       ; 4.73e-05 V                   ; 2.38 V              ; -0.0301 V           ; 0.21 V                               ; 0.2 V                                ; 4.78e-10 s                  ; 4.96e-10 s                  ; No                         ; Yes                        ; 2.32 V                      ; 4.73e-05 V                  ; 2.38 V             ; -0.0301 V          ; 0.21 V                              ; 0.2 V                               ; 4.78e-10 s                 ; 4.96e-10 s                 ; No                        ; Yes                       ;
; leds_export[26]                                  ; 2.5 V        ; 0 s                 ; 0 s                 ; 2.32 V                       ; 4.73e-05 V                   ; 2.38 V              ; -0.0301 V           ; 0.21 V                               ; 0.2 V                                ; 4.78e-10 s                  ; 4.96e-10 s                  ; No                         ; Yes                        ; 2.32 V                      ; 4.73e-05 V                  ; 2.38 V             ; -0.0301 V          ; 0.21 V                              ; 0.2 V                               ; 4.78e-10 s                 ; 4.96e-10 s                 ; No                        ; Yes                       ;
; leds_export[27]                                  ; 2.5 V        ; 0 s                 ; 0 s                 ; 2.32 V                       ; 4.81e-05 V                   ; 2.37 V              ; -0.0242 V           ; 0.257 V                              ; 0.097 V                              ; 5.03e-10 s                  ; 6.18e-10 s                  ; No                         ; Yes                        ; 2.32 V                      ; 4.81e-05 V                  ; 2.37 V             ; -0.0242 V          ; 0.257 V                             ; 0.097 V                             ; 5.03e-10 s                 ; 6.18e-10 s                 ; No                        ; Yes                       ;
; leds_export[28]                                  ; 2.5 V        ; 0 s                 ; 0 s                 ; 2.32 V                       ; 4.73e-05 V                   ; 2.38 V              ; -0.0301 V           ; 0.21 V                               ; 0.2 V                                ; 4.78e-10 s                  ; 4.96e-10 s                  ; No                         ; Yes                        ; 2.32 V                      ; 4.73e-05 V                  ; 2.38 V             ; -0.0301 V          ; 0.21 V                              ; 0.2 V                               ; 4.78e-10 s                 ; 4.96e-10 s                 ; No                        ; Yes                       ;
; leds_export[29]                                  ; 2.5 V        ; 0 s                 ; 0 s                 ; 2.32 V                       ; 4.81e-05 V                   ; 2.37 V              ; -0.0242 V           ; 0.257 V                              ; 0.097 V                              ; 5.03e-10 s                  ; 6.18e-10 s                  ; No                         ; Yes                        ; 2.32 V                      ; 4.81e-05 V                  ; 2.37 V             ; -0.0242 V          ; 0.257 V                             ; 0.097 V                             ; 5.03e-10 s                 ; 6.18e-10 s                 ; No                        ; Yes                       ;
; leds_export[30]                                  ; 2.5 V        ; 0 s                 ; 0 s                 ; 2.32 V                       ; 4.28e-05 V                   ; 2.34 V              ; -0.00773 V          ; 0.214 V                              ; 0.065 V                              ; 5.06e-10 s                  ; 5.4e-10 s                   ; Yes                        ; Yes                        ; 2.32 V                      ; 4.28e-05 V                  ; 2.34 V             ; -0.00773 V         ; 0.214 V                             ; 0.065 V                             ; 5.06e-10 s                 ; 5.4e-10 s                  ; Yes                       ; Yes                       ;
; leds_export[31]                                  ; 2.5 V        ; 0 s                 ; 0 s                 ; 2.32 V                       ; 4.28e-05 V                   ; 2.34 V              ; -0.00773 V          ; 0.214 V                              ; 0.065 V                              ; 5.06e-10 s                  ; 5.4e-10 s                   ; Yes                        ; Yes                        ; 2.32 V                      ; 4.28e-05 V                  ; 2.34 V             ; -0.00773 V         ; 0.214 V                             ; 0.065 V                             ; 5.06e-10 s                 ; 5.4e-10 s                  ; Yes                       ; Yes                       ;
; audio_and_video_config_0_external_interface_SDAT ; 2.5 V        ; 0 s                 ; 0 s                 ; 2.32 V                       ; 4.81e-05 V                   ; 2.37 V              ; -0.0242 V           ; 0.257 V                              ; 0.097 V                              ; 5.03e-10 s                  ; 6.18e-10 s                  ; No                         ; Yes                        ; 2.32 V                      ; 4.81e-05 V                  ; 2.37 V             ; -0.0242 V          ; 0.257 V                             ; 0.097 V                             ; 5.03e-10 s                 ; 6.18e-10 s                 ; No                        ; Yes                       ;
; altera_reserved_tdo                              ; 2.5 V        ; 0 s                 ; 0 s                 ; 2.32 V                       ; 4.24e-05 V                   ; 2.37 V              ; -0.0352 V           ; 0.187 V                              ; 0.171 V                              ; 4.84e-10 s                  ; 4.76e-10 s                  ; Yes                        ; Yes                        ; 2.32 V                      ; 4.24e-05 V                  ; 2.37 V             ; -0.0352 V          ; 0.187 V                             ; 0.171 V                             ; 4.84e-10 s                 ; 4.76e-10 s                 ; Yes                       ; Yes                       ;
+--------------------------------------------------+--------------+---------------------+---------------------+------------------------------+------------------------------+---------------------+---------------------+--------------------------------------+--------------------------------------+-----------------------------+-----------------------------+----------------------------+----------------------------+-----------------------------+-----------------------------+--------------------+--------------------+-------------------------------------+-------------------------------------+----------------------------+----------------------------+---------------------------+---------------------------+


+-------------------------------------------------------------------------------------------------------------------------------------------------------------------------------------------------------------------------------------------------------------------------------------------------------------------------------------------------------------------------------------------------------------------------------------------------------------------------------------------------------------------------------------------------------------------------------------------------------------------------------------------------------------------------------------------------------------------------------+
; Signal Integrity Metrics (Fast 1100mv n40c Model)                                                                                                                                                                                                                                                                                                                                                                                                                                                                                                                                                                                                                                                                             ;
+--------------------------------------------------+--------------+---------------------+---------------------+------------------------------+------------------------------+---------------------+---------------------+--------------------------------------+--------------------------------------+-----------------------------+-----------------------------+----------------------------+----------------------------+-----------------------------+-----------------------------+--------------------+--------------------+-------------------------------------+-------------------------------------+----------------------------+----------------------------+---------------------------+---------------------------+
; Pin                                              ; I/O Standard ; Board Delay on Rise ; Board Delay on Fall ; Steady State Voh at FPGA Pin ; Steady State Vol at FPGA Pin ; Voh Max at FPGA Pin ; Vol Min at FPGA Pin ; Ringback Voltage on Rise at FPGA Pin ; Ringback Voltage on Fall at FPGA Pin ; 10-90 Rise Time at FPGA Pin ; 90-10 Fall Time at FPGA Pin ; Monotonic Rise at FPGA Pin ; Monotonic Fall at FPGA Pin ; Steady State Voh at Far-end ; Steady State Vol at Far-end ; Voh Max at Far-end ; Vol Min at Far-end ; Ringback Voltage on Rise at Far-end ; Ringback Voltage on Fall at Far-end ; 10-90 Rise Time at Far-end ; 90-10 Fall Time at Far-end ; Monotonic Rise at Far-end ; Monotonic Fall at Far-end ;
+--------------------------------------------------+--------------+---------------------+---------------------+------------------------------+------------------------------+---------------------+---------------------+--------------------------------------+--------------------------------------+-----------------------------+-----------------------------+----------------------------+----------------------------+-----------------------------+-----------------------------+--------------------+--------------------+-------------------------------------+-------------------------------------+----------------------------+----------------------------+---------------------------+---------------------------+
; audio_0_external_interface_DACDAT                ; 2.5 V        ; 0 s                 ; 0 s                 ; 2.75 V                       ; 2.45e-07 V                   ; 2.93 V              ; -0.127 V            ; 0.351 V                              ; 0.317 V                              ; 2.74e-10 s                  ; 2.82e-10 s                  ; No                         ; No                         ; 2.75 V                      ; 2.45e-07 V                  ; 2.93 V             ; -0.127 V           ; 0.351 V                             ; 0.317 V                             ; 2.74e-10 s                 ; 2.82e-10 s                 ; No                        ; No                        ;
; audio_and_video_config_0_external_interface_SCLK ; 2.5 V        ; 0 s                 ; 0 s                 ; 2.75 V                       ; 1.99e-07 V                   ; 2.83 V              ; -0.0718 V           ; 0.269 V                              ; 0.234 V                              ; 2.77e-10 s                  ; 2.75e-10 s                  ; Yes                        ; Yes                        ; 2.75 V                      ; 1.99e-07 V                  ; 2.83 V             ; -0.0718 V          ; 0.269 V                             ; 0.234 V                             ; 2.77e-10 s                 ; 2.75e-10 s                 ; Yes                       ; Yes                       ;
; audio_pll_0_audio_clk_clk                        ; 2.5 V        ; 0 s                 ; 0 s                 ; 2.75 V                       ; 2.38e-07 V                   ; 2.94 V              ; -0.135 V            ; 0.31 V                               ; 0.268 V                              ; 2.65e-10 s                  ; 2.64e-10 s                  ; No                         ; Yes                        ; 2.75 V                      ; 2.38e-07 V                  ; 2.94 V             ; -0.135 V           ; 0.31 V                              ; 0.268 V                             ; 2.65e-10 s                 ; 2.64e-10 s                 ; No                        ; Yes                       ;
; leds_export[0]                                   ; 2.5 V        ; 0 s                 ; 0 s                 ; 2.75 V                       ; 2.45e-07 V                   ; 2.93 V              ; -0.127 V            ; 0.351 V                              ; 0.317 V                              ; 2.74e-10 s                  ; 2.82e-10 s                  ; No                         ; No                         ; 2.75 V                      ; 2.45e-07 V                  ; 2.93 V             ; -0.127 V           ; 0.351 V                             ; 0.317 V                             ; 2.74e-10 s                 ; 2.82e-10 s                 ; No                        ; No                        ;
; leds_export[1]                                   ; 2.5 V        ; 0 s                 ; 0 s                 ; 2.75 V                       ; 2.38e-07 V                   ; 2.94 V              ; -0.135 V            ; 0.31 V                               ; 0.268 V                              ; 2.65e-10 s                  ; 2.64e-10 s                  ; No                         ; Yes                        ; 2.75 V                      ; 2.38e-07 V                  ; 2.94 V             ; -0.135 V           ; 0.31 V                              ; 0.268 V                             ; 2.65e-10 s                 ; 2.64e-10 s                 ; No                        ; Yes                       ;
; leds_export[2]                                   ; 2.5 V        ; 0 s                 ; 0 s                 ; 2.75 V                       ; 2.38e-07 V                   ; 2.94 V              ; -0.139 V            ; 0.31 V                               ; 0.268 V                              ; 2.65e-10 s                  ; 2.63e-10 s                  ; No                         ; Yes                        ; 2.75 V                      ; 2.38e-07 V                  ; 2.94 V             ; -0.139 V           ; 0.31 V                              ; 0.268 V                             ; 2.65e-10 s                 ; 2.63e-10 s                 ; No                        ; Yes                       ;
; leds_export[3]                                   ; 2.5 V        ; 0 s                 ; 0 s                 ; 2.75 V                       ; 2.45e-07 V                   ; 2.93 V              ; -0.127 V            ; 0.351 V                              ; 0.317 V                              ; 2.74e-10 s                  ; 2.82e-10 s                  ; No                         ; No                         ; 2.75 V                      ; 2.45e-07 V                  ; 2.93 V             ; -0.127 V           ; 0.351 V                             ; 0.317 V                             ; 2.74e-10 s                 ; 2.82e-10 s                 ; No                        ; No                        ;
; leds_export[4]                                   ; 2.5 V        ; 0 s                 ; 0 s                 ; 2.75 V                       ; 2.45e-07 V                   ; 2.93 V              ; -0.127 V            ; 0.351 V                              ; 0.317 V                              ; 2.74e-10 s                  ; 2.82e-10 s                  ; No                         ; No                         ; 2.75 V                      ; 2.45e-07 V                  ; 2.93 V             ; -0.127 V           ; 0.351 V                             ; 0.317 V                             ; 2.74e-10 s                 ; 2.82e-10 s                 ; No                        ; No                        ;
; leds_export[5]                                   ; 2.5 V        ; 0 s                 ; 0 s                 ; 2.75 V                       ; 2.45e-07 V                   ; 2.93 V              ; -0.127 V            ; 0.351 V                              ; 0.317 V                              ; 2.74e-10 s                  ; 2.82e-10 s                  ; No                         ; No                         ; 2.75 V                      ; 2.45e-07 V                  ; 2.93 V             ; -0.127 V           ; 0.351 V                             ; 0.317 V                             ; 2.74e-10 s                 ; 2.82e-10 s                 ; No                        ; No                        ;
; leds_export[6]                                   ; 2.5 V        ; 0 s                 ; 0 s                 ; 2.75 V                       ; 2.38e-07 V                   ; 2.94 V              ; -0.135 V            ; 0.31 V                               ; 0.268 V                              ; 2.65e-10 s                  ; 2.64e-10 s                  ; No                         ; Yes                        ; 2.75 V                      ; 2.38e-07 V                  ; 2.94 V             ; -0.135 V           ; 0.31 V                              ; 0.268 V                             ; 2.65e-10 s                 ; 2.64e-10 s                 ; No                        ; Yes                       ;
; leds_export[7]                                   ; 2.5 V        ; 0 s                 ; 0 s                 ; 2.75 V                       ; 2.38e-07 V                   ; 2.94 V              ; -0.135 V            ; 0.31 V                               ; 0.268 V                              ; 2.65e-10 s                  ; 2.64e-10 s                  ; No                         ; Yes                        ; 2.75 V                      ; 2.38e-07 V                  ; 2.94 V             ; -0.135 V           ; 0.31 V                              ; 0.268 V                             ; 2.65e-10 s                 ; 2.64e-10 s                 ; No                        ; Yes                       ;
; leds_export[8]                                   ; 2.5 V        ; 0 s                 ; 0 s                 ; 2.75 V                       ; 1.99e-07 V                   ; 2.83 V              ; -0.0718 V           ; 0.269 V                              ; 0.234 V                              ; 2.77e-10 s                  ; 2.75e-10 s                  ; Yes                        ; Yes                        ; 2.75 V                      ; 1.99e-07 V                  ; 2.83 V             ; -0.0718 V          ; 0.269 V                             ; 0.234 V                             ; 2.77e-10 s                 ; 2.75e-10 s                 ; Yes                       ; Yes                       ;
; leds_export[9]                                   ; 2.5 V        ; 0 s                 ; 0 s                 ; 2.75 V                       ; 2.38e-07 V                   ; 2.94 V              ; -0.135 V            ; 0.31 V                               ; 0.268 V                              ; 2.65e-10 s                  ; 2.64e-10 s                  ; No                         ; Yes                        ; 2.75 V                      ; 2.38e-07 V                  ; 2.94 V             ; -0.135 V           ; 0.31 V                              ; 0.268 V                             ; 2.65e-10 s                 ; 2.64e-10 s                 ; No                        ; Yes                       ;
; leds_export[10]                                  ; 2.5 V        ; 0 s                 ; 0 s                 ; 2.75 V                       ; 1.99e-07 V                   ; 2.83 V              ; -0.0718 V           ; 0.269 V                              ; 0.234 V                              ; 2.77e-10 s                  ; 2.75e-10 s                  ; Yes                        ; Yes                        ; 2.75 V                      ; 1.99e-07 V                  ; 2.83 V             ; -0.0718 V          ; 0.269 V                             ; 0.234 V                             ; 2.77e-10 s                 ; 2.75e-10 s                 ; Yes                       ; Yes                       ;
; leds_export[11]                                  ; 2.5 V        ; 0 s                 ; 0 s                 ; 2.75 V                       ; 1.99e-07 V                   ; 2.83 V              ; -0.0718 V           ; 0.269 V                              ; 0.234 V                              ; 2.77e-10 s                  ; 2.75e-10 s                  ; Yes                        ; Yes                        ; 2.75 V                      ; 1.99e-07 V                  ; 2.83 V             ; -0.0718 V          ; 0.269 V                             ; 0.234 V                             ; 2.77e-10 s                 ; 2.75e-10 s                 ; Yes                       ; Yes                       ;
; leds_export[12]                                  ; 2.5 V        ; 0 s                 ; 0 s                 ; 2.75 V                       ; 2.38e-07 V                   ; 2.94 V              ; -0.135 V            ; 0.31 V                               ; 0.268 V                              ; 2.65e-10 s                  ; 2.64e-10 s                  ; No                         ; Yes                        ; 2.75 V                      ; 2.38e-07 V                  ; 2.94 V             ; -0.135 V           ; 0.31 V                              ; 0.268 V                             ; 2.65e-10 s                 ; 2.64e-10 s                 ; No                        ; Yes                       ;
; leds_export[13]                                  ; 2.5 V        ; 0 s                 ; 0 s                 ; 2.75 V                       ; 2.38e-07 V                   ; 2.94 V              ; -0.135 V            ; 0.31 V                               ; 0.268 V                              ; 2.65e-10 s                  ; 2.64e-10 s                  ; No                         ; Yes                        ; 2.75 V                      ; 2.38e-07 V                  ; 2.94 V             ; -0.135 V           ; 0.31 V                              ; 0.268 V                             ; 2.65e-10 s                 ; 2.64e-10 s                 ; No                        ; Yes                       ;
; leds_export[14]                                  ; 2.5 V        ; 0 s                 ; 0 s                 ; 2.75 V                       ; 2.38e-07 V                   ; 2.94 V              ; -0.135 V            ; 0.31 V                               ; 0.268 V                              ; 2.65e-10 s                  ; 2.64e-10 s                  ; No                         ; Yes                        ; 2.75 V                      ; 2.38e-07 V                  ; 2.94 V             ; -0.135 V           ; 0.31 V                              ; 0.268 V                             ; 2.65e-10 s                 ; 2.64e-10 s                 ; No                        ; Yes                       ;
; leds_export[15]                                  ; 2.5 V        ; 0 s                 ; 0 s                 ; 2.75 V                       ; 2.38e-07 V                   ; 2.94 V              ; -0.135 V            ; 0.31 V                               ; 0.268 V                              ; 2.65e-10 s                  ; 2.64e-10 s                  ; No                         ; Yes                        ; 2.75 V                      ; 2.38e-07 V                  ; 2.94 V             ; -0.135 V           ; 0.31 V                              ; 0.268 V                             ; 2.65e-10 s                 ; 2.64e-10 s                 ; No                        ; Yes                       ;
; leds_export[16]                                  ; 2.5 V        ; 0 s                 ; 0 s                 ; 2.75 V                       ; 1.99e-07 V                   ; 2.83 V              ; -0.0718 V           ; 0.269 V                              ; 0.234 V                              ; 2.77e-10 s                  ; 2.75e-10 s                  ; Yes                        ; Yes                        ; 2.75 V                      ; 1.99e-07 V                  ; 2.83 V             ; -0.0718 V          ; 0.269 V                             ; 0.234 V                             ; 2.77e-10 s                 ; 2.75e-10 s                 ; Yes                       ; Yes                       ;
; leds_export[17]                                  ; 2.5 V        ; 0 s                 ; 0 s                 ; 2.75 V                       ; 2.38e-07 V                   ; 2.94 V              ; -0.135 V            ; 0.31 V                               ; 0.268 V                              ; 2.65e-10 s                  ; 2.64e-10 s                  ; No                         ; Yes                        ; 2.75 V                      ; 2.38e-07 V                  ; 2.94 V             ; -0.135 V           ; 0.31 V                              ; 0.268 V                             ; 2.65e-10 s                 ; 2.64e-10 s                 ; No                        ; Yes                       ;
; leds_export[18]                                  ; 2.5 V        ; 0 s                 ; 0 s                 ; 2.75 V                       ; 1.99e-07 V                   ; 2.83 V              ; -0.0718 V           ; 0.269 V                              ; 0.234 V                              ; 2.77e-10 s                  ; 2.75e-10 s                  ; Yes                        ; Yes                        ; 2.75 V                      ; 1.99e-07 V                  ; 2.83 V             ; -0.0718 V          ; 0.269 V                             ; 0.234 V                             ; 2.77e-10 s                 ; 2.75e-10 s                 ; Yes                       ; Yes                       ;
; leds_export[19]                                  ; 2.5 V        ; 0 s                 ; 0 s                 ; 2.75 V                       ; 2.38e-07 V                   ; 2.94 V              ; -0.135 V            ; 0.31 V                               ; 0.268 V                              ; 2.65e-10 s                  ; 2.64e-10 s                  ; No                         ; Yes                        ; 2.75 V                      ; 2.38e-07 V                  ; 2.94 V             ; -0.135 V           ; 0.31 V                              ; 0.268 V                             ; 2.65e-10 s                 ; 2.64e-10 s                 ; No                        ; Yes                       ;
; leds_export[20]                                  ; 2.5 V        ; 0 s                 ; 0 s                 ; 2.75 V                       ; 1.99e-07 V                   ; 2.83 V              ; -0.0718 V           ; 0.269 V                              ; 0.234 V                              ; 2.77e-10 s                  ; 2.75e-10 s                  ; Yes                        ; Yes                        ; 2.75 V                      ; 1.99e-07 V                  ; 2.83 V             ; -0.0718 V          ; 0.269 V                             ; 0.234 V                             ; 2.77e-10 s                 ; 2.75e-10 s                 ; Yes                       ; Yes                       ;
; leds_export[21]                                  ; 2.5 V        ; 0 s                 ; 0 s                 ; 2.75 V                       ; 2.45e-07 V                   ; 2.93 V              ; -0.127 V            ; 0.351 V                              ; 0.317 V                              ; 2.74e-10 s                  ; 2.82e-10 s                  ; No                         ; No                         ; 2.75 V                      ; 2.45e-07 V                  ; 2.93 V             ; -0.127 V           ; 0.351 V                             ; 0.317 V                             ; 2.74e-10 s                 ; 2.82e-10 s                 ; No                        ; No                        ;
; leds_export[22]                                  ; 2.5 V        ; 0 s                 ; 0 s                 ; 2.75 V                       ; 2.38e-07 V                   ; 2.94 V              ; -0.139 V            ; 0.31 V                               ; 0.268 V                              ; 2.65e-10 s                  ; 2.63e-10 s                  ; No                         ; Yes                        ; 2.75 V                      ; 2.38e-07 V                  ; 2.94 V             ; -0.139 V           ; 0.31 V                              ; 0.268 V                             ; 2.65e-10 s                 ; 2.63e-10 s                 ; No                        ; Yes                       ;
; leds_export[23]                                  ; 2.5 V        ; 0 s                 ; 0 s                 ; 2.75 V                       ; 2.38e-07 V                   ; 2.94 V              ; -0.139 V            ; 0.31 V                               ; 0.268 V                              ; 2.65e-10 s                  ; 2.63e-10 s                  ; No                         ; Yes                        ; 2.75 V                      ; 2.38e-07 V                  ; 2.94 V             ; -0.139 V           ; 0.31 V                              ; 0.268 V                             ; 2.65e-10 s                 ; 2.63e-10 s                 ; No                        ; Yes                       ;
; leds_export[24]                                  ; 2.5 V        ; 0 s                 ; 0 s                 ; 2.75 V                       ; 2.45e-07 V                   ; 2.93 V              ; -0.127 V            ; 0.351 V                              ; 0.317 V                              ; 2.74e-10 s                  ; 2.82e-10 s                  ; No                         ; No                         ; 2.75 V                      ; 2.45e-07 V                  ; 2.93 V             ; -0.127 V           ; 0.351 V                             ; 0.317 V                             ; 2.74e-10 s                 ; 2.82e-10 s                 ; No                        ; No                        ;
; leds_export[25]                                  ; 2.5 V        ; 0 s                 ; 0 s                 ; 2.75 V                       ; 2.38e-07 V                   ; 2.94 V              ; -0.135 V            ; 0.31 V                               ; 0.268 V                              ; 2.65e-10 s                  ; 2.64e-10 s                  ; No                         ; Yes                        ; 2.75 V                      ; 2.38e-07 V                  ; 2.94 V             ; -0.135 V           ; 0.31 V                              ; 0.268 V                             ; 2.65e-10 s                 ; 2.64e-10 s                 ; No                        ; Yes                       ;
; leds_export[26]                                  ; 2.5 V        ; 0 s                 ; 0 s                 ; 2.75 V                       ; 2.38e-07 V                   ; 2.94 V              ; -0.135 V            ; 0.31 V                               ; 0.268 V                              ; 2.65e-10 s                  ; 2.64e-10 s                  ; No                         ; Yes                        ; 2.75 V                      ; 2.38e-07 V                  ; 2.94 V             ; -0.135 V           ; 0.31 V                              ; 0.268 V                             ; 2.65e-10 s                 ; 2.64e-10 s                 ; No                        ; Yes                       ;
; leds_export[27]                                  ; 2.5 V        ; 0 s                 ; 0 s                 ; 2.75 V                       ; 2.45e-07 V                   ; 2.93 V              ; -0.127 V            ; 0.351 V                              ; 0.317 V                              ; 2.74e-10 s                  ; 2.82e-10 s                  ; No                         ; No                         ; 2.75 V                      ; 2.45e-07 V                  ; 2.93 V             ; -0.127 V           ; 0.351 V                             ; 0.317 V                             ; 2.74e-10 s                 ; 2.82e-10 s                 ; No                        ; No                        ;
; leds_export[28]                                  ; 2.5 V        ; 0 s                 ; 0 s                 ; 2.75 V                       ; 2.38e-07 V                   ; 2.94 V              ; -0.135 V            ; 0.31 V                               ; 0.268 V                              ; 2.65e-10 s                  ; 2.64e-10 s                  ; No                         ; Yes                        ; 2.75 V                      ; 2.38e-07 V                  ; 2.94 V             ; -0.135 V           ; 0.31 V                              ; 0.268 V                             ; 2.65e-10 s                 ; 2.64e-10 s                 ; No                        ; Yes                       ;
; leds_export[29]                                  ; 2.5 V        ; 0 s                 ; 0 s                 ; 2.75 V                       ; 2.45e-07 V                   ; 2.93 V              ; -0.127 V            ; 0.351 V                              ; 0.317 V                              ; 2.74e-10 s                  ; 2.82e-10 s                  ; No                         ; No                         ; 2.75 V                      ; 2.45e-07 V                  ; 2.93 V             ; -0.127 V           ; 0.351 V                             ; 0.317 V                             ; 2.74e-10 s                 ; 2.82e-10 s                 ; No                        ; No                        ;
; leds_export[30]                                  ; 2.5 V        ; 0 s                 ; 0 s                 ; 2.75 V                       ; 1.99e-07 V                   ; 2.83 V              ; -0.0718 V           ; 0.269 V                              ; 0.234 V                              ; 2.77e-10 s                  ; 2.75e-10 s                  ; Yes                        ; Yes                        ; 2.75 V                      ; 1.99e-07 V                  ; 2.83 V             ; -0.0718 V          ; 0.269 V                             ; 0.234 V                             ; 2.77e-10 s                 ; 2.75e-10 s                 ; Yes                       ; Yes                       ;
; leds_export[31]                                  ; 2.5 V        ; 0 s                 ; 0 s                 ; 2.75 V                       ; 1.99e-07 V                   ; 2.83 V              ; -0.0718 V           ; 0.269 V                              ; 0.234 V                              ; 2.77e-10 s                  ; 2.75e-10 s                  ; Yes                        ; Yes                        ; 2.75 V                      ; 1.99e-07 V                  ; 2.83 V             ; -0.0718 V          ; 0.269 V                             ; 0.234 V                             ; 2.77e-10 s                 ; 2.75e-10 s                 ; Yes                       ; Yes                       ;
; audio_and_video_config_0_external_interface_SDAT ; 2.5 V        ; 0 s                 ; 0 s                 ; 2.75 V                       ; 2.45e-07 V                   ; 2.93 V              ; -0.127 V            ; 0.351 V                              ; 0.317 V                              ; 2.74e-10 s                  ; 2.82e-10 s                  ; No                         ; No                         ; 2.75 V                      ; 2.45e-07 V                  ; 2.93 V             ; -0.127 V           ; 0.351 V                             ; 0.317 V                             ; 2.74e-10 s                 ; 2.82e-10 s                 ; No                        ; No                        ;
; altera_reserved_tdo                              ; 2.5 V        ; 0 s                 ; 0 s                 ; 2.75 V                       ; 2.19e-07 V                   ; 2.92 V              ; -0.142 V            ; 0.301 V                              ; 0.253 V                              ; 2.69e-10 s                  ; 2.57e-10 s                  ; No                         ; Yes                        ; 2.75 V                      ; 2.19e-07 V                  ; 2.92 V             ; -0.142 V           ; 0.301 V                             ; 0.253 V                             ; 2.69e-10 s                 ; 2.57e-10 s                 ; No                        ; Yes                       ;
+--------------------------------------------------+--------------+---------------------+---------------------+------------------------------+------------------------------+---------------------+---------------------+--------------------------------------+--------------------------------------+-----------------------------+-----------------------------+----------------------------+----------------------------+-----------------------------+-----------------------------+--------------------+--------------------+-------------------------------------+-------------------------------------+----------------------------+----------------------------+---------------------------+---------------------------+


+-------------------------------------------------------------------------------------------------------------------------------------------------------------------------------------------------------------------------------------------------------------------------------------------------------------------------------------------------------------------------------------------------------------------------------------------------------------------------------------------------------------------------------------------------------------------------------------------------------------------------------------------------------------------------------------------------------------------------------+
; Signal Integrity Metrics (Fast 1100mv 100c Model)                                                                                                                                                                                                                                                                                                                                                                                                                                                                                                                                                                                                                                                                             ;
+--------------------------------------------------+--------------+---------------------+---------------------+------------------------------+------------------------------+---------------------+---------------------+--------------------------------------+--------------------------------------+-----------------------------+-----------------------------+----------------------------+----------------------------+-----------------------------+-----------------------------+--------------------+--------------------+-------------------------------------+-------------------------------------+----------------------------+----------------------------+---------------------------+---------------------------+
; Pin                                              ; I/O Standard ; Board Delay on Rise ; Board Delay on Fall ; Steady State Voh at FPGA Pin ; Steady State Vol at FPGA Pin ; Voh Max at FPGA Pin ; Vol Min at FPGA Pin ; Ringback Voltage on Rise at FPGA Pin ; Ringback Voltage on Fall at FPGA Pin ; 10-90 Rise Time at FPGA Pin ; 90-10 Fall Time at FPGA Pin ; Monotonic Rise at FPGA Pin ; Monotonic Fall at FPGA Pin ; Steady State Voh at Far-end ; Steady State Vol at Far-end ; Voh Max at Far-end ; Vol Min at Far-end ; Ringback Voltage on Rise at Far-end ; Ringback Voltage on Fall at Far-end ; 10-90 Rise Time at Far-end ; 90-10 Fall Time at Far-end ; Monotonic Rise at Far-end ; Monotonic Fall at Far-end ;
+--------------------------------------------------+--------------+---------------------+---------------------+------------------------------+------------------------------+---------------------+---------------------+--------------------------------------+--------------------------------------+-----------------------------+-----------------------------+----------------------------+----------------------------+-----------------------------+-----------------------------+--------------------+--------------------+-------------------------------------+-------------------------------------+----------------------------+----------------------------+---------------------------+---------------------------+
; audio_0_external_interface_DACDAT                ; 2.5 V        ; 0 s                 ; 0 s                 ; 2.75 V                       ; 0.000419 V                   ; 2.85 V              ; -0.0671 V           ; 0.203 V                              ; 0.19 V                               ; 4.57e-10 s                  ; 4.54e-10 s                  ; No                         ; No                         ; 2.75 V                      ; 0.000419 V                  ; 2.85 V             ; -0.0671 V          ; 0.203 V                             ; 0.19 V                              ; 4.57e-10 s                 ; 4.54e-10 s                 ; No                        ; No                        ;
; audio_and_video_config_0_external_interface_SCLK ; 2.5 V        ; 0 s                 ; 0 s                 ; 2.75 V                       ; 0.000362 V                   ; 2.79 V              ; -0.0303 V           ; 0.139 V                              ; 0.127 V                              ; 4.44e-10 s                  ; 4.38e-10 s                  ; No                         ; Yes                        ; 2.75 V                      ; 0.000362 V                  ; 2.79 V             ; -0.0303 V          ; 0.139 V                             ; 0.127 V                             ; 4.44e-10 s                 ; 4.38e-10 s                 ; No                        ; Yes                       ;
; audio_pll_0_audio_clk_clk                        ; 2.5 V        ; 0 s                 ; 0 s                 ; 2.75 V                       ; 0.00041 V                    ; 2.85 V              ; -0.076 V            ; 0.363 V                              ; 0.16 V                               ; 3.08e-10 s                  ; 4.37e-10 s                  ; No                         ; No                         ; 2.75 V                      ; 0.00041 V                   ; 2.85 V             ; -0.076 V           ; 0.363 V                             ; 0.16 V                              ; 3.08e-10 s                 ; 4.37e-10 s                 ; No                        ; No                        ;
; leds_export[0]                                   ; 2.5 V        ; 0 s                 ; 0 s                 ; 2.75 V                       ; 0.000419 V                   ; 2.85 V              ; -0.0671 V           ; 0.203 V                              ; 0.19 V                               ; 4.57e-10 s                  ; 4.54e-10 s                  ; No                         ; No                         ; 2.75 V                      ; 0.000419 V                  ; 2.85 V             ; -0.0671 V          ; 0.203 V                             ; 0.19 V                              ; 4.57e-10 s                 ; 4.54e-10 s                 ; No                        ; No                        ;
; leds_export[1]                                   ; 2.5 V        ; 0 s                 ; 0 s                 ; 2.75 V                       ; 0.00041 V                    ; 2.85 V              ; -0.076 V            ; 0.363 V                              ; 0.16 V                               ; 3.08e-10 s                  ; 4.37e-10 s                  ; No                         ; No                         ; 2.75 V                      ; 0.00041 V                   ; 2.85 V             ; -0.076 V           ; 0.363 V                             ; 0.16 V                              ; 3.08e-10 s                 ; 4.37e-10 s                 ; No                        ; No                        ;
; leds_export[2]                                   ; 2.5 V        ; 0 s                 ; 0 s                 ; 2.75 V                       ; 0.00041 V                    ; 2.85 V              ; -0.0763 V           ; 0.365 V                              ; 0.161 V                              ; 3.08e-10 s                  ; 4.37e-10 s                  ; No                         ; No                         ; 2.75 V                      ; 0.00041 V                   ; 2.85 V             ; -0.0763 V          ; 0.365 V                             ; 0.161 V                             ; 3.08e-10 s                 ; 4.37e-10 s                 ; No                        ; No                        ;
; leds_export[3]                                   ; 2.5 V        ; 0 s                 ; 0 s                 ; 2.75 V                       ; 0.000419 V                   ; 2.85 V              ; -0.0671 V           ; 0.203 V                              ; 0.19 V                               ; 4.57e-10 s                  ; 4.54e-10 s                  ; No                         ; No                         ; 2.75 V                      ; 0.000419 V                  ; 2.85 V             ; -0.0671 V          ; 0.203 V                             ; 0.19 V                              ; 4.57e-10 s                 ; 4.54e-10 s                 ; No                        ; No                        ;
; leds_export[4]                                   ; 2.5 V        ; 0 s                 ; 0 s                 ; 2.75 V                       ; 0.000419 V                   ; 2.85 V              ; -0.0671 V           ; 0.203 V                              ; 0.19 V                               ; 4.57e-10 s                  ; 4.54e-10 s                  ; No                         ; No                         ; 2.75 V                      ; 0.000419 V                  ; 2.85 V             ; -0.0671 V          ; 0.203 V                             ; 0.19 V                              ; 4.57e-10 s                 ; 4.54e-10 s                 ; No                        ; No                        ;
; leds_export[5]                                   ; 2.5 V        ; 0 s                 ; 0 s                 ; 2.75 V                       ; 0.000419 V                   ; 2.85 V              ; -0.0671 V           ; 0.203 V                              ; 0.19 V                               ; 4.57e-10 s                  ; 4.54e-10 s                  ; No                         ; No                         ; 2.75 V                      ; 0.000419 V                  ; 2.85 V             ; -0.0671 V          ; 0.203 V                             ; 0.19 V                              ; 4.57e-10 s                 ; 4.54e-10 s                 ; No                        ; No                        ;
; leds_export[6]                                   ; 2.5 V        ; 0 s                 ; 0 s                 ; 2.75 V                       ; 0.00041 V                    ; 2.85 V              ; -0.076 V            ; 0.363 V                              ; 0.16 V                               ; 3.08e-10 s                  ; 4.37e-10 s                  ; No                         ; No                         ; 2.75 V                      ; 0.00041 V                   ; 2.85 V             ; -0.076 V           ; 0.363 V                             ; 0.16 V                              ; 3.08e-10 s                 ; 4.37e-10 s                 ; No                        ; No                        ;
; leds_export[7]                                   ; 2.5 V        ; 0 s                 ; 0 s                 ; 2.75 V                       ; 0.00041 V                    ; 2.85 V              ; -0.076 V            ; 0.363 V                              ; 0.16 V                               ; 3.08e-10 s                  ; 4.37e-10 s                  ; No                         ; No                         ; 2.75 V                      ; 0.00041 V                   ; 2.85 V             ; -0.076 V           ; 0.363 V                             ; 0.16 V                              ; 3.08e-10 s                 ; 4.37e-10 s                 ; No                        ; No                        ;
; leds_export[8]                                   ; 2.5 V        ; 0 s                 ; 0 s                 ; 2.75 V                       ; 0.000362 V                   ; 2.79 V              ; -0.0303 V           ; 0.139 V                              ; 0.127 V                              ; 4.44e-10 s                  ; 4.38e-10 s                  ; No                         ; Yes                        ; 2.75 V                      ; 0.000362 V                  ; 2.79 V             ; -0.0303 V          ; 0.139 V                             ; 0.127 V                             ; 4.44e-10 s                 ; 4.38e-10 s                 ; No                        ; Yes                       ;
; leds_export[9]                                   ; 2.5 V        ; 0 s                 ; 0 s                 ; 2.75 V                       ; 0.00041 V                    ; 2.85 V              ; -0.076 V            ; 0.363 V                              ; 0.16 V                               ; 3.08e-10 s                  ; 4.37e-10 s                  ; No                         ; No                         ; 2.75 V                      ; 0.00041 V                   ; 2.85 V             ; -0.076 V           ; 0.363 V                             ; 0.16 V                              ; 3.08e-10 s                 ; 4.37e-10 s                 ; No                        ; No                        ;
; leds_export[10]                                  ; 2.5 V        ; 0 s                 ; 0 s                 ; 2.75 V                       ; 0.000362 V                   ; 2.79 V              ; -0.0303 V           ; 0.139 V                              ; 0.127 V                              ; 4.44e-10 s                  ; 4.38e-10 s                  ; No                         ; Yes                        ; 2.75 V                      ; 0.000362 V                  ; 2.79 V             ; -0.0303 V          ; 0.139 V                             ; 0.127 V                             ; 4.44e-10 s                 ; 4.38e-10 s                 ; No                        ; Yes                       ;
; leds_export[11]                                  ; 2.5 V        ; 0 s                 ; 0 s                 ; 2.75 V                       ; 0.000362 V                   ; 2.79 V              ; -0.0303 V           ; 0.139 V                              ; 0.127 V                              ; 4.44e-10 s                  ; 4.38e-10 s                  ; No                         ; Yes                        ; 2.75 V                      ; 0.000362 V                  ; 2.79 V             ; -0.0303 V          ; 0.139 V                             ; 0.127 V                             ; 4.44e-10 s                 ; 4.38e-10 s                 ; No                        ; Yes                       ;
; leds_export[12]                                  ; 2.5 V        ; 0 s                 ; 0 s                 ; 2.75 V                       ; 0.00041 V                    ; 2.85 V              ; -0.076 V            ; 0.363 V                              ; 0.16 V                               ; 3.08e-10 s                  ; 4.37e-10 s                  ; No                         ; No                         ; 2.75 V                      ; 0.00041 V                   ; 2.85 V             ; -0.076 V           ; 0.363 V                             ; 0.16 V                              ; 3.08e-10 s                 ; 4.37e-10 s                 ; No                        ; No                        ;
; leds_export[13]                                  ; 2.5 V        ; 0 s                 ; 0 s                 ; 2.75 V                       ; 0.00041 V                    ; 2.85 V              ; -0.076 V            ; 0.363 V                              ; 0.16 V                               ; 3.08e-10 s                  ; 4.37e-10 s                  ; No                         ; No                         ; 2.75 V                      ; 0.00041 V                   ; 2.85 V             ; -0.076 V           ; 0.363 V                             ; 0.16 V                              ; 3.08e-10 s                 ; 4.37e-10 s                 ; No                        ; No                        ;
; leds_export[14]                                  ; 2.5 V        ; 0 s                 ; 0 s                 ; 2.75 V                       ; 0.00041 V                    ; 2.85 V              ; -0.076 V            ; 0.363 V                              ; 0.16 V                               ; 3.08e-10 s                  ; 4.37e-10 s                  ; No                         ; No                         ; 2.75 V                      ; 0.00041 V                   ; 2.85 V             ; -0.076 V           ; 0.363 V                             ; 0.16 V                              ; 3.08e-10 s                 ; 4.37e-10 s                 ; No                        ; No                        ;
; leds_export[15]                                  ; 2.5 V        ; 0 s                 ; 0 s                 ; 2.75 V                       ; 0.00041 V                    ; 2.85 V              ; -0.076 V            ; 0.363 V                              ; 0.16 V                               ; 3.08e-10 s                  ; 4.37e-10 s                  ; No                         ; No                         ; 2.75 V                      ; 0.00041 V                   ; 2.85 V             ; -0.076 V           ; 0.363 V                             ; 0.16 V                              ; 3.08e-10 s                 ; 4.37e-10 s                 ; No                        ; No                        ;
; leds_export[16]                                  ; 2.5 V        ; 0 s                 ; 0 s                 ; 2.75 V                       ; 0.000362 V                   ; 2.79 V              ; -0.0303 V           ; 0.139 V                              ; 0.127 V                              ; 4.44e-10 s                  ; 4.38e-10 s                  ; No                         ; Yes                        ; 2.75 V                      ; 0.000362 V                  ; 2.79 V             ; -0.0303 V          ; 0.139 V                             ; 0.127 V                             ; 4.44e-10 s                 ; 4.38e-10 s                 ; No                        ; Yes                       ;
; leds_export[17]                                  ; 2.5 V        ; 0 s                 ; 0 s                 ; 2.75 V                       ; 0.00041 V                    ; 2.85 V              ; -0.076 V            ; 0.363 V                              ; 0.16 V                               ; 3.08e-10 s                  ; 4.37e-10 s                  ; No                         ; No                         ; 2.75 V                      ; 0.00041 V                   ; 2.85 V             ; -0.076 V           ; 0.363 V                             ; 0.16 V                              ; 3.08e-10 s                 ; 4.37e-10 s                 ; No                        ; No                        ;
; leds_export[18]                                  ; 2.5 V        ; 0 s                 ; 0 s                 ; 2.75 V                       ; 0.000362 V                   ; 2.79 V              ; -0.0303 V           ; 0.139 V                              ; 0.127 V                              ; 4.44e-10 s                  ; 4.38e-10 s                  ; No                         ; Yes                        ; 2.75 V                      ; 0.000362 V                  ; 2.79 V             ; -0.0303 V          ; 0.139 V                             ; 0.127 V                             ; 4.44e-10 s                 ; 4.38e-10 s                 ; No                        ; Yes                       ;
; leds_export[19]                                  ; 2.5 V        ; 0 s                 ; 0 s                 ; 2.75 V                       ; 0.00041 V                    ; 2.85 V              ; -0.076 V            ; 0.363 V                              ; 0.16 V                               ; 3.08e-10 s                  ; 4.37e-10 s                  ; No                         ; No                         ; 2.75 V                      ; 0.00041 V                   ; 2.85 V             ; -0.076 V           ; 0.363 V                             ; 0.16 V                              ; 3.08e-10 s                 ; 4.37e-10 s                 ; No                        ; No                        ;
; leds_export[20]                                  ; 2.5 V        ; 0 s                 ; 0 s                 ; 2.75 V                       ; 0.000362 V                   ; 2.79 V              ; -0.0303 V           ; 0.139 V                              ; 0.127 V                              ; 4.44e-10 s                  ; 4.38e-10 s                  ; No                         ; Yes                        ; 2.75 V                      ; 0.000362 V                  ; 2.79 V             ; -0.0303 V          ; 0.139 V                             ; 0.127 V                             ; 4.44e-10 s                 ; 4.38e-10 s                 ; No                        ; Yes                       ;
; leds_export[21]                                  ; 2.5 V        ; 0 s                 ; 0 s                 ; 2.75 V                       ; 0.000419 V                   ; 2.85 V              ; -0.0671 V           ; 0.203 V                              ; 0.19 V                               ; 4.57e-10 s                  ; 4.54e-10 s                  ; No                         ; No                         ; 2.75 V                      ; 0.000419 V                  ; 2.85 V             ; -0.0671 V          ; 0.203 V                             ; 0.19 V                              ; 4.57e-10 s                 ; 4.54e-10 s                 ; No                        ; No                        ;
; leds_export[22]                                  ; 2.5 V        ; 0 s                 ; 0 s                 ; 2.75 V                       ; 0.00041 V                    ; 2.85 V              ; -0.0763 V           ; 0.365 V                              ; 0.161 V                              ; 3.08e-10 s                  ; 4.37e-10 s                  ; No                         ; No                         ; 2.75 V                      ; 0.00041 V                   ; 2.85 V             ; -0.0763 V          ; 0.365 V                             ; 0.161 V                             ; 3.08e-10 s                 ; 4.37e-10 s                 ; No                        ; No                        ;
; leds_export[23]                                  ; 2.5 V        ; 0 s                 ; 0 s                 ; 2.75 V                       ; 0.00041 V                    ; 2.85 V              ; -0.0763 V           ; 0.365 V                              ; 0.161 V                              ; 3.08e-10 s                  ; 4.37e-10 s                  ; No                         ; No                         ; 2.75 V                      ; 0.00041 V                   ; 2.85 V             ; -0.0763 V          ; 0.365 V                             ; 0.161 V                             ; 3.08e-10 s                 ; 4.37e-10 s                 ; No                        ; No                        ;
; leds_export[24]                                  ; 2.5 V        ; 0 s                 ; 0 s                 ; 2.75 V                       ; 0.000419 V                   ; 2.85 V              ; -0.0671 V           ; 0.203 V                              ; 0.19 V                               ; 4.57e-10 s                  ; 4.54e-10 s                  ; No                         ; No                         ; 2.75 V                      ; 0.000419 V                  ; 2.85 V             ; -0.0671 V          ; 0.203 V                             ; 0.19 V                              ; 4.57e-10 s                 ; 4.54e-10 s                 ; No                        ; No                        ;
; leds_export[25]                                  ; 2.5 V        ; 0 s                 ; 0 s                 ; 2.75 V                       ; 0.00041 V                    ; 2.85 V              ; -0.076 V            ; 0.363 V                              ; 0.16 V                               ; 3.08e-10 s                  ; 4.37e-10 s                  ; No                         ; No                         ; 2.75 V                      ; 0.00041 V                   ; 2.85 V             ; -0.076 V           ; 0.363 V                             ; 0.16 V                              ; 3.08e-10 s                 ; 4.37e-10 s                 ; No                        ; No                        ;
; leds_export[26]                                  ; 2.5 V        ; 0 s                 ; 0 s                 ; 2.75 V                       ; 0.00041 V                    ; 2.85 V              ; -0.076 V            ; 0.363 V                              ; 0.16 V                               ; 3.08e-10 s                  ; 4.37e-10 s                  ; No                         ; No                         ; 2.75 V                      ; 0.00041 V                   ; 2.85 V             ; -0.076 V           ; 0.363 V                             ; 0.16 V                              ; 3.08e-10 s                 ; 4.37e-10 s                 ; No                        ; No                        ;
; leds_export[27]                                  ; 2.5 V        ; 0 s                 ; 0 s                 ; 2.75 V                       ; 0.000419 V                   ; 2.85 V              ; -0.0671 V           ; 0.203 V                              ; 0.19 V                               ; 4.57e-10 s                  ; 4.54e-10 s                  ; No                         ; No                         ; 2.75 V                      ; 0.000419 V                  ; 2.85 V             ; -0.0671 V          ; 0.203 V                             ; 0.19 V                              ; 4.57e-10 s                 ; 4.54e-10 s                 ; No                        ; No                        ;
; leds_export[28]                                  ; 2.5 V        ; 0 s                 ; 0 s                 ; 2.75 V                       ; 0.00041 V                    ; 2.85 V              ; -0.076 V            ; 0.363 V                              ; 0.16 V                               ; 3.08e-10 s                  ; 4.37e-10 s                  ; No                         ; No                         ; 2.75 V                      ; 0.00041 V                   ; 2.85 V             ; -0.076 V           ; 0.363 V                             ; 0.16 V                              ; 3.08e-10 s                 ; 4.37e-10 s                 ; No                        ; No                        ;
; leds_export[29]                                  ; 2.5 V        ; 0 s                 ; 0 s                 ; 2.75 V                       ; 0.000419 V                   ; 2.85 V              ; -0.0671 V           ; 0.203 V                              ; 0.19 V                               ; 4.57e-10 s                  ; 4.54e-10 s                  ; No                         ; No                         ; 2.75 V                      ; 0.000419 V                  ; 2.85 V             ; -0.0671 V          ; 0.203 V                             ; 0.19 V                              ; 4.57e-10 s                 ; 4.54e-10 s                 ; No                        ; No                        ;
; leds_export[30]                                  ; 2.5 V        ; 0 s                 ; 0 s                 ; 2.75 V                       ; 0.000362 V                   ; 2.79 V              ; -0.0303 V           ; 0.139 V                              ; 0.127 V                              ; 4.44e-10 s                  ; 4.38e-10 s                  ; No                         ; Yes                        ; 2.75 V                      ; 0.000362 V                  ; 2.79 V             ; -0.0303 V          ; 0.139 V                             ; 0.127 V                             ; 4.44e-10 s                 ; 4.38e-10 s                 ; No                        ; Yes                       ;
; leds_export[31]                                  ; 2.5 V        ; 0 s                 ; 0 s                 ; 2.75 V                       ; 0.000362 V                   ; 2.79 V              ; -0.0303 V           ; 0.139 V                              ; 0.127 V                              ; 4.44e-10 s                  ; 4.38e-10 s                  ; No                         ; Yes                        ; 2.75 V                      ; 0.000362 V                  ; 2.79 V             ; -0.0303 V          ; 0.139 V                             ; 0.127 V                             ; 4.44e-10 s                 ; 4.38e-10 s                 ; No                        ; Yes                       ;
; audio_and_video_config_0_external_interface_SDAT ; 2.5 V        ; 0 s                 ; 0 s                 ; 2.75 V                       ; 0.000419 V                   ; 2.85 V              ; -0.0671 V           ; 0.203 V                              ; 0.19 V                               ; 4.57e-10 s                  ; 4.54e-10 s                  ; No                         ; No                         ; 2.75 V                      ; 0.000419 V                  ; 2.85 V             ; -0.0671 V          ; 0.203 V                             ; 0.19 V                              ; 4.57e-10 s                 ; 4.54e-10 s                 ; No                        ; No                        ;
; altera_reserved_tdo                              ; 2.5 V        ; 0 s                 ; 0 s                 ; 2.75 V                       ; 0.000371 V                   ; 2.84 V              ; -0.0871 V           ; 0.344 V                              ; 0.157 V                              ; 3.17e-10 s                  ; 4.32e-10 s                  ; No                         ; No                         ; 2.75 V                      ; 0.000371 V                  ; 2.84 V             ; -0.0871 V          ; 0.344 V                             ; 0.157 V                             ; 3.17e-10 s                 ; 4.32e-10 s                 ; No                        ; No                        ;
+--------------------------------------------------+--------------+---------------------+---------------------+------------------------------+------------------------------+---------------------+---------------------+--------------------------------------+--------------------------------------+-----------------------------+-----------------------------+----------------------------+----------------------------+-----------------------------+-----------------------------+--------------------+--------------------+-------------------------------------+-------------------------------------+----------------------------+----------------------------+---------------------------+---------------------------+


+---------------------------------------------------------------------------------------+
; Setup Transfers                                                                       ;
+---------------------+---------------------+----------+----------+----------+----------+
; From Clock          ; To Clock            ; RR Paths ; FR Paths ; RF Paths ; FF Paths ;
+---------------------+---------------------+----------+----------+----------+----------+
; altera_reserved_tck ; altera_reserved_tck ; 1590     ; 0        ; 39       ; 2        ;
+---------------------+---------------------+----------+----------+----------+----------+
Entries labeled "false path" only account for clock-to-clock false paths and not path-based false paths. As a result, actual path counts may be lower than reported.


+---------------------------------------------------------------------------------------+
; Hold Transfers                                                                        ;
+---------------------+---------------------+----------+----------+----------+----------+
; From Clock          ; To Clock            ; RR Paths ; FR Paths ; RF Paths ; FF Paths ;
+---------------------+---------------------+----------+----------+----------+----------+
; altera_reserved_tck ; altera_reserved_tck ; 1590     ; 0        ; 39       ; 2        ;
+---------------------+---------------------+----------+----------+----------+----------+
Entries labeled "false path" only account for clock-to-clock false paths and not path-based false paths. As a result, actual path counts may be lower than reported.


+---------------------------------------------------------------------------------------+
; Recovery Transfers                                                                    ;
+---------------------+---------------------+----------+----------+----------+----------+
; From Clock          ; To Clock            ; RR Paths ; FR Paths ; RF Paths ; FF Paths ;
+---------------------+---------------------+----------+----------+----------+----------+
; altera_reserved_tck ; altera_reserved_tck ; 72       ; 0        ; 2        ; 0        ;
+---------------------+---------------------+----------+----------+----------+----------+
Entries labeled "false path" only account for clock-to-clock false paths and not path-based false paths. As a result, actual path counts may be lower than reported.


+---------------------------------------------------------------------------------------+
; Removal Transfers                                                                     ;
+---------------------+---------------------+----------+----------+----------+----------+
; From Clock          ; To Clock            ; RR Paths ; FR Paths ; RF Paths ; FF Paths ;
+---------------------+---------------------+----------+----------+----------+----------+
; altera_reserved_tck ; altera_reserved_tck ; 72       ; 0        ; 2        ; 0        ;
+---------------------+---------------------+----------+----------+----------+----------+
Entries labeled "false path" only account for clock-to-clock false paths and not path-based false paths. As a result, actual path counts may be lower than reported.


---------------
; Report TCCS ;
---------------
No dedicated SERDES Transmitter circuitry present in device or used in design


---------------
; Report RSKM ;
---------------
No non-DPA dedicated SERDES Receiver circuitry present in device or used in design


+------------------------------------------------+
; Unconstrained Paths Summary                    ;
+---------------------------------+-------+------+
; Property                        ; Setup ; Hold ;
+---------------------------------+-------+------+
; Illegal Clocks                  ; 0     ; 0    ;
; Unconstrained Clocks            ; 1     ; 1    ;
; Unconstrained Input Ports       ; 38    ; 38   ;
; Unconstrained Input Port Paths  ; 94    ; 94   ;
; Unconstrained Output Ports      ; 37    ; 37   ;
; Unconstrained Output Port Paths ; 46    ; 46   ;
+---------------------------------+-------+------+


+------------------------------------------------------------------+
; Clock Status Summary                                             ;
+---------------------+---------------------+------+---------------+
; Target              ; Clock               ; Type ; Status        ;
+---------------------+---------------------+------+---------------+
; altera_reserved_tck ; altera_reserved_tck ; Base ; Constrained   ;
; clk_clk             ;                     ; Base ; Unconstrained ;
+---------------------+---------------------+------+---------------+


+-----------------------------------------------------------------------------------------------------------------------------------------+
; Unconstrained Input Ports                                                                                                               ;
+--------------------------------------------------+--------------------------------------------------------------------------------------+
; Input Port                                       ; Comment                                                                              ;
+--------------------------------------------------+--------------------------------------------------------------------------------------+
; altera_reserved_tdi                              ; No input delay, min/max delays, false-path exceptions, or max skew assignments found ;
; altera_reserved_tms                              ; No input delay, min/max delays, false-path exceptions, or max skew assignments found ;
; audio_0_external_interface_BCLK                  ; No input delay, min/max delays, false-path exceptions, or max skew assignments found ;
; audio_0_external_interface_DACLRCK               ; No input delay, min/max delays, false-path exceptions, or max skew assignments found ;
; audio_and_video_config_0_external_interface_SDAT ; No input delay, min/max delays, false-path exceptions, or max skew assignments found ;
; buttons_export[0]                                ; No input delay, min/max delays, false-path exceptions, or max skew assignments found ;
; buttons_export[1]                                ; No input delay, min/max delays, false-path exceptions, or max skew assignments found ;
; buttons_export[2]                                ; No input delay, min/max delays, false-path exceptions, or max skew assignments found ;
; buttons_export[3]                                ; No input delay, min/max delays, false-path exceptions, or max skew assignments found ;
; buttons_export[4]                                ; No input delay, min/max delays, false-path exceptions, or max skew assignments found ;
; buttons_export[5]                                ; No input delay, min/max delays, false-path exceptions, or max skew assignments found ;
; buttons_export[6]                                ; No input delay, min/max delays, false-path exceptions, or max skew assignments found ;
; buttons_export[7]                                ; No input delay, min/max delays, false-path exceptions, or max skew assignments found ;
; buttons_export[8]                                ; No input delay, min/max delays, false-path exceptions, or max skew assignments found ;
; buttons_export[9]                                ; No input delay, min/max delays, false-path exceptions, or max skew assignments found ;
; buttons_export[10]                               ; No input delay, min/max delays, false-path exceptions, or max skew assignments found ;
; buttons_export[11]                               ; No input delay, min/max delays, false-path exceptions, or max skew assignments found ;
; buttons_export[12]                               ; No input delay, min/max delays, false-path exceptions, or max skew assignments found ;
; buttons_export[13]                               ; No input delay, min/max delays, false-path exceptions, or max skew assignments found ;
; buttons_export[14]                               ; No input delay, min/max delays, false-path exceptions, or max skew assignments found ;
; buttons_export[15]                               ; No input delay, min/max delays, false-path exceptions, or max skew assignments found ;
; buttons_export[16]                               ; No input delay, min/max delays, false-path exceptions, or max skew assignments found ;
; buttons_export[17]                               ; No input delay, min/max delays, false-path exceptions, or max skew assignments found ;
; buttons_export[18]                               ; No input delay, min/max delays, false-path exceptions, or max skew assignments found ;
; buttons_export[19]                               ; No input delay, min/max delays, false-path exceptions, or max skew assignments found ;
; buttons_export[20]                               ; No input delay, min/max delays, false-path exceptions, or max skew assignments found ;
; buttons_export[21]                               ; No input delay, min/max delays, false-path exceptions, or max skew assignments found ;
; buttons_export[22]                               ; No input delay, min/max delays, false-path exceptions, or max skew assignments found ;
; buttons_export[23]                               ; No input delay, min/max delays, false-path exceptions, or max skew assignments found ;
; buttons_export[24]                               ; No input delay, min/max delays, false-path exceptions, or max skew assignments found ;
; buttons_export[25]                               ; No input delay, min/max delays, false-path exceptions, or max skew assignments found ;
; buttons_export[26]                               ; No input delay, min/max delays, false-path exceptions, or max skew assignments found ;
; buttons_export[27]                               ; No input delay, min/max delays, false-path exceptions, or max skew assignments found ;
; buttons_export[28]                               ; No input delay, min/max delays, false-path exceptions, or max skew assignments found ;
; buttons_export[29]                               ; No input delay, min/max delays, false-path exceptions, or max skew assignments found ;
; buttons_export[30]                               ; No input delay, min/max delays, false-path exceptions, or max skew assignments found ;
; buttons_export[31]                               ; No input delay, min/max delays, false-path exceptions, or max skew assignments found ;
; clk_clk                                          ; No input delay, min/max delays, false-path exceptions, or max skew assignments found ;
+--------------------------------------------------+--------------------------------------------------------------------------------------+


+------------------------------------------------------------------------------------------------------------------------------------------+
; Unconstrained Output Ports                                                                                                               ;
+--------------------------------------------------+---------------------------------------------------------------------------------------+
; Output Port                                      ; Comment                                                                               ;
+--------------------------------------------------+---------------------------------------------------------------------------------------+
; altera_reserved_tdo                              ; No output delay, min/max delays, false-path exceptions, or max skew assignments found ;
; audio_0_external_interface_DACDAT                ; No output delay, min/max delays, false-path exceptions, or max skew assignments found ;
; audio_and_video_config_0_external_interface_SCLK ; No output delay, min/max delays, false-path exceptions, or max skew assignments found ;
; audio_and_video_config_0_external_interface_SDAT ; No output delay, min/max delays, false-path exceptions, or max skew assignments found ;
; audio_pll_0_audio_clk_clk                        ; No output delay, min/max delays, false-path exceptions, or max skew assignments found ;
; leds_export[0]                                   ; No output delay, min/max delays, false-path exceptions, or max skew assignments found ;
; leds_export[1]                                   ; No output delay, min/max delays, false-path exceptions, or max skew assignments found ;
; leds_export[2]                                   ; No output delay, min/max delays, false-path exceptions, or max skew assignments found ;
; leds_export[3]                                   ; No output delay, min/max delays, false-path exceptions, or max skew assignments found ;
; leds_export[4]                                   ; No output delay, min/max delays, false-path exceptions, or max skew assignments found ;
; leds_export[5]                                   ; No output delay, min/max delays, false-path exceptions, or max skew assignments found ;
; leds_export[6]                                   ; No output delay, min/max delays, false-path exceptions, or max skew assignments found ;
; leds_export[7]                                   ; No output delay, min/max delays, false-path exceptions, or max skew assignments found ;
; leds_export[8]                                   ; No output delay, min/max delays, false-path exceptions, or max skew assignments found ;
; leds_export[9]                                   ; No output delay, min/max delays, false-path exceptions, or max skew assignments found ;
; leds_export[10]                                  ; No output delay, min/max delays, false-path exceptions, or max skew assignments found ;
; leds_export[11]                                  ; No output delay, min/max delays, false-path exceptions, or max skew assignments found ;
; leds_export[12]                                  ; No output delay, min/max delays, false-path exceptions, or max skew assignments found ;
; leds_export[13]                                  ; No output delay, min/max delays, false-path exceptions, or max skew assignments found ;
; leds_export[14]                                  ; No output delay, min/max delays, false-path exceptions, or max skew assignments found ;
; leds_export[15]                                  ; No output delay, min/max delays, false-path exceptions, or max skew assignments found ;
; leds_export[16]                                  ; No output delay, min/max delays, false-path exceptions, or max skew assignments found ;
; leds_export[17]                                  ; No output delay, min/max delays, false-path exceptions, or max skew assignments found ;
; leds_export[18]                                  ; No output delay, min/max delays, false-path exceptions, or max skew assignments found ;
; leds_export[19]                                  ; No output delay, min/max delays, false-path exceptions, or max skew assignments found ;
; leds_export[20]                                  ; No output delay, min/max delays, false-path exceptions, or max skew assignments found ;
; leds_export[21]                                  ; No output delay, min/max delays, false-path exceptions, or max skew assignments found ;
; leds_export[22]                                  ; No output delay, min/max delays, false-path exceptions, or max skew assignments found ;
; leds_export[23]                                  ; No output delay, min/max delays, false-path exceptions, or max skew assignments found ;
; leds_export[24]                                  ; No output delay, min/max delays, false-path exceptions, or max skew assignments found ;
; leds_export[25]                                  ; No output delay, min/max delays, false-path exceptions, or max skew assignments found ;
; leds_export[26]                                  ; No output delay, min/max delays, false-path exceptions, or max skew assignments found ;
; leds_export[27]                                  ; No output delay, min/max delays, false-path exceptions, or max skew assignments found ;
; leds_export[28]                                  ; No output delay, min/max delays, false-path exceptions, or max skew assignments found ;
; leds_export[29]                                  ; No output delay, min/max delays, false-path exceptions, or max skew assignments found ;
; leds_export[30]                                  ; No output delay, min/max delays, false-path exceptions, or max skew assignments found ;
; leds_export[31]                                  ; No output delay, min/max delays, false-path exceptions, or max skew assignments found ;
+--------------------------------------------------+---------------------------------------------------------------------------------------+


+-----------------------------------------------------------------------------------------------------------------------------------------+
; Unconstrained Input Ports                                                                                                               ;
+--------------------------------------------------+--------------------------------------------------------------------------------------+
; Input Port                                       ; Comment                                                                              ;
+--------------------------------------------------+--------------------------------------------------------------------------------------+
; altera_reserved_tdi                              ; No input delay, min/max delays, false-path exceptions, or max skew assignments found ;
; altera_reserved_tms                              ; No input delay, min/max delays, false-path exceptions, or max skew assignments found ;
; audio_0_external_interface_BCLK                  ; No input delay, min/max delays, false-path exceptions, or max skew assignments found ;
; audio_0_external_interface_DACLRCK               ; No input delay, min/max delays, false-path exceptions, or max skew assignments found ;
; audio_and_video_config_0_external_interface_SDAT ; No input delay, min/max delays, false-path exceptions, or max skew assignments found ;
; buttons_export[0]                                ; No input delay, min/max delays, false-path exceptions, or max skew assignments found ;
; buttons_export[1]                                ; No input delay, min/max delays, false-path exceptions, or max skew assignments found ;
; buttons_export[2]                                ; No input delay, min/max delays, false-path exceptions, or max skew assignments found ;
; buttons_export[3]                                ; No input delay, min/max delays, false-path exceptions, or max skew assignments found ;
; buttons_export[4]                                ; No input delay, min/max delays, false-path exceptions, or max skew assignments found ;
; buttons_export[5]                                ; No input delay, min/max delays, false-path exceptions, or max skew assignments found ;
; buttons_export[6]                                ; No input delay, min/max delays, false-path exceptions, or max skew assignments found ;
; buttons_export[7]                                ; No input delay, min/max delays, false-path exceptions, or max skew assignments found ;
; buttons_export[8]                                ; No input delay, min/max delays, false-path exceptions, or max skew assignments found ;
; buttons_export[9]                                ; No input delay, min/max delays, false-path exceptions, or max skew assignments found ;
; buttons_export[10]                               ; No input delay, min/max delays, false-path exceptions, or max skew assignments found ;
; buttons_export[11]                               ; No input delay, min/max delays, false-path exceptions, or max skew assignments found ;
; buttons_export[12]                               ; No input delay, min/max delays, false-path exceptions, or max skew assignments found ;
; buttons_export[13]                               ; No input delay, min/max delays, false-path exceptions, or max skew assignments found ;
; buttons_export[14]                               ; No input delay, min/max delays, false-path exceptions, or max skew assignments found ;
; buttons_export[15]                               ; No input delay, min/max delays, false-path exceptions, or max skew assignments found ;
; buttons_export[16]                               ; No input delay, min/max delays, false-path exceptions, or max skew assignments found ;
; buttons_export[17]                               ; No input delay, min/max delays, false-path exceptions, or max skew assignments found ;
; buttons_export[18]                               ; No input delay, min/max delays, false-path exceptions, or max skew assignments found ;
; buttons_export[19]                               ; No input delay, min/max delays, false-path exceptions, or max skew assignments found ;
; buttons_export[20]                               ; No input delay, min/max delays, false-path exceptions, or max skew assignments found ;
; buttons_export[21]                               ; No input delay, min/max delays, false-path exceptions, or max skew assignments found ;
; buttons_export[22]                               ; No input delay, min/max delays, false-path exceptions, or max skew assignments found ;
; buttons_export[23]                               ; No input delay, min/max delays, false-path exceptions, or max skew assignments found ;
; buttons_export[24]                               ; No input delay, min/max delays, false-path exceptions, or max skew assignments found ;
; buttons_export[25]                               ; No input delay, min/max delays, false-path exceptions, or max skew assignments found ;
; buttons_export[26]                               ; No input delay, min/max delays, false-path exceptions, or max skew assignments found ;
; buttons_export[27]                               ; No input delay, min/max delays, false-path exceptions, or max skew assignments found ;
; buttons_export[28]                               ; No input delay, min/max delays, false-path exceptions, or max skew assignments found ;
; buttons_export[29]                               ; No input delay, min/max delays, false-path exceptions, or max skew assignments found ;
; buttons_export[30]                               ; No input delay, min/max delays, false-path exceptions, or max skew assignments found ;
; buttons_export[31]                               ; No input delay, min/max delays, false-path exceptions, or max skew assignments found ;
; clk_clk                                          ; No input delay, min/max delays, false-path exceptions, or max skew assignments found ;
+--------------------------------------------------+--------------------------------------------------------------------------------------+


+------------------------------------------------------------------------------------------------------------------------------------------+
; Unconstrained Output Ports                                                                                                               ;
+--------------------------------------------------+---------------------------------------------------------------------------------------+
; Output Port                                      ; Comment                                                                               ;
+--------------------------------------------------+---------------------------------------------------------------------------------------+
; altera_reserved_tdo                              ; No output delay, min/max delays, false-path exceptions, or max skew assignments found ;
; audio_0_external_interface_DACDAT                ; No output delay, min/max delays, false-path exceptions, or max skew assignments found ;
; audio_and_video_config_0_external_interface_SCLK ; No output delay, min/max delays, false-path exceptions, or max skew assignments found ;
; audio_and_video_config_0_external_interface_SDAT ; No output delay, min/max delays, false-path exceptions, or max skew assignments found ;
; audio_pll_0_audio_clk_clk                        ; No output delay, min/max delays, false-path exceptions, or max skew assignments found ;
; leds_export[0]                                   ; No output delay, min/max delays, false-path exceptions, or max skew assignments found ;
; leds_export[1]                                   ; No output delay, min/max delays, false-path exceptions, or max skew assignments found ;
; leds_export[2]                                   ; No output delay, min/max delays, false-path exceptions, or max skew assignments found ;
; leds_export[3]                                   ; No output delay, min/max delays, false-path exceptions, or max skew assignments found ;
; leds_export[4]                                   ; No output delay, min/max delays, false-path exceptions, or max skew assignments found ;
; leds_export[5]                                   ; No output delay, min/max delays, false-path exceptions, or max skew assignments found ;
; leds_export[6]                                   ; No output delay, min/max delays, false-path exceptions, or max skew assignments found ;
; leds_export[7]                                   ; No output delay, min/max delays, false-path exceptions, or max skew assignments found ;
; leds_export[8]                                   ; No output delay, min/max delays, false-path exceptions, or max skew assignments found ;
; leds_export[9]                                   ; No output delay, min/max delays, false-path exceptions, or max skew assignments found ;
; leds_export[10]                                  ; No output delay, min/max delays, false-path exceptions, or max skew assignments found ;
; leds_export[11]                                  ; No output delay, min/max delays, false-path exceptions, or max skew assignments found ;
; leds_export[12]                                  ; No output delay, min/max delays, false-path exceptions, or max skew assignments found ;
; leds_export[13]                                  ; No output delay, min/max delays, false-path exceptions, or max skew assignments found ;
; leds_export[14]                                  ; No output delay, min/max delays, false-path exceptions, or max skew assignments found ;
; leds_export[15]                                  ; No output delay, min/max delays, false-path exceptions, or max skew assignments found ;
; leds_export[16]                                  ; No output delay, min/max delays, false-path exceptions, or max skew assignments found ;
; leds_export[17]                                  ; No output delay, min/max delays, false-path exceptions, or max skew assignments found ;
; leds_export[18]                                  ; No output delay, min/max delays, false-path exceptions, or max skew assignments found ;
; leds_export[19]                                  ; No output delay, min/max delays, false-path exceptions, or max skew assignments found ;
; leds_export[20]                                  ; No output delay, min/max delays, false-path exceptions, or max skew assignments found ;
; leds_export[21]                                  ; No output delay, min/max delays, false-path exceptions, or max skew assignments found ;
; leds_export[22]                                  ; No output delay, min/max delays, false-path exceptions, or max skew assignments found ;
; leds_export[23]                                  ; No output delay, min/max delays, false-path exceptions, or max skew assignments found ;
; leds_export[24]                                  ; No output delay, min/max delays, false-path exceptions, or max skew assignments found ;
; leds_export[25]                                  ; No output delay, min/max delays, false-path exceptions, or max skew assignments found ;
; leds_export[26]                                  ; No output delay, min/max delays, false-path exceptions, or max skew assignments found ;
; leds_export[27]                                  ; No output delay, min/max delays, false-path exceptions, or max skew assignments found ;
; leds_export[28]                                  ; No output delay, min/max delays, false-path exceptions, or max skew assignments found ;
; leds_export[29]                                  ; No output delay, min/max delays, false-path exceptions, or max skew assignments found ;
; leds_export[30]                                  ; No output delay, min/max delays, false-path exceptions, or max skew assignments found ;
; leds_export[31]                                  ; No output delay, min/max delays, false-path exceptions, or max skew assignments found ;
+--------------------------------------------------+---------------------------------------------------------------------------------------+


+--------------------------+
; Timing Analyzer Messages ;
+--------------------------+
Info: *******************************************************************
Info: Running Quartus Prime Timing Analyzer
    Info: Version 18.1.0 Build 625 09/12/2018 SJ Lite Edition
    Info: Processing started: Fri Jun 13 19:02:33 2025
Info: Command: quartus_sta Reloj -c Reloj
Info: qsta_default_script.tcl version: #1
Warning (18236): Number of processors has not been specified which may cause overloading on shared machines.  Set the global assignment NUM_PARALLEL_PROCESSORS in your QSF to an appropriate value for best performance.
Info (20030): Parallel compilation is enabled and will use 8 of the 8 processors detected
Info (21077): Low junction temperature is -40 degrees C
Info (21077): High junction temperature is 100 degrees C
Info (332164): Evaluating HDL-embedded SDC commands
    Info (332165): Entity alt_jtag_atlantic
        Info (332166): set_false_path -from [get_registers {*|alt_jtag_atlantic:*|jupdate}] -to [get_registers {*|alt_jtag_atlantic:*|jupdate1*}] 
        Info (332166): set_false_path -from [get_registers {*|alt_jtag_atlantic:*|rdata[*]}] -to [get_registers {*|alt_jtag_atlantic*|td_shift[*]}]
        Info (332166): set_false_path -from [get_registers {*|alt_jtag_atlantic:*|rdata[*]}] -to [get_registers {*|alt_jtag_atlantic*|td_shift[*]}]
        Info (332166): set_false_path -from [get_registers {*|alt_jtag_atlantic:*|rdata[*]}] -to [get_registers {*|alt_jtag_atlantic*|td_shift[*]}]
        Info (332166): set_false_path -from [get_registers {*|alt_jtag_atlantic:*|rdata[*]}] -to [get_registers {*|alt_jtag_atlantic*|td_shift[*]}]
        Info (332166): set_false_path -from [get_registers {*|alt_jtag_atlantic:*|rdata[*]}] -to [get_registers {*|alt_jtag_atlantic*|td_shift[*]}]
        Info (332166): set_false_path -from [get_registers {*|alt_jtag_atlantic:*|rdata[*]}] -to [get_registers {*|alt_jtag_atlantic*|td_shift[*]}]
        Info (332166): set_false_path -from [get_registers {*|alt_jtag_atlantic:*|rdata[*]}] -to [get_registers {*|alt_jtag_atlantic*|td_shift[*]}]
        Info (332166): set_false_path -from [get_registers {*|alt_jtag_atlantic:*|rdata[*]}] -to [get_registers {*|alt_jtag_atlantic*|td_shift[*]}]
        Info (332166): set_false_path -from [get_registers {*|alt_jtag_atlantic:*|read}] -to [get_registers {*|alt_jtag_atlantic:*|read1*}] 
        Info (332166): set_false_path -from [get_registers {*|alt_jtag_atlantic:*|read_req}]
        Info (332166): set_false_path -from [get_registers {*|alt_jtag_atlantic:*|rvalid}] -to [get_registers {*|alt_jtag_atlantic*|td_shift[*]}]
        Info (332166): set_false_path -from [get_registers {*|t_dav}] -to [get_registers {*|alt_jtag_atlantic:*|tck_t_dav}]
        Info (332166): set_false_path -from [get_registers {*|alt_jtag_atlantic:*|user_saw_rvalid}] -to [get_registers {*|alt_jtag_atlantic:*|rvalid0*}]
        Info (332166): set_false_path -from [get_registers {*|alt_jtag_atlantic:*|wdata[*]}] -to [get_registers {*}]
        Info (332166): set_false_path -from [get_registers {*|alt_jtag_atlantic:*|wdata[*]}] -to [get_registers {*}]
        Info (332166): set_false_path -from [get_registers {*|alt_jtag_atlantic:*|wdata[*]}] -to [get_registers {*}]
        Info (332166): set_false_path -from [get_registers {*|alt_jtag_atlantic:*|wdata[*]}] -to [get_registers {*}]
        Info (332166): set_false_path -from [get_registers {*|alt_jtag_atlantic:*|wdata[*]}] -to [get_registers {*}]
        Info (332166): set_false_path -from [get_registers {*|alt_jtag_atlantic:*|wdata[*]}] -to [get_registers {*}]
        Info (332166): set_false_path -from [get_registers {*|alt_jtag_atlantic:*|wdata[*]}] -to [get_registers {*}]
        Info (332166): set_false_path -from [get_registers {*|alt_jtag_atlantic:*|wdata[*]}] -to [get_registers {*}]
        Info (332166): set_false_path -from [get_registers {*|alt_jtag_atlantic:*|write}] -to [get_registers {*|alt_jtag_atlantic:*|write1*}] 
        Info (332166): set_false_path -from [get_registers {*|alt_jtag_atlantic:*|write_stalled}] -to [get_registers {*|alt_jtag_atlantic:*|t_ena*}]
        Info (332166): set_false_path -from [get_registers {*|alt_jtag_atlantic:*|write_stalled}] -to [get_registers {*|alt_jtag_atlantic:*|t_pause*}]
        Info (332166): set_false_path -from [get_registers {*|alt_jtag_atlantic:*|write_valid}]
    Info (332165): Entity altera_std_synchronizer
        Info (332166): set_false_path -to [get_keepers {*altera_std_synchronizer:*|din_s1}]
    Info (332165): Entity sld_hub
        Info (332166): create_clock -name altera_reserved_tck [get_ports {altera_reserved_tck}] -period 30MHz   
        Info (332166): if { [string equal quartus_fit $::TimeQuestInfo(nameofexecutable)] } { set_max_delay -to [get_ports { altera_reserved_tdo } ] 0 }
        Info (332166): set_clock_groups -asynchronous -group {altera_reserved_tck}
Info (332104): Reading SDC File: 'reloj_soc/synthesis/submodules/altera_reset_controller.sdc'
Info (332104): Reading SDC File: 'reloj_soc/synthesis/submodules/reloj_soc_NIOSII_cpu.sdc'
Warning (332060): Node: clk_clk was determined to be a clock but was found without an associated clock assignment.
    Info (13166): Register reloj_soc_audio_0:audio_0|altera_up_audio_out_serializer:Audio_Out_Serializer|serial_audio_out_data is being clocked by clk_clk
Info (332143): No user constrained clock uncertainty found in the design. Calling "derive_clock_uncertainty"
Info (332123): Deriving Clock Uncertainty. Please refer to report_sdc in the Timing Analyzer to see clock uncertainties.
Warning (332056): PLL cross checking found inconsistent PLL clock settings:
    Warning (332056): Node: audio_pll_0|audio_pll|altera_pll_i|general[0].gpll~FRACTIONAL_PLL|vcoph[0] was found missing 1 generated clock that corresponds to a base clock with a period of: 20.000
Info: Found TIMING_ANALYZER_REPORT_SCRIPT_INCLUDE_DEFAULT_ANALYSIS = ON
Info: Analyzing Slow 1100mV 100C Model
Info (332146): Worst-case setup slack is 10.495
    Info (332119):     Slack       End Point TNS Clock 
    Info (332119): ========= =================== =====================
    Info (332119):    10.495               0.000 altera_reserved_tck 
Info (332146): Worst-case hold slack is 0.152
    Info (332119):     Slack       End Point TNS Clock 
    Info (332119): ========= =================== =====================
    Info (332119):     0.152               0.000 altera_reserved_tck 
Info (332146): Worst-case recovery slack is 13.671
    Info (332119):     Slack       End Point TNS Clock 
    Info (332119): ========= =================== =====================
    Info (332119):    13.671               0.000 altera_reserved_tck 
Info (332146): Worst-case removal slack is 1.104
    Info (332119):     Slack       End Point TNS Clock 
    Info (332119): ========= =================== =====================
    Info (332119):     1.104               0.000 altera_reserved_tck 
Info (332146): Worst-case minimum pulse width slack is 15.753
    Info (332119):     Slack       End Point TNS Clock 
    Info (332119): ========= =================== =====================
    Info (332119):    15.753               0.000 altera_reserved_tck 
Info (332114): Report Metastability: Found 2 synchronizer chains.
    Info (332114): Worst-Case MTBF of Design is 1e+09 years or 3.15e+16 seconds.
    Info (332114): Typical MTBF of Design is 1e+09 years or 3.15e+16 seconds.

    Info (332114): Number of Synchronizer Chains Found: 2
    Info (332114): Shortest Synchronizer Chain: 2 Registers
    Info (332114): Fraction of Chains for which MTBFs Could Not be Calculated: 0.000
    Info (332114): Worst Case Available Settling Time: 61.487 ns
    Info (332114): 
    Info (332114): Worst-Case MTBF values are calculated based on the worst-case silicon characteristics, with worst-case operating conditions.
    Info (332114):   - Under worst-case conditions, an increase of 100ps in available settling time will increase MTBF values by a factor of 8.0
    Info (332114): Typical MTBF values are calculated based on the nominal silicon characteristics, at nominal operating conditions.
    Info (332114):   - Under typical conditions, an increase of 100ps in available settling time will increase MTBF values by a factor of 17.8
Info: Analyzing Slow 1100mV -40C Model
Info (334003): Started post-fitting delay annotation
Info (334004): Delay annotation completed successfully
Warning (332060): Node: clk_clk was determined to be a clock but was found without an associated clock assignment.
    Info (13166): Register reloj_soc_audio_0:audio_0|altera_up_audio_out_serializer:Audio_Out_Serializer|serial_audio_out_data is being clocked by clk_clk
Info (332123): Deriving Clock Uncertainty. Please refer to report_sdc in the Timing Analyzer to see clock uncertainties.
Warning (332056): PLL cross checking found inconsistent PLL clock settings:
    Warning (332056): Node: audio_pll_0|audio_pll|altera_pll_i|general[0].gpll~FRACTIONAL_PLL|vcoph[0] was found missing 1 generated clock that corresponds to a base clock with a period of: 20.000
Info (332146): Worst-case setup slack is 10.719
    Info (332119):     Slack       End Point TNS Clock 
    Info (332119): ========= =================== =====================
    Info (332119):    10.719               0.000 altera_reserved_tck 
Info (332146): Worst-case hold slack is 0.140
    Info (332119):     Slack       End Point TNS Clock 
    Info (332119): ========= =================== =====================
    Info (332119):     0.140               0.000 altera_reserved_tck 
Info (332146): Worst-case recovery slack is 13.885
    Info (332119):     Slack       End Point TNS Clock 
    Info (332119): ========= =================== =====================
    Info (332119):    13.885               0.000 altera_reserved_tck 
Info (332146): Worst-case removal slack is 1.006
    Info (332119):     Slack       End Point TNS Clock 
    Info (332119): ========= =================== =====================
    Info (332119):     1.006               0.000 altera_reserved_tck 
Info (332146): Worst-case minimum pulse width slack is 15.773
    Info (332119):     Slack       End Point TNS Clock 
    Info (332119): ========= =================== =====================
    Info (332119):    15.773               0.000 altera_reserved_tck 
Info (332114): Report Metastability: Found 2 synchronizer chains.
    Info (332114): Worst-Case MTBF of Design is 1e+09 years or 3.15e+16 seconds.
    Info (332114): Typical MTBF of Design is 1e+09 years or 3.15e+16 seconds.

    Info (332114): Number of Synchronizer Chains Found: 2
    Info (332114): Shortest Synchronizer Chain: 2 Registers
    Info (332114): Fraction of Chains for which MTBFs Could Not be Calculated: 0.000
    Info (332114): Worst Case Available Settling Time: 61.687 ns
    Info (332114): 
    Info (332114): Worst-Case MTBF values are calculated based on the worst-case silicon characteristics, with worst-case operating conditions.
    Info (332114):   - Under worst-case conditions, an increase of 100ps in available settling time will increase MTBF values by a factor of 1.7
    Info (332114): Typical MTBF values are calculated based on the nominal silicon characteristics, at nominal operating conditions.
    Info (332114):   - Under typical conditions, an increase of 100ps in available settling time will increase MTBF values by a factor of 17.8
Info: Analyzing Fast 1100mV 100C Model
Info (334003): Started post-fitting delay annotation
Info (334004): Delay annotation completed successfully
Warning (332060): Node: clk_clk was determined to be a clock but was found without an associated clock assignment.
    Info (13166): Register reloj_soc_audio_0:audio_0|altera_up_audio_out_serializer:Audio_Out_Serializer|serial_audio_out_data is being clocked by clk_clk
Info (332123): Deriving Clock Uncertainty. Please refer to report_sdc in the Timing Analyzer to see clock uncertainties.
Warning (332056): PLL cross checking found inconsistent PLL clock settings:
    Warning (332056): Node: audio_pll_0|audio_pll|altera_pll_i|general[0].gpll~FRACTIONAL_PLL|vcoph[0] was found missing 1 generated clock that corresponds to a base clock with a period of: 20.000
Info (332146): Worst-case setup slack is 13.588
    Info (332119):     Slack       End Point TNS Clock 
    Info (332119): ========= =================== =====================
    Info (332119):    13.588               0.000 altera_reserved_tck 
Info (332146): Worst-case hold slack is 0.024
    Info (332119):     Slack       End Point TNS Clock 
    Info (332119): ========= =================== =====================
    Info (332119):     0.024               0.000 altera_reserved_tck 
Info (332146): Worst-case recovery slack is 15.189
    Info (332119):     Slack       End Point TNS Clock 
    Info (332119): ========= =================== =====================
    Info (332119):    15.189               0.000 altera_reserved_tck 
Info (332146): Worst-case removal slack is 0.484
    Info (332119):     Slack       End Point TNS Clock 
    Info (332119): ========= =================== =====================
    Info (332119):     0.484               0.000 altera_reserved_tck 
Info (332146): Worst-case minimum pulse width slack is 15.759
    Info (332119):     Slack       End Point TNS Clock 
    Info (332119): ========= =================== =====================
    Info (332119):    15.759               0.000 altera_reserved_tck 
Info (332114): Report Metastability: Found 2 synchronizer chains.
    Info (332114): Worst-Case MTBF of Design is 1e+09 years or 3.15e+16 seconds.
    Info (332114): Typical MTBF of Design is 1e+09 years or 3.15e+16 seconds.

    Info (332114): Number of Synchronizer Chains Found: 2
    Info (332114): Shortest Synchronizer Chain: 2 Registers
    Info (332114): Fraction of Chains for which MTBFs Could Not be Calculated: 0.000
    Info (332114): Worst Case Available Settling Time: 63.497 ns
    Info (332114): 
    Info (332114): Worst-Case MTBF values are calculated based on the worst-case silicon characteristics, with worst-case operating conditions.
    Info (332114):   - Under worst-case conditions, an increase of 100ps in available settling time will increase MTBF values by a factor of 8.0
    Info (332114): Typical MTBF values are calculated based on the nominal silicon characteristics, at nominal operating conditions.
    Info (332114):   - Under typical conditions, an increase of 100ps in available settling time will increase MTBF values by a factor of 17.8
Info: Analyzing Fast 1100mV -40C Model
Warning (332060): Node: clk_clk was determined to be a clock but was found without an associated clock assignment.
    Info (13166): Register reloj_soc_audio_0:audio_0|altera_up_audio_out_serializer:Audio_Out_Serializer|serial_audio_out_data is being clocked by clk_clk
Info (332123): Deriving Clock Uncertainty. Please refer to report_sdc in the Timing Analyzer to see clock uncertainties.
Warning (332056): PLL cross checking found inconsistent PLL clock settings:
    Warning (332056): Node: audio_pll_0|audio_pll|altera_pll_i|general[0].gpll~FRACTIONAL_PLL|vcoph[0] was found missing 1 generated clock that corresponds to a base clock with a period of: 20.000
Info (332146): Worst-case setup slack is 14.102
    Info (332119):     Slack       End Point TNS Clock 
    Info (332119): ========= =================== =====================
    Info (332119):    14.102               0.000 altera_reserved_tck 
Info (332146): Worst-case hold slack is 0.005
    Info (332119):     Slack       End Point TNS Clock 
    Info (332119): ========= =================== =====================
    Info (332119):     0.005               0.000 altera_reserved_tck 
Info (332146): Worst-case recovery slack is 15.482
    Info (332119):     Slack       End Point TNS Clock 
    Info (332119): ========= =================== =====================
    Info (332119):    15.482               0.000 altera_reserved_tck 
Info (332146): Worst-case removal slack is 0.389
    Info (332119):     Slack       End Point TNS Clock 
    Info (332119): ========= =================== =====================
    Info (332119):     0.389               0.000 altera_reserved_tck 
Info (332146): Worst-case minimum pulse width slack is 15.796
    Info (332119):     Slack       End Point TNS Clock 
    Info (332119): ========= =================== =====================
    Info (332119):    15.796               0.000 altera_reserved_tck 
Info (332114): Report Metastability: Found 2 synchronizer chains.
    Info (332114): Worst-Case MTBF of Design is 1e+09 years or 3.15e+16 seconds.
    Info (332114): Typical MTBF of Design is 1e+09 years or 3.15e+16 seconds.

    Info (332114): Number of Synchronizer Chains Found: 2
    Info (332114): Shortest Synchronizer Chain: 2 Registers
    Info (332114): Fraction of Chains for which MTBFs Could Not be Calculated: 0.000
    Info (332114): Worst Case Available Settling Time: 63.858 ns
    Info (332114): 
    Info (332114): Worst-Case MTBF values are calculated based on the worst-case silicon characteristics, with worst-case operating conditions.
    Info (332114):   - Under worst-case conditions, an increase of 100ps in available settling time will increase MTBF values by a factor of 1.7
    Info (332114): Typical MTBF values are calculated based on the nominal silicon characteristics, at nominal operating conditions.
    Info (332114):   - Under typical conditions, an increase of 100ps in available settling time will increase MTBF values by a factor of 17.8
Info (332102): Design is not fully constrained for setup requirements
Info (332102): Design is not fully constrained for hold requirements
Info: Quartus Prime Timing Analyzer was successful. 0 errors, 13 warnings
    Info: Peak virtual memory: 1346 megabytes
    Info: Processing ended: Fri Jun 13 19:02:40 2025
    Info: Elapsed time: 00:00:07
    Info: Total CPU time (on all processors): 00:00:12


