Fitter report for Reloj
Fri Jun 13 19:02:24 2025
Quartus Prime Version 18.1.0 Build 625 09/12/2018 SJ Lite Edition


---------------------
; Table of Contents ;
---------------------
  1. Legal Notice
  2. Fitter Summary
  3. Fitter Settings
  4. Parallel Compilation
  5. Fitter Netlist Optimizations
  6. Ignored Assignments
  7. Incremental Compilation Preservation Summary
  8. Incremental Compilation Partition Settings
  9. Incremental Compilation Placement Preservation
 10. Pin-Out File
 11. Fitter Resource Usage Summary
 12. Fitter Partition Statistics
 13. Input Pins
 14. Output Pins
 15. Bidir Pins
 16. I/O Bank Usage
 17. All Package Pins
 18. I/O Assignment Warnings
 19. PLL Usage Summary
 20. Fitter Resource Utilization by Entity
 21. Delay Chain Summary
 22. Pad To Core Delay Chain Fanout
 23. Control Signals
 24. Global & Other Fast Signals
 25. Non-Global High Fan-Out Signals
 26. Fitter RAM Summary
 27. Routing Usage Summary
 28. I/O Rules Summary
 29. I/O Rules Details
 30. I/O Rules Matrix
 31. Fitter Device Options
 32. Operating Settings and Conditions
 33. Estimated Delay Added for Hold Timing Summary
 34. Estimated Delay Added for Hold Timing Details
 35. Fitter Messages
 36. Fitter Suppressed Messages



----------------
; Legal Notice ;
----------------
Copyright (C) 2018  Intel Corporation. All rights reserved.
Your use of Intel Corporation's design tools, logic functions 
and other software and tools, and its AMPP partner logic 
functions, and any output files from any of the foregoing 
(including device programming or simulation files), and any 
associated documentation or information are expressly subject 
to the terms and conditions of the Intel Program License 
Subscription Agreement, the Intel Quartus Prime License Agreement,
the Intel FPGA IP License Agreement, or other applicable license
agreement, including, without limitation, that your use is for
the sole purpose of programming logic devices manufactured by
Intel and sold by Intel or its authorized distributors.  Please
refer to the applicable agreement for further details.



+-------------------------------------------------------------------------------+
; Fitter Summary                                                                ;
+---------------------------------+---------------------------------------------+
; Fitter Status                   ; Successful - Fri Jun 13 19:02:24 2025       ;
; Quartus Prime Version           ; 18.1.0 Build 625 09/12/2018 SJ Lite Edition ;
; Revision Name                   ; Reloj                                       ;
; Top-level Entity Name           ; reloj_soc                                   ;
; Family                          ; Cyclone V                                   ;
; Device                          ; 5CSTFD5D5F31I7                              ;
; Timing Models                   ; Final                                       ;
; Logic utilization (in ALMs)     ; 996 / 32,070 ( 3 % )                        ;
; Total registers                 ; 1450                                        ;
; Total pins                      ; 72 / 499 ( 14 % )                           ;
; Total virtual pins              ; 0                                           ;
; Total block memory bits         ; 80,896 / 4,065,280 ( 2 % )                  ;
; Total RAM Blocks                ; 15 / 397 ( 4 % )                            ;
; Total DSP Blocks                ; 0 / 87 ( 0 % )                              ;
; Total HSSI RX PCSs              ; 0 / 9 ( 0 % )                               ;
; Total HSSI PMA RX Deserializers ; 0 / 9 ( 0 % )                               ;
; Total HSSI TX PCSs              ; 0 / 9 ( 0 % )                               ;
; Total HSSI PMA TX Serializers   ; 0 / 9 ( 0 % )                               ;
; Total PLLs                      ; 1 / 15 ( 7 % )                              ;
; Total DLLs                      ; 0 / 4 ( 0 % )                               ;
+---------------------------------+---------------------------------------------+


+----------------------------------------------------------------------------------------------------------------------------------------------------+
; Fitter Settings                                                                                                                                    ;
+--------------------------------------------------------------------+---------------------------------------+---------------------------------------+
; Option                                                             ; Setting                               ; Default Value                         ;
+--------------------------------------------------------------------+---------------------------------------+---------------------------------------+
; Device                                                             ; 5CSTFD5D5F31I7                        ;                                       ;
; Minimum Core Junction Temperature                                  ; -40                                   ;                                       ;
; Maximum Core Junction Temperature                                  ; 100                                   ;                                       ;
; Use smart compilation                                              ; Off                                   ; Off                                   ;
; Enable parallel Assembler and Timing Analyzer during compilation   ; On                                    ; On                                    ;
; Enable compact report table                                        ; Off                                   ; Off                                   ;
; Router Timing Optimization Level                                   ; Normal                                ; Normal                                ;
; Perform Clocking Topology Analysis During Routing                  ; Off                                   ; Off                                   ;
; Placement Effort Multiplier                                        ; 1.0                                   ; 1.0                                   ;
; Device initialization clock source                                 ; INIT_INTOSC                           ; INIT_INTOSC                           ;
; Optimize Hold Timing                                               ; All Paths                             ; All Paths                             ;
; Optimize Multi-Corner Timing                                       ; On                                    ; On                                    ;
; Auto RAM to MLAB Conversion                                        ; On                                    ; On                                    ;
; Equivalent RAM and MLAB Power Up                                   ; Auto                                  ; Auto                                  ;
; Equivalent RAM and MLAB Paused Read Capabilities                   ; Care                                  ; Care                                  ;
; Power Optimization During Fitting                                  ; Normal compilation                    ; Normal compilation                    ;
; SSN Optimization                                                   ; Off                                   ; Off                                   ;
; Optimize Timing                                                    ; Normal compilation                    ; Normal compilation                    ;
; Optimize Timing for ECOs                                           ; Off                                   ; Off                                   ;
; Regenerate Full Fit Report During ECO Compiles                     ; Off                                   ; Off                                   ;
; Optimize IOC Register Placement for Timing                         ; Normal                                ; Normal                                ;
; Final Placement Optimizations                                      ; Automatically                         ; Automatically                         ;
; Fitter Aggressive Routability Optimizations                        ; Automatically                         ; Automatically                         ;
; Fitter Initial Placement Seed                                      ; 1                                     ; 1                                     ;
; Periphery to Core Placement and Routing Optimization               ; Off                                   ; Off                                   ;
; Weak Pull-Up Resistor                                              ; Off                                   ; Off                                   ;
; Enable Bus-Hold Circuitry                                          ; Off                                   ; Off                                   ;
; Auto Packed Registers                                              ; Auto                                  ; Auto                                  ;
; Auto Delay Chains                                                  ; On                                    ; On                                    ;
; Auto Delay Chains for High Fanout Input Pins                       ; Off                                   ; Off                                   ;
; Treat Bidirectional Pin as Output Pin                              ; Off                                   ; Off                                   ;
; Perform Physical Synthesis for Combinational Logic for Fitting     ; Off                                   ; Off                                   ;
; Perform Physical Synthesis for Combinational Logic for Performance ; Off                                   ; Off                                   ;
; Perform Register Duplication for Performance                       ; Off                                   ; Off                                   ;
; Perform Register Retiming for Performance                          ; Off                                   ; Off                                   ;
; Perform Asynchronous Signal Pipelining                             ; Off                                   ; Off                                   ;
; Fitter Effort                                                      ; Auto Fit                              ; Auto Fit                              ;
; Physical Synthesis Effort Level                                    ; Normal                                ; Normal                                ;
; Logic Cell Insertion - Logic Duplication                           ; Auto                                  ; Auto                                  ;
; Auto Register Duplication                                          ; Auto                                  ; Auto                                  ;
; Auto Global Clock                                                  ; On                                    ; On                                    ;
; Auto Global Register Control Signals                               ; On                                    ; On                                    ;
; Reserve all unused pins                                            ; As input tri-stated with weak pull-up ; As input tri-stated with weak pull-up ;
; Synchronizer Identification                                        ; Auto                                  ; Auto                                  ;
; Enable Beneficial Skew Optimization                                ; On                                    ; On                                    ;
; Optimize Design for Metastability                                  ; On                                    ; On                                    ;
; Active Serial clock source                                         ; FREQ_100MHz                           ; FREQ_100MHz                           ;
; Force Fitter to Avoid Periphery Placement Warnings                 ; Off                                   ; Off                                   ;
; Clamping Diode                                                     ; Off                                   ; Off                                   ;
; Enable input tri-state on active configuration pins in user mode   ; Off                                   ; Off                                   ;
; Advanced Physical Optimization                                     ; On                                    ; On                                    ;
+--------------------------------------------------------------------+---------------------------------------+---------------------------------------+


+------------------------------------------+
; Parallel Compilation                     ;
+----------------------------+-------------+
; Processors                 ; Number      ;
+----------------------------+-------------+
; Number detected on machine ; 8           ;
; Maximum allowed            ; 8           ;
;                            ;             ;
; Average used               ; 1.17        ;
; Maximum used               ; 8           ;
;                            ;             ;
; Usage by Processor         ; % Time Used ;
;     Processor 1            ; 100.0%      ;
;     Processor 2            ;   2.8%      ;
;     Processor 3            ;   2.7%      ;
;     Processor 4            ;   2.6%      ;
;     Processor 5            ;   2.4%      ;
;     Processor 6            ;   2.4%      ;
;     Processor 7            ;   2.3%      ;
;     Processor 8            ;   2.3%      ;
+----------------------------+-------------+


+----------------------------------------------------------------------------------------------------------------------------------------------------------------------------------------------------------------------------------------------------------------------------------------------------------------------------------------------------------------------------------------------------------------------------------------------------------------------------------------------------------------------------------------------------------------------------------------------------------------------------------------------------------------------------------------------------------------------------------------------------------------------------------------------------------------------------------------------------------------------------------------------------------+
; Fitter Netlist Optimizations                                                                                                                                                                                                                                                                                                                                                                                                                                                                                                                                                                                                                                                                                                                                                                                                                                                                             ;
+----------------------------------------------------------------------------------------------------------------------------------------------------------------------------------------------------------------------------------------------------------------------------------------------------------------------------------------------------------+-----------------+---------------------------------------------------+----------------------------+-----------+----------------+--------------------------------------------------------------------------------------------------------------------------------------------------------------------------------------------------------------------------------------------------------------------------------------------------------------------------------------------------------------------+------------------+-----------------------+
; Node                                                                                                                                                                                                                                                                                                                                                     ; Action          ; Operation                                         ; Reason                     ; Node Port ; Node Port Name ; Destination Node                                                                                                                                                                                                                                                                                                                                                   ; Destination Port ; Destination Port Name ;
+----------------------------------------------------------------------------------------------------------------------------------------------------------------------------------------------------------------------------------------------------------------------------------------------------------------------------------------------------------+-----------------+---------------------------------------------------+----------------------------+-----------+----------------+--------------------------------------------------------------------------------------------------------------------------------------------------------------------------------------------------------------------------------------------------------------------------------------------------------------------------------------------------------------------+------------------+-----------------------+
; reloj_soc_audio_pll_0:audio_pll_0|reloj_soc_audio_pll_0_audio_pll:audio_pll|altera_pll:altera_pll_i|outclk_wire[0]~CLKENA0                                                                                                                                                                                                                               ; Created         ; Placement                                         ; Fitter Periphery Placement ;           ;                ;                                                                                                                                                                                                                                                                                                                                                                    ;                  ;                       ;
; clk_clk~inputCLKENA0                                                                                                                                                                                                                                                                                                                                     ; Created         ; Placement                                         ; Fitter Periphery Placement ;           ;                ;                                                                                                                                                                                                                                                                                                                                                                    ;                  ;                       ;
; reloj_soc_UART:uart|alt_jtag_atlantic:reloj_soc_UART_alt_jtag_atlantic|rdata[0]                                                                                                                                                                                                                                                                          ; Packed Register ; Register Packing                                  ; Timing optimization        ; Q         ;                ; reloj_soc_UART:uart|reloj_soc_UART_scfifo_w:the_reloj_soc_UART_scfifo_w|scfifo:wfifo|scfifo_3291:auto_generated|a_dpfifo_5771:dpfifo|altsyncram_7pu1:FIFOram|q_b[0]                                                                                                                                                                                                ; PORTBDATAOUT     ;                       ;
; reloj_soc_UART:uart|alt_jtag_atlantic:reloj_soc_UART_alt_jtag_atlantic|rdata[1]                                                                                                                                                                                                                                                                          ; Packed Register ; Register Packing                                  ; Timing optimization        ; Q         ;                ; reloj_soc_UART:uart|reloj_soc_UART_scfifo_w:the_reloj_soc_UART_scfifo_w|scfifo:wfifo|scfifo_3291:auto_generated|a_dpfifo_5771:dpfifo|altsyncram_7pu1:FIFOram|q_b[1]                                                                                                                                                                                                ; PORTBDATAOUT     ;                       ;
; reloj_soc_UART:uart|alt_jtag_atlantic:reloj_soc_UART_alt_jtag_atlantic|rdata[2]                                                                                                                                                                                                                                                                          ; Packed Register ; Register Packing                                  ; Timing optimization        ; Q         ;                ; reloj_soc_UART:uart|reloj_soc_UART_scfifo_w:the_reloj_soc_UART_scfifo_w|scfifo:wfifo|scfifo_3291:auto_generated|a_dpfifo_5771:dpfifo|altsyncram_7pu1:FIFOram|q_b[2]                                                                                                                                                                                                ; PORTBDATAOUT     ;                       ;
; reloj_soc_UART:uart|alt_jtag_atlantic:reloj_soc_UART_alt_jtag_atlantic|rdata[3]                                                                                                                                                                                                                                                                          ; Packed Register ; Register Packing                                  ; Timing optimization        ; Q         ;                ; reloj_soc_UART:uart|reloj_soc_UART_scfifo_w:the_reloj_soc_UART_scfifo_w|scfifo:wfifo|scfifo_3291:auto_generated|a_dpfifo_5771:dpfifo|altsyncram_7pu1:FIFOram|q_b[3]                                                                                                                                                                                                ; PORTBDATAOUT     ;                       ;
; reloj_soc_UART:uart|alt_jtag_atlantic:reloj_soc_UART_alt_jtag_atlantic|rdata[4]                                                                                                                                                                                                                                                                          ; Packed Register ; Register Packing                                  ; Timing optimization        ; Q         ;                ; reloj_soc_UART:uart|reloj_soc_UART_scfifo_w:the_reloj_soc_UART_scfifo_w|scfifo:wfifo|scfifo_3291:auto_generated|a_dpfifo_5771:dpfifo|altsyncram_7pu1:FIFOram|q_b[4]                                                                                                                                                                                                ; PORTBDATAOUT     ;                       ;
; reloj_soc_UART:uart|alt_jtag_atlantic:reloj_soc_UART_alt_jtag_atlantic|rdata[5]                                                                                                                                                                                                                                                                          ; Packed Register ; Register Packing                                  ; Timing optimization        ; Q         ;                ; reloj_soc_UART:uart|reloj_soc_UART_scfifo_w:the_reloj_soc_UART_scfifo_w|scfifo:wfifo|scfifo_3291:auto_generated|a_dpfifo_5771:dpfifo|altsyncram_7pu1:FIFOram|q_b[5]                                                                                                                                                                                                ; PORTBDATAOUT     ;                       ;
; reloj_soc_UART:uart|alt_jtag_atlantic:reloj_soc_UART_alt_jtag_atlantic|rdata[6]                                                                                                                                                                                                                                                                          ; Packed Register ; Register Packing                                  ; Timing optimization        ; Q         ;                ; reloj_soc_UART:uart|reloj_soc_UART_scfifo_w:the_reloj_soc_UART_scfifo_w|scfifo:wfifo|scfifo_3291:auto_generated|a_dpfifo_5771:dpfifo|altsyncram_7pu1:FIFOram|q_b[6]                                                                                                                                                                                                ; PORTBDATAOUT     ;                       ;
; reloj_soc_UART:uart|alt_jtag_atlantic:reloj_soc_UART_alt_jtag_atlantic|rdata[7]                                                                                                                                                                                                                                                                          ; Packed Register ; Register Packing                                  ; Timing optimization        ; Q         ;                ; reloj_soc_UART:uart|reloj_soc_UART_scfifo_w:the_reloj_soc_UART_scfifo_w|scfifo:wfifo|scfifo_3291:auto_generated|a_dpfifo_5771:dpfifo|altsyncram_7pu1:FIFOram|q_b[7]                                                                                                                                                                                                ; PORTBDATAOUT     ;                       ;
; reloj_soc_NIOSII:niosii|reloj_soc_NIOSII_cpu:cpu|E_shift_rot_result[1]                                                                                                                                                                                                                                                                                   ; Duplicated      ; Router Logic Cell Insertion and Logic Duplication ; Routability optimization   ;           ;                ; reloj_soc_NIOSII:niosii|reloj_soc_NIOSII_cpu:cpu|E_shift_rot_result[1]~DUPLICATE                                                                                                                                                                                                                                                                                   ;                  ;                       ;
; reloj_soc_NIOSII:niosii|reloj_soc_NIOSII_cpu:cpu|E_shift_rot_result[3]                                                                                                                                                                                                                                                                                   ; Duplicated      ; Router Logic Cell Insertion and Logic Duplication ; Routability optimization   ;           ;                ; reloj_soc_NIOSII:niosii|reloj_soc_NIOSII_cpu:cpu|E_shift_rot_result[3]~DUPLICATE                                                                                                                                                                                                                                                                                   ;                  ;                       ;
; reloj_soc_NIOSII:niosii|reloj_soc_NIOSII_cpu:cpu|E_shift_rot_result[4]                                                                                                                                                                                                                                                                                   ; Duplicated      ; Router Logic Cell Insertion and Logic Duplication ; Routability optimization   ;           ;                ; reloj_soc_NIOSII:niosii|reloj_soc_NIOSII_cpu:cpu|E_shift_rot_result[4]~DUPLICATE                                                                                                                                                                                                                                                                                   ;                  ;                       ;
; reloj_soc_NIOSII:niosii|reloj_soc_NIOSII_cpu:cpu|E_shift_rot_result[11]                                                                                                                                                                                                                                                                                  ; Duplicated      ; Router Logic Cell Insertion and Logic Duplication ; Routability optimization   ;           ;                ; reloj_soc_NIOSII:niosii|reloj_soc_NIOSII_cpu:cpu|E_shift_rot_result[11]~DUPLICATE                                                                                                                                                                                                                                                                                  ;                  ;                       ;
; reloj_soc_NIOSII:niosii|reloj_soc_NIOSII_cpu:cpu|E_shift_rot_result[16]                                                                                                                                                                                                                                                                                  ; Duplicated      ; Router Logic Cell Insertion and Logic Duplication ; Routability optimization   ;           ;                ; reloj_soc_NIOSII:niosii|reloj_soc_NIOSII_cpu:cpu|E_shift_rot_result[16]~DUPLICATE                                                                                                                                                                                                                                                                                  ;                  ;                       ;
; reloj_soc_NIOSII:niosii|reloj_soc_NIOSII_cpu:cpu|E_shift_rot_result[17]                                                                                                                                                                                                                                                                                  ; Duplicated      ; Router Logic Cell Insertion and Logic Duplication ; Routability optimization   ;           ;                ; reloj_soc_NIOSII:niosii|reloj_soc_NIOSII_cpu:cpu|E_shift_rot_result[17]~DUPLICATE                                                                                                                                                                                                                                                                                  ;                  ;                       ;
; reloj_soc_NIOSII:niosii|reloj_soc_NIOSII_cpu:cpu|E_shift_rot_result[23]                                                                                                                                                                                                                                                                                  ; Duplicated      ; Router Logic Cell Insertion and Logic Duplication ; Routability optimization   ;           ;                ; reloj_soc_NIOSII:niosii|reloj_soc_NIOSII_cpu:cpu|E_shift_rot_result[23]~DUPLICATE                                                                                                                                                                                                                                                                                  ;                  ;                       ;
; reloj_soc_NIOSII:niosii|reloj_soc_NIOSII_cpu:cpu|E_shift_rot_result[25]                                                                                                                                                                                                                                                                                  ; Duplicated      ; Router Logic Cell Insertion and Logic Duplication ; Routability optimization   ;           ;                ; reloj_soc_NIOSII:niosii|reloj_soc_NIOSII_cpu:cpu|E_shift_rot_result[25]~DUPLICATE                                                                                                                                                                                                                                                                                  ;                  ;                       ;
; reloj_soc_NIOSII:niosii|reloj_soc_NIOSII_cpu:cpu|E_shift_rot_result[26]                                                                                                                                                                                                                                                                                  ; Duplicated      ; Router Logic Cell Insertion and Logic Duplication ; Routability optimization   ;           ;                ; reloj_soc_NIOSII:niosii|reloj_soc_NIOSII_cpu:cpu|E_shift_rot_result[26]~DUPLICATE                                                                                                                                                                                                                                                                                  ;                  ;                       ;
; reloj_soc_NIOSII:niosii|reloj_soc_NIOSII_cpu:cpu|E_shift_rot_result[30]                                                                                                                                                                                                                                                                                  ; Duplicated      ; Router Logic Cell Insertion and Logic Duplication ; Routability optimization   ;           ;                ; reloj_soc_NIOSII:niosii|reloj_soc_NIOSII_cpu:cpu|E_shift_rot_result[30]~DUPLICATE                                                                                                                                                                                                                                                                                  ;                  ;                       ;
; reloj_soc_NIOSII:niosii|reloj_soc_NIOSII_cpu:cpu|E_shift_rot_result[31]                                                                                                                                                                                                                                                                                  ; Duplicated      ; Router Logic Cell Insertion and Logic Duplication ; Routability optimization   ;           ;                ; reloj_soc_NIOSII:niosii|reloj_soc_NIOSII_cpu:cpu|E_shift_rot_result[31]~DUPLICATE                                                                                                                                                                                                                                                                                  ;                  ;                       ;
; reloj_soc_NIOSII:niosii|reloj_soc_NIOSII_cpu:cpu|E_src1[26]                                                                                                                                                                                                                                                                                              ; Duplicated      ; Router Logic Cell Insertion and Logic Duplication ; Routability optimization   ;           ;                ; reloj_soc_NIOSII:niosii|reloj_soc_NIOSII_cpu:cpu|E_src1[26]~DUPLICATE                                                                                                                                                                                                                                                                                              ;                  ;                       ;
; reloj_soc_NIOSII:niosii|reloj_soc_NIOSII_cpu:cpu|R_ctrl_rd_ctl_reg                                                                                                                                                                                                                                                                                       ; Duplicated      ; Router Logic Cell Insertion and Logic Duplication ; Routability optimization   ;           ;                ; reloj_soc_NIOSII:niosii|reloj_soc_NIOSII_cpu:cpu|R_ctrl_rd_ctl_reg~DUPLICATE                                                                                                                                                                                                                                                                                       ;                  ;                       ;
; reloj_soc_NIOSII:niosii|reloj_soc_NIOSII_cpu:cpu|R_ctrl_shift_rot                                                                                                                                                                                                                                                                                        ; Duplicated      ; Router Logic Cell Insertion and Logic Duplication ; Routability optimization   ;           ;                ; reloj_soc_NIOSII:niosii|reloj_soc_NIOSII_cpu:cpu|R_ctrl_shift_rot~DUPLICATE                                                                                                                                                                                                                                                                                        ;                  ;                       ;
; reloj_soc_NIOSII:niosii|reloj_soc_NIOSII_cpu:cpu|av_ld_byte1_data[0]                                                                                                                                                                                                                                                                                     ; Duplicated      ; Router Logic Cell Insertion and Logic Duplication ; Routability optimization   ;           ;                ; reloj_soc_NIOSII:niosii|reloj_soc_NIOSII_cpu:cpu|av_ld_byte1_data[0]~DUPLICATE                                                                                                                                                                                                                                                                                     ;                  ;                       ;
; reloj_soc_NIOSII:niosii|reloj_soc_NIOSII_cpu:cpu|av_ld_byte2_data[0]                                                                                                                                                                                                                                                                                     ; Duplicated      ; Router Logic Cell Insertion and Logic Duplication ; Routability optimization   ;           ;                ; reloj_soc_NIOSII:niosii|reloj_soc_NIOSII_cpu:cpu|av_ld_byte2_data[0]~DUPLICATE                                                                                                                                                                                                                                                                                     ;                  ;                       ;
; reloj_soc_NIOSII:niosii|reloj_soc_NIOSII_cpu:cpu|av_ld_byte2_data[2]                                                                                                                                                                                                                                                                                     ; Duplicated      ; Router Logic Cell Insertion and Logic Duplication ; Routability optimization   ;           ;                ; reloj_soc_NIOSII:niosii|reloj_soc_NIOSII_cpu:cpu|av_ld_byte2_data[2]~DUPLICATE                                                                                                                                                                                                                                                                                     ;                  ;                       ;
; reloj_soc_NIOSII:niosii|reloj_soc_NIOSII_cpu:cpu|av_ld_byte2_data[5]                                                                                                                                                                                                                                                                                     ; Duplicated      ; Router Logic Cell Insertion and Logic Duplication ; Routability optimization   ;           ;                ; reloj_soc_NIOSII:niosii|reloj_soc_NIOSII_cpu:cpu|av_ld_byte2_data[5]~DUPLICATE                                                                                                                                                                                                                                                                                     ;                  ;                       ;
; reloj_soc_NIOSII:niosii|reloj_soc_NIOSII_cpu:cpu|av_ld_byte2_data[6]                                                                                                                                                                                                                                                                                     ; Duplicated      ; Router Logic Cell Insertion and Logic Duplication ; Routability optimization   ;           ;                ; reloj_soc_NIOSII:niosii|reloj_soc_NIOSII_cpu:cpu|av_ld_byte2_data[6]~DUPLICATE                                                                                                                                                                                                                                                                                     ;                  ;                       ;
; reloj_soc_NIOSII:niosii|reloj_soc_NIOSII_cpu:cpu|av_ld_byte2_data[7]                                                                                                                                                                                                                                                                                     ; Duplicated      ; Router Logic Cell Insertion and Logic Duplication ; Routability optimization   ;           ;                ; reloj_soc_NIOSII:niosii|reloj_soc_NIOSII_cpu:cpu|av_ld_byte2_data[7]~DUPLICATE                                                                                                                                                                                                                                                                                     ;                  ;                       ;
; reloj_soc_NIOSII:niosii|reloj_soc_NIOSII_cpu:cpu|d_writedata[0]                                                                                                                                                                                                                                                                                          ; Duplicated      ; Router Logic Cell Insertion and Logic Duplication ; Routability optimization   ;           ;                ; reloj_soc_NIOSII:niosii|reloj_soc_NIOSII_cpu:cpu|d_writedata[0]~DUPLICATE                                                                                                                                                                                                                                                                                          ;                  ;                       ;
; reloj_soc_NIOSII:niosii|reloj_soc_NIOSII_cpu:cpu|d_writedata[6]                                                                                                                                                                                                                                                                                          ; Duplicated      ; Router Logic Cell Insertion and Logic Duplication ; Routability optimization   ;           ;                ; reloj_soc_NIOSII:niosii|reloj_soc_NIOSII_cpu:cpu|d_writedata[6]~DUPLICATE                                                                                                                                                                                                                                                                                          ;                  ;                       ;
; reloj_soc_NIOSII:niosii|reloj_soc_NIOSII_cpu:cpu|d_writedata[25]                                                                                                                                                                                                                                                                                         ; Duplicated      ; Router Logic Cell Insertion and Logic Duplication ; Routability optimization   ;           ;                ; reloj_soc_NIOSII:niosii|reloj_soc_NIOSII_cpu:cpu|d_writedata[25]~DUPLICATE                                                                                                                                                                                                                                                                                         ;                  ;                       ;
; reloj_soc_NIOSII:niosii|reloj_soc_NIOSII_cpu:cpu|i_read                                                                                                                                                                                                                                                                                                  ; Duplicated      ; Router Logic Cell Insertion and Logic Duplication ; Routability optimization   ;           ;                ; reloj_soc_NIOSII:niosii|reloj_soc_NIOSII_cpu:cpu|i_read~DUPLICATE                                                                                                                                                                                                                                                                                                  ;                  ;                       ;
; reloj_soc_NIOSII:niosii|reloj_soc_NIOSII_cpu:cpu|reloj_soc_NIOSII_cpu_nios2_oci:the_reloj_soc_NIOSII_cpu_nios2_oci|reloj_soc_NIOSII_cpu_nios2_avalon_reg:the_reloj_soc_NIOSII_cpu_nios2_avalon_reg|oci_ienable[1]                                                                                                                                        ; Duplicated      ; Router Logic Cell Insertion and Logic Duplication ; Routability optimization   ;           ;                ; reloj_soc_NIOSII:niosii|reloj_soc_NIOSII_cpu:cpu|reloj_soc_NIOSII_cpu_nios2_oci:the_reloj_soc_NIOSII_cpu_nios2_oci|reloj_soc_NIOSII_cpu_nios2_avalon_reg:the_reloj_soc_NIOSII_cpu_nios2_avalon_reg|oci_ienable[1]~DUPLICATE                                                                                                                                        ;                  ;                       ;
; reloj_soc_NIOSII:niosii|reloj_soc_NIOSII_cpu:cpu|reloj_soc_NIOSII_cpu_nios2_oci:the_reloj_soc_NIOSII_cpu_nios2_oci|reloj_soc_NIOSII_cpu_nios2_oci_debug:the_reloj_soc_NIOSII_cpu_nios2_oci_debug|monitor_error                                                                                                                                           ; Duplicated      ; Router Logic Cell Insertion and Logic Duplication ; Routability optimization   ;           ;                ; reloj_soc_NIOSII:niosii|reloj_soc_NIOSII_cpu:cpu|reloj_soc_NIOSII_cpu_nios2_oci:the_reloj_soc_NIOSII_cpu_nios2_oci|reloj_soc_NIOSII_cpu_nios2_oci_debug:the_reloj_soc_NIOSII_cpu_nios2_oci_debug|monitor_error~DUPLICATE                                                                                                                                           ;                  ;                       ;
; reloj_soc_NIOSII:niosii|reloj_soc_NIOSII_cpu:cpu|reloj_soc_NIOSII_cpu_nios2_oci:the_reloj_soc_NIOSII_cpu_nios2_oci|reloj_soc_NIOSII_cpu_nios2_ocimem:the_reloj_soc_NIOSII_cpu_nios2_ocimem|MonDReg[8]                                                                                                                                                    ; Duplicated      ; Router Logic Cell Insertion and Logic Duplication ; Routability optimization   ;           ;                ; reloj_soc_NIOSII:niosii|reloj_soc_NIOSII_cpu:cpu|reloj_soc_NIOSII_cpu_nios2_oci:the_reloj_soc_NIOSII_cpu_nios2_oci|reloj_soc_NIOSII_cpu_nios2_ocimem:the_reloj_soc_NIOSII_cpu_nios2_ocimem|MonDReg[8]~DUPLICATE                                                                                                                                                    ;                  ;                       ;
; reloj_soc_NIOSII:niosii|reloj_soc_NIOSII_cpu:cpu|reloj_soc_NIOSII_cpu_nios2_oci:the_reloj_soc_NIOSII_cpu_nios2_oci|reloj_soc_NIOSII_cpu_nios2_ocimem:the_reloj_soc_NIOSII_cpu_nios2_ocimem|MonDReg[10]                                                                                                                                                   ; Duplicated      ; Router Logic Cell Insertion and Logic Duplication ; Routability optimization   ;           ;                ; reloj_soc_NIOSII:niosii|reloj_soc_NIOSII_cpu:cpu|reloj_soc_NIOSII_cpu_nios2_oci:the_reloj_soc_NIOSII_cpu_nios2_oci|reloj_soc_NIOSII_cpu_nios2_ocimem:the_reloj_soc_NIOSII_cpu_nios2_ocimem|MonDReg[10]~DUPLICATE                                                                                                                                                   ;                  ;                       ;
; reloj_soc_NIOSII:niosii|reloj_soc_NIOSII_cpu:cpu|reloj_soc_NIOSII_cpu_nios2_oci:the_reloj_soc_NIOSII_cpu_nios2_oci|reloj_soc_NIOSII_cpu_nios2_ocimem:the_reloj_soc_NIOSII_cpu_nios2_ocimem|MonDReg[21]                                                                                                                                                   ; Duplicated      ; Router Logic Cell Insertion and Logic Duplication ; Routability optimization   ;           ;                ; reloj_soc_NIOSII:niosii|reloj_soc_NIOSII_cpu:cpu|reloj_soc_NIOSII_cpu_nios2_oci:the_reloj_soc_NIOSII_cpu_nios2_oci|reloj_soc_NIOSII_cpu_nios2_ocimem:the_reloj_soc_NIOSII_cpu_nios2_ocimem|MonDReg[21]~DUPLICATE                                                                                                                                                   ;                  ;                       ;
; reloj_soc_NIOSII:niosii|reloj_soc_NIOSII_cpu:cpu|reloj_soc_NIOSII_cpu_nios2_oci:the_reloj_soc_NIOSII_cpu_nios2_oci|reloj_soc_NIOSII_cpu_nios2_ocimem:the_reloj_soc_NIOSII_cpu_nios2_ocimem|MonDReg[22]                                                                                                                                                   ; Duplicated      ; Router Logic Cell Insertion and Logic Duplication ; Routability optimization   ;           ;                ; reloj_soc_NIOSII:niosii|reloj_soc_NIOSII_cpu:cpu|reloj_soc_NIOSII_cpu_nios2_oci:the_reloj_soc_NIOSII_cpu_nios2_oci|reloj_soc_NIOSII_cpu_nios2_ocimem:the_reloj_soc_NIOSII_cpu_nios2_ocimem|MonDReg[22]~DUPLICATE                                                                                                                                                   ;                  ;                       ;
; reloj_soc_NIOSII:niosii|reloj_soc_NIOSII_cpu:cpu|reloj_soc_NIOSII_cpu_nios2_oci:the_reloj_soc_NIOSII_cpu_nios2_oci|reloj_soc_NIOSII_cpu_nios2_ocimem:the_reloj_soc_NIOSII_cpu_nios2_ocimem|MonDReg[25]                                                                                                                                                   ; Duplicated      ; Router Logic Cell Insertion and Logic Duplication ; Routability optimization   ;           ;                ; reloj_soc_NIOSII:niosii|reloj_soc_NIOSII_cpu:cpu|reloj_soc_NIOSII_cpu_nios2_oci:the_reloj_soc_NIOSII_cpu_nios2_oci|reloj_soc_NIOSII_cpu_nios2_ocimem:the_reloj_soc_NIOSII_cpu_nios2_ocimem|MonDReg[25]~DUPLICATE                                                                                                                                                   ;                  ;                       ;
; reloj_soc_NIOSII:niosii|reloj_soc_NIOSII_cpu:cpu|reloj_soc_NIOSII_cpu_nios2_oci:the_reloj_soc_NIOSII_cpu_nios2_oci|writedata[0]                                                                                                                                                                                                                          ; Duplicated      ; Router Logic Cell Insertion and Logic Duplication ; Routability optimization   ;           ;                ; reloj_soc_NIOSII:niosii|reloj_soc_NIOSII_cpu:cpu|reloj_soc_NIOSII_cpu_nios2_oci:the_reloj_soc_NIOSII_cpu_nios2_oci|writedata[0]~DUPLICATE                                                                                                                                                                                                                          ;                  ;                       ;
; reloj_soc_REG_LEDS:reg_leds|data_out[7]                                                                                                                                                                                                                                                                                                                  ; Duplicated      ; Router Logic Cell Insertion and Logic Duplication ; Routability optimization   ;           ;                ; reloj_soc_REG_LEDS:reg_leds|data_out[7]~DUPLICATE                                                                                                                                                                                                                                                                                                                  ;                  ;                       ;
; reloj_soc_REG_LEDS:reg_leds|data_out[9]                                                                                                                                                                                                                                                                                                                  ; Duplicated      ; Router Logic Cell Insertion and Logic Duplication ; Routability optimization   ;           ;                ; reloj_soc_REG_LEDS:reg_leds|data_out[9]~DUPLICATE                                                                                                                                                                                                                                                                                                                  ;                  ;                       ;
; reloj_soc_REG_LEDS:reg_leds|data_out[11]                                                                                                                                                                                                                                                                                                                 ; Duplicated      ; Router Logic Cell Insertion and Logic Duplication ; Routability optimization   ;           ;                ; reloj_soc_REG_LEDS:reg_leds|data_out[11]~DUPLICATE                                                                                                                                                                                                                                                                                                                 ;                  ;                       ;
; reloj_soc_REG_LEDS:reg_leds|data_out[21]                                                                                                                                                                                                                                                                                                                 ; Duplicated      ; Router Logic Cell Insertion and Logic Duplication ; Routability optimization   ;           ;                ; reloj_soc_REG_LEDS:reg_leds|data_out[21]~DUPLICATE                                                                                                                                                                                                                                                                                                                 ;                  ;                       ;
; reloj_soc_REG_LEDS:reg_leds|data_out[23]                                                                                                                                                                                                                                                                                                                 ; Duplicated      ; Router Logic Cell Insertion and Logic Duplication ; Routability optimization   ;           ;                ; reloj_soc_REG_LEDS:reg_leds|data_out[23]~DUPLICATE                                                                                                                                                                                                                                                                                                                 ;                  ;                       ;
; reloj_soc_REG_LEDS:reg_leds|data_out[27]                                                                                                                                                                                                                                                                                                                 ; Duplicated      ; Router Logic Cell Insertion and Logic Duplication ; Routability optimization   ;           ;                ; reloj_soc_REG_LEDS:reg_leds|data_out[27]~DUPLICATE                                                                                                                                                                                                                                                                                                                 ;                  ;                       ;
; reloj_soc_REG_LEDS:reg_leds|data_out[29]                                                                                                                                                                                                                                                                                                                 ; Duplicated      ; Router Logic Cell Insertion and Logic Duplication ; Routability optimization   ;           ;                ; reloj_soc_REG_LEDS:reg_leds|data_out[29]~DUPLICATE                                                                                                                                                                                                                                                                                                                 ;                  ;                       ;
; reloj_soc_REG_LEDS:reg_leds|data_out[30]                                                                                                                                                                                                                                                                                                                 ; Duplicated      ; Router Logic Cell Insertion and Logic Duplication ; Routability optimization   ;           ;                ; reloj_soc_REG_LEDS:reg_leds|data_out[30]~DUPLICATE                                                                                                                                                                                                                                                                                                                 ;                  ;                       ;
; reloj_soc_TIMER:timer|counter_is_running                                                                                                                                                                                                                                                                                                                 ; Duplicated      ; Router Logic Cell Insertion and Logic Duplication ; Routability optimization   ;           ;                ; reloj_soc_TIMER:timer|counter_is_running~DUPLICATE                                                                                                                                                                                                                                                                                                                 ;                  ;                       ;
; reloj_soc_UART:uart|reloj_soc_UART_scfifo_r:the_reloj_soc_UART_scfifo_r|scfifo:rfifo|scfifo_3291:auto_generated|a_dpfifo_5771:dpfifo|a_fefifo_7cf:fifo_state|cntr_vg7:count_usedw|counter_reg_bit[1]                                                                                                                                                     ; Duplicated      ; Router Logic Cell Insertion and Logic Duplication ; Routability optimization   ;           ;                ; reloj_soc_UART:uart|reloj_soc_UART_scfifo_r:the_reloj_soc_UART_scfifo_r|scfifo:rfifo|scfifo_3291:auto_generated|a_dpfifo_5771:dpfifo|a_fefifo_7cf:fifo_state|cntr_vg7:count_usedw|counter_reg_bit[1]~DUPLICATE                                                                                                                                                     ;                  ;                       ;
; reloj_soc_UART:uart|reloj_soc_UART_scfifo_r:the_reloj_soc_UART_scfifo_r|scfifo:rfifo|scfifo_3291:auto_generated|a_dpfifo_5771:dpfifo|a_fefifo_7cf:fifo_state|cntr_vg7:count_usedw|counter_reg_bit[3]                                                                                                                                                     ; Duplicated      ; Router Logic Cell Insertion and Logic Duplication ; Routability optimization   ;           ;                ; reloj_soc_UART:uart|reloj_soc_UART_scfifo_r:the_reloj_soc_UART_scfifo_r|scfifo:rfifo|scfifo_3291:auto_generated|a_dpfifo_5771:dpfifo|a_fefifo_7cf:fifo_state|cntr_vg7:count_usedw|counter_reg_bit[3]~DUPLICATE                                                                                                                                                     ;                  ;                       ;
; reloj_soc_UART:uart|reloj_soc_UART_scfifo_r:the_reloj_soc_UART_scfifo_r|scfifo:rfifo|scfifo_3291:auto_generated|a_dpfifo_5771:dpfifo|a_fefifo_7cf:fifo_state|cntr_vg7:count_usedw|counter_reg_bit[4]                                                                                                                                                     ; Duplicated      ; Router Logic Cell Insertion and Logic Duplication ; Routability optimization   ;           ;                ; reloj_soc_UART:uart|reloj_soc_UART_scfifo_r:the_reloj_soc_UART_scfifo_r|scfifo:rfifo|scfifo_3291:auto_generated|a_dpfifo_5771:dpfifo|a_fefifo_7cf:fifo_state|cntr_vg7:count_usedw|counter_reg_bit[4]~DUPLICATE                                                                                                                                                     ;                  ;                       ;
; reloj_soc_audio_0:audio_0|altera_up_audio_out_serializer:Audio_Out_Serializer|altera_up_sync_fifo:Audio_Out_Right_Channel_FIFO|scfifo:Sync_FIFO|scfifo_9ba1:auto_generated|a_dpfifo_s2a1:dpfifo|usedw_is_1_dff                                                                                                                                           ; Duplicated      ; Router Logic Cell Insertion and Logic Duplication ; Routability optimization   ;           ;                ; reloj_soc_audio_0:audio_0|altera_up_audio_out_serializer:Audio_Out_Serializer|altera_up_sync_fifo:Audio_Out_Right_Channel_FIFO|scfifo:Sync_FIFO|scfifo_9ba1:auto_generated|a_dpfifo_s2a1:dpfifo|usedw_is_1_dff~DUPLICATE                                                                                                                                           ;                  ;                       ;
; reloj_soc_audio_0:audio_0|altera_up_audio_out_serializer:Audio_Out_Serializer|right_channel_fifo_write_space[6]                                                                                                                                                                                                                                          ; Duplicated      ; Router Logic Cell Insertion and Logic Duplication ; Routability optimization   ;           ;                ; reloj_soc_audio_0:audio_0|altera_up_audio_out_serializer:Audio_Out_Serializer|right_channel_fifo_write_space[6]~DUPLICATE                                                                                                                                                                                                                                          ;                  ;                       ;
; reloj_soc_audio_and_video_config_0:audio_and_video_config_0|altera_up_av_config_auto_init:AV_Config_Auto_Init|rom_address[1]                                                                                                                                                                                                                             ; Duplicated      ; Router Logic Cell Insertion and Logic Duplication ; Routability optimization   ;           ;                ; reloj_soc_audio_and_video_config_0:audio_and_video_config_0|altera_up_av_config_auto_init:AV_Config_Auto_Init|rom_address[1]~DUPLICATE                                                                                                                                                                                                                             ;                  ;                       ;
; reloj_soc_audio_and_video_config_0:audio_and_video_config_0|altera_up_av_config_serial_bus_controller:Serial_Bus_Controller|altera_up_slow_clock_generator:Serial_Config_Clock_Generator|clk_counter[7]                                                                                                                                                  ; Duplicated      ; Router Logic Cell Insertion and Logic Duplication ; Routability optimization   ;           ;                ; reloj_soc_audio_and_video_config_0:audio_and_video_config_0|altera_up_av_config_serial_bus_controller:Serial_Bus_Controller|altera_up_slow_clock_generator:Serial_Config_Clock_Generator|clk_counter[7]~DUPLICATE                                                                                                                                                  ;                  ;                       ;
; reloj_soc_audio_and_video_config_0:audio_and_video_config_0|altera_up_av_config_serial_bus_controller:Serial_Bus_Controller|s_serial_protocol.STATE_4_TRANSFER                                                                                                                                                                                           ; Duplicated      ; Router Logic Cell Insertion and Logic Duplication ; Routability optimization   ;           ;                ; reloj_soc_audio_and_video_config_0:audio_and_video_config_0|altera_up_av_config_serial_bus_controller:Serial_Bus_Controller|s_serial_protocol.STATE_4_TRANSFER~DUPLICATE                                                                                                                                                                                           ;                  ;                       ;
; reloj_soc_audio_and_video_config_0:audio_and_video_config_0|altera_up_av_config_serial_bus_controller:Serial_Bus_Controller|shiftreg_data[4]                                                                                                                                                                                                             ; Duplicated      ; Router Logic Cell Insertion and Logic Duplication ; Routability optimization   ;           ;                ; reloj_soc_audio_and_video_config_0:audio_and_video_config_0|altera_up_av_config_serial_bus_controller:Serial_Bus_Controller|shiftreg_data[4]~DUPLICATE                                                                                                                                                                                                             ;                  ;                       ;
; reloj_soc_audio_and_video_config_0:audio_and_video_config_0|altera_up_av_config_serial_bus_controller:Serial_Bus_Controller|shiftreg_data[5]                                                                                                                                                                                                             ; Duplicated      ; Router Logic Cell Insertion and Logic Duplication ; Routability optimization   ;           ;                ; reloj_soc_audio_and_video_config_0:audio_and_video_config_0|altera_up_av_config_serial_bus_controller:Serial_Bus_Controller|shiftreg_data[5]~DUPLICATE                                                                                                                                                                                                             ;                  ;                       ;
; reloj_soc_audio_and_video_config_0:audio_and_video_config_0|control_reg[17]                                                                                                                                                                                                                                                                              ; Duplicated      ; Router Logic Cell Insertion and Logic Duplication ; Routability optimization   ;           ;                ; reloj_soc_audio_and_video_config_0:audio_and_video_config_0|control_reg[17]~DUPLICATE                                                                                                                                                                                                                                                                              ;                  ;                       ;
; reloj_soc_audio_and_video_config_0:audio_and_video_config_0|s_serial_transfer.STATE_1_PRE_WRITE                                                                                                                                                                                                                                                          ; Duplicated      ; Router Logic Cell Insertion and Logic Duplication ; Routability optimization   ;           ;                ; reloj_soc_audio_and_video_config_0:audio_and_video_config_0|s_serial_transfer.STATE_1_PRE_WRITE~DUPLICATE                                                                                                                                                                                                                                                          ;                  ;                       ;
; reloj_soc_audio_and_video_config_0:audio_and_video_config_0|s_serial_transfer.STATE_4_PRE_READ                                                                                                                                                                                                                                                           ; Duplicated      ; Router Logic Cell Insertion and Logic Duplication ; Routability optimization   ;           ;                ; reloj_soc_audio_and_video_config_0:audio_and_video_config_0|s_serial_transfer.STATE_4_PRE_READ~DUPLICATE                                                                                                                                                                                                                                                           ;                  ;                       ;
; reloj_soc_audio_and_video_config_0:audio_and_video_config_0|start_external_transfer                                                                                                                                                                                                                                                                      ; Duplicated      ; Router Logic Cell Insertion and Logic Duplication ; Routability optimization   ;           ;                ; reloj_soc_audio_and_video_config_0:audio_and_video_config_0|start_external_transfer~DUPLICATE                                                                                                                                                                                                                                                                      ;                  ;                       ;
; reloj_soc_mm_interconnect_0:mm_interconnect_0|altera_avalon_sc_fifo:audio_0_avalon_audio_slave_agent_rsp_fifo|mem_used[1]                                                                                                                                                                                                                                ; Duplicated      ; Router Logic Cell Insertion and Logic Duplication ; Routability optimization   ;           ;                ; reloj_soc_mm_interconnect_0:mm_interconnect_0|altera_avalon_sc_fifo:audio_0_avalon_audio_slave_agent_rsp_fifo|mem_used[1]~DUPLICATE                                                                                                                                                                                                                                ;                  ;                       ;
; reloj_soc_mm_interconnect_0:mm_interconnect_0|altera_merlin_slave_translator:niosii_debug_mem_slave_translator|av_readdata_pre[2]                                                                                                                                                                                                                        ; Duplicated      ; Router Logic Cell Insertion and Logic Duplication ; Routability optimization   ;           ;                ; reloj_soc_mm_interconnect_0:mm_interconnect_0|altera_merlin_slave_translator:niosii_debug_mem_slave_translator|av_readdata_pre[2]~DUPLICATE                                                                                                                                                                                                                        ;                  ;                       ;
; reloj_soc_mm_interconnect_0:mm_interconnect_0|altera_merlin_slave_translator:niosii_debug_mem_slave_translator|av_readdata_pre[3]                                                                                                                                                                                                                        ; Duplicated      ; Router Logic Cell Insertion and Logic Duplication ; Routability optimization   ;           ;                ; reloj_soc_mm_interconnect_0:mm_interconnect_0|altera_merlin_slave_translator:niosii_debug_mem_slave_translator|av_readdata_pre[3]~DUPLICATE                                                                                                                                                                                                                        ;                  ;                       ;
; reloj_soc_mm_interconnect_0:mm_interconnect_0|altera_merlin_slave_translator:niosii_debug_mem_slave_translator|av_readdata_pre[18]                                                                                                                                                                                                                       ; Duplicated      ; Router Logic Cell Insertion and Logic Duplication ; Routability optimization   ;           ;                ; reloj_soc_mm_interconnect_0:mm_interconnect_0|altera_merlin_slave_translator:niosii_debug_mem_slave_translator|av_readdata_pre[18]~DUPLICATE                                                                                                                                                                                                                       ;                  ;                       ;
; reloj_soc_mm_interconnect_0:mm_interconnect_0|altera_merlin_slave_translator:niosii_debug_mem_slave_translator|av_readdata_pre[22]                                                                                                                                                                                                                       ; Duplicated      ; Router Logic Cell Insertion and Logic Duplication ; Routability optimization   ;           ;                ; reloj_soc_mm_interconnect_0:mm_interconnect_0|altera_merlin_slave_translator:niosii_debug_mem_slave_translator|av_readdata_pre[22]~DUPLICATE                                                                                                                                                                                                                       ;                  ;                       ;
; reloj_soc_mm_interconnect_0:mm_interconnect_0|altera_merlin_slave_translator:niosii_debug_mem_slave_translator|av_readdata_pre[24]                                                                                                                                                                                                                       ; Duplicated      ; Router Logic Cell Insertion and Logic Duplication ; Routability optimization   ;           ;                ; reloj_soc_mm_interconnect_0:mm_interconnect_0|altera_merlin_slave_translator:niosii_debug_mem_slave_translator|av_readdata_pre[24]~DUPLICATE                                                                                                                                                                                                                       ;                  ;                       ;
; reloj_soc_mm_interconnect_0:mm_interconnect_0|altera_merlin_slave_translator:ram_s1_translator|read_latency_shift_reg[0]                                                                                                                                                                                                                                 ; Duplicated      ; Router Logic Cell Insertion and Logic Duplication ; Routability optimization   ;           ;                ; reloj_soc_mm_interconnect_0:mm_interconnect_0|altera_merlin_slave_translator:ram_s1_translator|read_latency_shift_reg[0]~DUPLICATE                                                                                                                                                                                                                                 ;                  ;                       ;
; sld_hub:auto_hub|alt_sld_fab_with_jtag_input:\instrumentation_fabric_with_node_gen:fabric_gen_new_way:with_jtag_input_gen:instrumentation_fabric|alt_sld_fab:instrumentation_fabric|alt_sld_fab_alt_sld_fab:alt_sld_fab|alt_sld_fab_alt_sld_fab_sldfabric:sldfabric|sld_jtag_hub:\jtag_hub_gen:real_sld_jtag_hub|irsr_reg[0]                             ; Duplicated      ; Router Logic Cell Insertion and Logic Duplication ; Routability optimization   ;           ;                ; sld_hub:auto_hub|alt_sld_fab_with_jtag_input:\instrumentation_fabric_with_node_gen:fabric_gen_new_way:with_jtag_input_gen:instrumentation_fabric|alt_sld_fab:instrumentation_fabric|alt_sld_fab_alt_sld_fab:alt_sld_fab|alt_sld_fab_alt_sld_fab_sldfabric:sldfabric|sld_jtag_hub:\jtag_hub_gen:real_sld_jtag_hub|irsr_reg[0]~DUPLICATE                             ;                  ;                       ;
; sld_hub:auto_hub|alt_sld_fab_with_jtag_input:\instrumentation_fabric_with_node_gen:fabric_gen_new_way:with_jtag_input_gen:instrumentation_fabric|alt_sld_fab:instrumentation_fabric|alt_sld_fab_alt_sld_fab:alt_sld_fab|alt_sld_fab_alt_sld_fab_sldfabric:sldfabric|sld_jtag_hub:\jtag_hub_gen:real_sld_jtag_hub|irsr_reg[1]                             ; Duplicated      ; Router Logic Cell Insertion and Logic Duplication ; Routability optimization   ;           ;                ; sld_hub:auto_hub|alt_sld_fab_with_jtag_input:\instrumentation_fabric_with_node_gen:fabric_gen_new_way:with_jtag_input_gen:instrumentation_fabric|alt_sld_fab:instrumentation_fabric|alt_sld_fab_alt_sld_fab:alt_sld_fab|alt_sld_fab_alt_sld_fab_sldfabric:sldfabric|sld_jtag_hub:\jtag_hub_gen:real_sld_jtag_hub|irsr_reg[1]~DUPLICATE                             ;                  ;                       ;
; sld_hub:auto_hub|alt_sld_fab_with_jtag_input:\instrumentation_fabric_with_node_gen:fabric_gen_new_way:with_jtag_input_gen:instrumentation_fabric|alt_sld_fab:instrumentation_fabric|alt_sld_fab_alt_sld_fab:alt_sld_fab|alt_sld_fab_alt_sld_fab_sldfabric:sldfabric|sld_jtag_hub:\jtag_hub_gen:real_sld_jtag_hub|jtag_ir_reg[8]                          ; Duplicated      ; Router Logic Cell Insertion and Logic Duplication ; Routability optimization   ;           ;                ; sld_hub:auto_hub|alt_sld_fab_with_jtag_input:\instrumentation_fabric_with_node_gen:fabric_gen_new_way:with_jtag_input_gen:instrumentation_fabric|alt_sld_fab:instrumentation_fabric|alt_sld_fab_alt_sld_fab:alt_sld_fab|alt_sld_fab_alt_sld_fab_sldfabric:sldfabric|sld_jtag_hub:\jtag_hub_gen:real_sld_jtag_hub|jtag_ir_reg[8]~DUPLICATE                          ;                  ;                       ;
; sld_hub:auto_hub|alt_sld_fab_with_jtag_input:\instrumentation_fabric_with_node_gen:fabric_gen_new_way:with_jtag_input_gen:instrumentation_fabric|alt_sld_fab:instrumentation_fabric|alt_sld_fab_alt_sld_fab:alt_sld_fab|alt_sld_fab_alt_sld_fab_sldfabric:sldfabric|sld_jtag_hub:\jtag_hub_gen:real_sld_jtag_hub|mixer_addr_reg_internal[0]              ; Duplicated      ; Router Logic Cell Insertion and Logic Duplication ; Routability optimization   ;           ;                ; sld_hub:auto_hub|alt_sld_fab_with_jtag_input:\instrumentation_fabric_with_node_gen:fabric_gen_new_way:with_jtag_input_gen:instrumentation_fabric|alt_sld_fab:instrumentation_fabric|alt_sld_fab_alt_sld_fab:alt_sld_fab|alt_sld_fab_alt_sld_fab_sldfabric:sldfabric|sld_jtag_hub:\jtag_hub_gen:real_sld_jtag_hub|mixer_addr_reg_internal[0]~DUPLICATE              ;                  ;                       ;
; sld_hub:auto_hub|alt_sld_fab_with_jtag_input:\instrumentation_fabric_with_node_gen:fabric_gen_new_way:with_jtag_input_gen:instrumentation_fabric|alt_sld_fab:instrumentation_fabric|alt_sld_fab_alt_sld_fab:alt_sld_fab|alt_sld_fab_alt_sld_fab_sldfabric:sldfabric|sld_jtag_hub:\jtag_hub_gen:real_sld_jtag_hub|mixer_addr_reg_internal[1]              ; Duplicated      ; Router Logic Cell Insertion and Logic Duplication ; Routability optimization   ;           ;                ; sld_hub:auto_hub|alt_sld_fab_with_jtag_input:\instrumentation_fabric_with_node_gen:fabric_gen_new_way:with_jtag_input_gen:instrumentation_fabric|alt_sld_fab:instrumentation_fabric|alt_sld_fab_alt_sld_fab:alt_sld_fab|alt_sld_fab_alt_sld_fab_sldfabric:sldfabric|sld_jtag_hub:\jtag_hub_gen:real_sld_jtag_hub|mixer_addr_reg_internal[1]~DUPLICATE              ;                  ;                       ;
; sld_hub:auto_hub|alt_sld_fab_with_jtag_input:\instrumentation_fabric_with_node_gen:fabric_gen_new_way:with_jtag_input_gen:instrumentation_fabric|alt_sld_fab:instrumentation_fabric|alt_sld_fab_alt_sld_fab:alt_sld_fab|alt_sld_fab_alt_sld_fab_sldfabric:sldfabric|sld_jtag_hub:\jtag_hub_gen:real_sld_jtag_hub|mixer_addr_reg_internal[2]              ; Duplicated      ; Router Logic Cell Insertion and Logic Duplication ; Routability optimization   ;           ;                ; sld_hub:auto_hub|alt_sld_fab_with_jtag_input:\instrumentation_fabric_with_node_gen:fabric_gen_new_way:with_jtag_input_gen:instrumentation_fabric|alt_sld_fab:instrumentation_fabric|alt_sld_fab_alt_sld_fab:alt_sld_fab|alt_sld_fab_alt_sld_fab_sldfabric:sldfabric|sld_jtag_hub:\jtag_hub_gen:real_sld_jtag_hub|mixer_addr_reg_internal[2]~DUPLICATE              ;                  ;                       ;
; sld_hub:auto_hub|alt_sld_fab_with_jtag_input:\instrumentation_fabric_with_node_gen:fabric_gen_new_way:with_jtag_input_gen:instrumentation_fabric|alt_sld_fab:instrumentation_fabric|alt_sld_fab_alt_sld_fab:alt_sld_fab|alt_sld_fab_alt_sld_fab_sldfabric:sldfabric|sld_jtag_hub:\jtag_hub_gen:real_sld_jtag_hub|mixer_addr_reg_internal[3]              ; Duplicated      ; Router Logic Cell Insertion and Logic Duplication ; Routability optimization   ;           ;                ; sld_hub:auto_hub|alt_sld_fab_with_jtag_input:\instrumentation_fabric_with_node_gen:fabric_gen_new_way:with_jtag_input_gen:instrumentation_fabric|alt_sld_fab:instrumentation_fabric|alt_sld_fab_alt_sld_fab:alt_sld_fab|alt_sld_fab_alt_sld_fab_sldfabric:sldfabric|sld_jtag_hub:\jtag_hub_gen:real_sld_jtag_hub|mixer_addr_reg_internal[3]~DUPLICATE              ;                  ;                       ;
; sld_hub:auto_hub|alt_sld_fab_with_jtag_input:\instrumentation_fabric_with_node_gen:fabric_gen_new_way:with_jtag_input_gen:instrumentation_fabric|alt_sld_fab:instrumentation_fabric|alt_sld_fab_alt_sld_fab:alt_sld_fab|alt_sld_fab_alt_sld_fab_sldfabric:sldfabric|sld_jtag_hub:\jtag_hub_gen:real_sld_jtag_hub|mixer_addr_reg_internal[4]              ; Duplicated      ; Router Logic Cell Insertion and Logic Duplication ; Routability optimization   ;           ;                ; sld_hub:auto_hub|alt_sld_fab_with_jtag_input:\instrumentation_fabric_with_node_gen:fabric_gen_new_way:with_jtag_input_gen:instrumentation_fabric|alt_sld_fab:instrumentation_fabric|alt_sld_fab_alt_sld_fab:alt_sld_fab|alt_sld_fab_alt_sld_fab_sldfabric:sldfabric|sld_jtag_hub:\jtag_hub_gen:real_sld_jtag_hub|mixer_addr_reg_internal[4]~DUPLICATE              ;                  ;                       ;
; sld_hub:auto_hub|alt_sld_fab_with_jtag_input:\instrumentation_fabric_with_node_gen:fabric_gen_new_way:with_jtag_input_gen:instrumentation_fabric|alt_sld_fab:instrumentation_fabric|alt_sld_fab_alt_sld_fab:alt_sld_fab|alt_sld_fab_alt_sld_fab_sldfabric:sldfabric|sld_jtag_hub:\jtag_hub_gen:real_sld_jtag_hub|sld_rom_sr:hub_info_reg|word_counter[2] ; Duplicated      ; Router Logic Cell Insertion and Logic Duplication ; Routability optimization   ;           ;                ; sld_hub:auto_hub|alt_sld_fab_with_jtag_input:\instrumentation_fabric_with_node_gen:fabric_gen_new_way:with_jtag_input_gen:instrumentation_fabric|alt_sld_fab:instrumentation_fabric|alt_sld_fab_alt_sld_fab:alt_sld_fab|alt_sld_fab_alt_sld_fab_sldfabric:sldfabric|sld_jtag_hub:\jtag_hub_gen:real_sld_jtag_hub|sld_rom_sr:hub_info_reg|word_counter[2]~DUPLICATE ;                  ;                       ;
; sld_hub:auto_hub|alt_sld_fab_with_jtag_input:\instrumentation_fabric_with_node_gen:fabric_gen_new_way:with_jtag_input_gen:instrumentation_fabric|alt_sld_fab:instrumentation_fabric|alt_sld_fab_alt_sld_fab:alt_sld_fab|alt_sld_fab_alt_sld_fab_sldfabric:sldfabric|sld_jtag_hub:\jtag_hub_gen:real_sld_jtag_hub|sld_rom_sr:hub_info_reg|word_counter[3] ; Duplicated      ; Router Logic Cell Insertion and Logic Duplication ; Routability optimization   ;           ;                ; sld_hub:auto_hub|alt_sld_fab_with_jtag_input:\instrumentation_fabric_with_node_gen:fabric_gen_new_way:with_jtag_input_gen:instrumentation_fabric|alt_sld_fab:instrumentation_fabric|alt_sld_fab_alt_sld_fab:alt_sld_fab|alt_sld_fab_alt_sld_fab_sldfabric:sldfabric|sld_jtag_hub:\jtag_hub_gen:real_sld_jtag_hub|sld_rom_sr:hub_info_reg|word_counter[3]~DUPLICATE ;                  ;                       ;
+----------------------------------------------------------------------------------------------------------------------------------------------------------------------------------------------------------------------------------------------------------------------------------------------------------------------------------------------------------+-----------------+---------------------------------------------------+----------------------------+-----------+----------------+--------------------------------------------------------------------------------------------------------------------------------------------------------------------------------------------------------------------------------------------------------------------------------------------------------------------------------------------------------------------+------------------+-----------------------+


+----------------------------------------------------------------------------------------+
; Ignored Assignments                                                                    ;
+----------+----------------+--------------+------------+---------------+----------------+
; Name     ; Ignored Entity ; Ignored From ; Ignored To ; Ignored Value ; Ignored Source ;
+----------+----------------+--------------+------------+---------------+----------------+
; Location ;                ;              ; leds[0]    ; PIN_V16       ; QSF Assignment ;
; Location ;                ;              ; leds[1]    ; PIN_W16       ; QSF Assignment ;
; Location ;                ;              ; leds[2]    ; PIN_V17       ; QSF Assignment ;
; Location ;                ;              ; leds[3]    ; PIN_V18       ; QSF Assignment ;
; Location ;                ;              ; leds[4]    ; PIN_W17       ; QSF Assignment ;
; Location ;                ;              ; leds[5]    ; PIN_W19       ; QSF Assignment ;
; Location ;                ;              ; leds[6]    ; PIN_Y19       ; QSF Assignment ;
; Location ;                ;              ; leds[7]    ; PIN_W20       ; QSF Assignment ;
; Location ;                ;              ; sw[0]      ; PIN_AB12      ; QSF Assignment ;
; Location ;                ;              ; sw[1]      ; PIN_AC12      ; QSF Assignment ;
; Location ;                ;              ; sw[2]      ; PIN_AF9       ; QSF Assignment ;
; Location ;                ;              ; sw[3]      ; PIN_AF10      ; QSF Assignment ;
; Location ;                ;              ; sw[4]      ; PIN_AD11      ; QSF Assignment ;
; Location ;                ;              ; sw[5]      ; PIN_AD12      ; QSF Assignment ;
; Location ;                ;              ; sw[6]      ; PIN_AE11      ; QSF Assignment ;
; Location ;                ;              ; sw[7]      ; PIN_AC9       ; QSF Assignment ;
+----------+----------------+--------------+------------+---------------+----------------+


+---------------------------------------------------------------------------------------------------+
; Incremental Compilation Preservation Summary                                                      ;
+---------------------+---------------------+----------------------------+--------------------------+
; Type                ; Total [A + B]       ; From Design Partitions [A] ; From Rapid Recompile [B] ;
+---------------------+---------------------+----------------------------+--------------------------+
; Placement (by node) ;                     ;                            ;                          ;
;     -- Requested    ; 0.00 % ( 0 / 3331 ) ; 0.00 % ( 0 / 3331 )        ; 0.00 % ( 0 / 3331 )      ;
;     -- Achieved     ; 0.00 % ( 0 / 3331 ) ; 0.00 % ( 0 / 3331 )        ; 0.00 % ( 0 / 3331 )      ;
;                     ;                     ;                            ;                          ;
; Routing (by net)    ;                     ;                            ;                          ;
;     -- Requested    ; 0.00 % ( 0 / 0 )    ; 0.00 % ( 0 / 0 )           ; 0.00 % ( 0 / 0 )         ;
;     -- Achieved     ; 0.00 % ( 0 / 0 )    ; 0.00 % ( 0 / 0 )           ; 0.00 % ( 0 / 0 )         ;
+---------------------+---------------------+----------------------------+--------------------------+


+----------------------------------------------------------------------------------------------------------------------------------------------------------------------------------------+
; Incremental Compilation Partition Settings                                                                                                                                             ;
+--------------------------------+----------------+-------------------+-------------------------+------------------------+------------------------------+--------------------------------+
; Partition Name                 ; Partition Type ; Netlist Type Used ; Preservation Level Used ; Netlist Type Requested ; Preservation Level Requested ; Contents                       ;
+--------------------------------+----------------+-------------------+-------------------------+------------------------+------------------------------+--------------------------------+
; Top                            ; User-created   ; Source File       ; N/A                     ; Source File            ; N/A                          ;                                ;
; sld_hub:auto_hub               ; Auto-generated ; Post-Synthesis    ; N/A                     ; Post-Synthesis         ; N/A                          ; sld_hub:auto_hub               ;
; hard_block:auto_generated_inst ; Auto-generated ; Source File       ; N/A                     ; Source File            ; N/A                          ; hard_block:auto_generated_inst ;
+--------------------------------+----------------+-------------------+-------------------------+------------------------+------------------------------+--------------------------------+


+------------------------------------------------------------------------------------------------------------------------------------+
; Incremental Compilation Placement Preservation                                                                                     ;
+--------------------------------+-----------------------+-------------------------+-------------------+---------------------+-------+
; Partition Name                 ; Preservation Achieved ; Preservation Level Used ; Netlist Type Used ; Preservation Method ; Notes ;
+--------------------------------+-----------------------+-------------------------+-------------------+---------------------+-------+
; Top                            ; 0.00 % ( 0 / 3112 )   ; N/A                     ; Source File       ; N/A                 ;       ;
; sld_hub:auto_hub               ; 0.00 % ( 0 / 198 )    ; N/A                     ; Post-Synthesis    ; N/A                 ;       ;
; hard_block:auto_generated_inst ; 0.00 % ( 0 / 21 )     ; N/A                     ; Source File       ; N/A                 ;       ;
+--------------------------------+-----------------------+-------------------------+-------------------+---------------------+-------+


+--------------+
; Pin-Out File ;
+--------------+
The pin-out file can be found in /home/tefa/Documents/GitHub/Demo_qsys/Reloj.pin.


+---------------------------------------------------------------------------------------------+
; Fitter Resource Usage Summary                                                               ;
+-------------------------------------------------------------+-----------------------+-------+
; Resource                                                    ; Usage                 ; %     ;
+-------------------------------------------------------------+-----------------------+-------+
; Logic utilization (ALMs needed / total ALMs on device)      ; 996 / 32,070          ; 3 %   ;
; ALMs needed [=A-B+C]                                        ; 996                   ;       ;
;     [A] ALMs used in final placement [=a+b+c+d]             ; 1,161 / 32,070        ; 4 %   ;
;         [a] ALMs used for LUT logic and registers           ; 474                   ;       ;
;         [b] ALMs used for LUT logic                         ; 474                   ;       ;
;         [c] ALMs used for registers                         ; 213                   ;       ;
;         [d] ALMs used for memory (up to half of total ALMs) ; 0                     ;       ;
;     [B] Estimate of ALMs recoverable by dense packing       ; 175 / 32,070          ; < 1 % ;
;     [C] Estimate of ALMs unavailable [=a+b+c+d]             ; 10 / 32,070           ; < 1 % ;
;         [a] Due to location constrained logic               ; 0                     ;       ;
;         [b] Due to LAB-wide signal conflicts                ; 1                     ;       ;
;         [c] Due to LAB input limits                         ; 9                     ;       ;
;         [d] Due to virtual I/Os                             ; 0                     ;       ;
;                                                             ;                       ;       ;
; Difficulty packing design                                   ; Low                   ;       ;
;                                                             ;                       ;       ;
; Total LABs:  partially or completely used                   ; 161 / 3,207           ; 5 %   ;
;     -- Logic LABs                                           ; 161                   ;       ;
;     -- Memory LABs (up to half of total LABs)               ; 0                     ;       ;
;                                                             ;                       ;       ;
; Combinational ALUT usage for logic                          ; 1,613                 ;       ;
;     -- 7 input functions                                    ; 12                    ;       ;
;     -- 6 input functions                                    ; 326                   ;       ;
;     -- 5 input functions                                    ; 352                   ;       ;
;     -- 4 input functions                                    ; 229                   ;       ;
;     -- <=3 input functions                                  ; 694                   ;       ;
; Combinational ALUT usage for route-throughs                 ; 188                   ;       ;
;                                                             ;                       ;       ;
; Dedicated logic registers                                   ; 1,450                 ;       ;
;     -- By type:                                             ;                       ;       ;
;         -- Primary logic registers                          ; 1,372 / 64,140        ; 2 %   ;
;         -- Secondary logic registers                        ; 78 / 64,140           ; < 1 % ;
;     -- By function:                                         ;                       ;       ;
;         -- Design implementation registers                  ; 1,378                 ;       ;
;         -- Routing optimization registers                   ; 72                    ;       ;
;                                                             ;                       ;       ;
; Virtual pins                                                ; 0                     ;       ;
; I/O pins                                                    ; 72 / 499              ; 14 %  ;
;     -- Clock pins                                           ; 2 / 11                ; 18 %  ;
;     -- Dedicated input pins                                 ; 3 / 39                ; 8 %   ;
;                                                             ;                       ;       ;
; Hard processor system peripheral utilization                ;                       ;       ;
;     -- Boot from FPGA                                       ; 0 / 1 ( 0 % )         ;       ;
;     -- Clock resets                                         ; 0 / 1 ( 0 % )         ;       ;
;     -- Cross trigger                                        ; 0 / 1 ( 0 % )         ;       ;
;     -- S2F AXI                                              ; 0 / 1 ( 0 % )         ;       ;
;     -- F2S AXI                                              ; 0 / 1 ( 0 % )         ;       ;
;     -- AXI Lightweight                                      ; 0 / 1 ( 0 % )         ;       ;
;     -- SDRAM                                                ; 0 / 1 ( 0 % )         ;       ;
;     -- Interrupts                                           ; 0 / 1 ( 0 % )         ;       ;
;     -- JTAG                                                 ; 0 / 1 ( 0 % )         ;       ;
;     -- Loan I/O                                             ; 0 / 1 ( 0 % )         ;       ;
;     -- MPU event standby                                    ; 0 / 1 ( 0 % )         ;       ;
;     -- MPU general purpose                                  ; 0 / 1 ( 0 % )         ;       ;
;     -- STM event                                            ; 0 / 1 ( 0 % )         ;       ;
;     -- TPIU trace                                           ; 0 / 1 ( 0 % )         ;       ;
;     -- DMA                                                  ; 0 / 1 ( 0 % )         ;       ;
;     -- CAN                                                  ; 0 / 2 ( 0 % )         ;       ;
;     -- EMAC                                                 ; 0 / 2 ( 0 % )         ;       ;
;     -- I2C                                                  ; 0 / 4 ( 0 % )         ;       ;
;     -- NAND Flash                                           ; 0 / 1 ( 0 % )         ;       ;
;     -- QSPI                                                 ; 0 / 1 ( 0 % )         ;       ;
;     -- SDMMC                                                ; 0 / 1 ( 0 % )         ;       ;
;     -- SPI Master                                           ; 0 / 2 ( 0 % )         ;       ;
;     -- SPI Slave                                            ; 0 / 2 ( 0 % )         ;       ;
;     -- UART                                                 ; 0 / 2 ( 0 % )         ;       ;
;     -- USB                                                  ; 0 / 2 ( 0 % )         ;       ;
;                                                             ;                       ;       ;
; M10K blocks                                                 ; 15 / 397              ; 4 %   ;
; Total MLAB memory bits                                      ; 0                     ;       ;
; Total block memory bits                                     ; 80,896 / 4,065,280    ; 2 %   ;
; Total block memory implementation bits                      ; 153,600 / 4,065,280   ; 4 %   ;
;                                                             ;                       ;       ;
; Total DSP Blocks                                            ; 0 / 87                ; 0 %   ;
;                                                             ;                       ;       ;
; Fractional PLLs                                             ; 1 / 6                 ; 17 %  ;
; Global signals                                              ; 2                     ;       ;
;     -- Global clocks                                        ; 2 / 16                ; 13 %  ;
;     -- Quadrant clocks                                      ; 0 / 66                ; 0 %   ;
;     -- Horizontal periphery clocks                          ; 0 / 18                ; 0 %   ;
; SERDES Transmitters                                         ; 0 / 100               ; 0 %   ;
; SERDES Receivers                                            ; 0 / 100               ; 0 %   ;
; JTAGs                                                       ; 1 / 1                 ; 100 % ;
; ASMI blocks                                                 ; 0 / 1                 ; 0 %   ;
; CRC blocks                                                  ; 0 / 1                 ; 0 %   ;
; Remote update blocks                                        ; 0 / 1                 ; 0 %   ;
; Oscillator blocks                                           ; 0 / 1                 ; 0 %   ;
; Hard IPs                                                    ; 0 / 2                 ; 0 %   ;
; Standard RX PCSs                                            ; 0 / 9                 ; 0 %   ;
; HSSI PMA RX Deserializers                                   ; 0 / 9                 ; 0 %   ;
; Standard TX PCSs                                            ; 0 / 9                 ; 0 %   ;
; HSSI PMA TX Serializers                                     ; 0 / 9                 ; 0 %   ;
; Channel PLLs                                                ; 0 / 9                 ; 0 %   ;
; Impedance control blocks                                    ; 0 / 4                 ; 0 %   ;
; Hard Memory Controllers                                     ; 0 / 2                 ; 0 %   ;
; Average interconnect usage (total/H/V)                      ; 1.0% / 1.0% / 0.9%    ;       ;
; Peak interconnect usage (total/H/V)                         ; 17.9% / 19.2% / 15.4% ;       ;
; Maximum fan-out                                             ; 1299                  ;       ;
; Highest non-global fan-out                                  ; 776                   ;       ;
; Total fan-out                                               ; 12283                 ;       ;
; Average fan-out                                             ; 3.58                  ;       ;
+-------------------------------------------------------------+-----------------------+-------+


+---------------------------------------------------------------------------------------------------------------------------------------------+
; Fitter Partition Statistics                                                                                                                 ;
+-------------------------------------------------------------+-----------------------+----------------------+--------------------------------+
; Statistic                                                   ; Top                   ; sld_hub:auto_hub     ; hard_block:auto_generated_inst ;
+-------------------------------------------------------------+-----------------------+----------------------+--------------------------------+
; Logic utilization (ALMs needed / total ALMs on device)      ; 928 / 32070 ( 3 % )   ; 69 / 32070 ( < 1 % ) ; 0 / 32070 ( 0 % )              ;
; ALMs needed [=A-B+C]                                        ; 928                   ; 69                   ; 0                              ;
;     [A] ALMs used in final placement [=a+b+c+d]             ; 1077 / 32070 ( 3 % )  ; 84 / 32070 ( < 1 % ) ; 0 / 32070 ( 0 % )              ;
;         [a] ALMs used for LUT logic and registers           ; 449                   ; 25                   ; 0                              ;
;         [b] ALMs used for LUT logic                         ; 433                   ; 41                   ; 0                              ;
;         [c] ALMs used for registers                         ; 195                   ; 18                   ; 0                              ;
;         [d] ALMs used for memory (up to half of total ALMs) ; 0                     ; 0                    ; 0                              ;
;     [B] Estimate of ALMs recoverable by dense packing       ; 159 / 32070 ( < 1 % ) ; 15 / 32070 ( < 1 % ) ; 0 / 32070 ( 0 % )              ;
;     [C] Estimate of ALMs unavailable [=a+b+c+d]             ; 10 / 32070 ( < 1 % )  ; 0 / 32070 ( 0 % )    ; 0 / 32070 ( 0 % )              ;
;         [a] Due to location constrained logic               ; 0                     ; 0                    ; 0                              ;
;         [b] Due to LAB-wide signal conflicts                ; 1                     ; 0                    ; 0                              ;
;         [c] Due to LAB input limits                         ; 9                     ; 0                    ; 0                              ;
;         [d] Due to virtual I/Os                             ; 0                     ; 0                    ; 0                              ;
;                                                             ;                       ;                      ;                                ;
; Difficulty packing design                                   ; Low                   ; Low                  ; Low                            ;
;                                                             ;                       ;                      ;                                ;
; Total LABs:  partially or completely used                   ; 152 / 3207 ( 5 % )    ; 13 / 3207 ( < 1 % )  ; 0 / 3207 ( 0 % )               ;
;     -- Logic LABs                                           ; 152                   ; 13                   ; 0                              ;
;     -- Memory LABs (up to half of total LABs)               ; 0                     ; 0                    ; 0                              ;
;                                                             ;                       ;                      ;                                ;
; Combinational ALUT usage for logic                          ; 1500                  ; 113                  ; 0                              ;
;     -- 7 input functions                                    ; 10                    ; 2                    ; 0                              ;
;     -- 6 input functions                                    ; 303                   ; 23                   ; 0                              ;
;     -- 5 input functions                                    ; 326                   ; 26                   ; 0                              ;
;     -- 4 input functions                                    ; 216                   ; 13                   ; 0                              ;
;     -- <=3 input functions                                  ; 645                   ; 49                   ; 0                              ;
; Combinational ALUT usage for route-throughs                 ; 180                   ; 8                    ; 0                              ;
; Memory ALUT usage                                           ; 0                     ; 0                    ; 0                              ;
;     -- 64-address deep                                      ; 0                     ; 0                    ; 0                              ;
;     -- 32-address deep                                      ; 0                     ; 0                    ; 0                              ;
;                                                             ;                       ;                      ;                                ;
; Dedicated logic registers                                   ; 0                     ; 0                    ; 0                              ;
;     -- By type:                                             ;                       ;                      ;                                ;
;         -- Primary logic registers                          ; 1287 / 64140 ( 2 % )  ; 85 / 64140 ( < 1 % ) ; 0 / 64140 ( 0 % )              ;
;         -- Secondary logic registers                        ; 68 / 64140 ( < 1 % )  ; 10 / 64140 ( < 1 % ) ; 0 / 64140 ( 0 % )              ;
;     -- By function:                                         ;                       ;                      ;                                ;
;         -- Design implementation registers                  ; 1293                  ; 85                   ; 0                              ;
;         -- Routing optimization registers                   ; 62                    ; 10                   ; 0                              ;
;                                                             ;                       ;                      ;                                ;
;                                                             ;                       ;                      ;                                ;
; Virtual pins                                                ; 0                     ; 0                    ; 0                              ;
; I/O pins                                                    ; 69                    ; 0                    ; 3                              ;
; I/O registers                                               ; 0                     ; 0                    ; 0                              ;
; Total block memory bits                                     ; 80896                 ; 0                    ; 0                              ;
; Total block memory implementation bits                      ; 153600                ; 0                    ; 0                              ;
; JTAG                                                        ; 0 / 1 ( 0 % )         ; 0 / 1 ( 0 % )        ; 1 / 1 ( 100 % )                ;
; M10K block                                                  ; 15 / 397 ( 3 % )      ; 0 / 397 ( 0 % )      ; 0 / 397 ( 0 % )                ;
; Clock enable block                                          ; 0 / 116 ( 0 % )       ; 0 / 116 ( 0 % )      ; 2 / 116 ( 1 % )                ;
; Fractional PLL                                              ; 0 / 6 ( 0 % )         ; 0 / 6 ( 0 % )        ; 1 / 6 ( 16 % )                 ;
; PLL Output Counter                                          ; 0 / 54 ( 0 % )        ; 0 / 54 ( 0 % )       ; 1 / 54 ( 1 % )                 ;
; PLL Reconfiguration Block                                   ; 0 / 6 ( 0 % )         ; 0 / 6 ( 0 % )        ; 1 / 6 ( 16 % )                 ;
; PLL Reference Clock Select Block                            ; 0 / 6 ( 0 % )         ; 0 / 6 ( 0 % )        ; 1 / 6 ( 16 % )                 ;
;                                                             ;                       ;                      ;                                ;
; Connections                                                 ;                       ;                      ;                                ;
;     -- Input Connections                                    ; 1595                  ; 140                  ; 1                              ;
;     -- Registered Input Connections                         ; 1417                  ; 103                  ; 0                              ;
;     -- Output Connections                                   ; 8                     ; 197                  ; 1531                           ;
;     -- Registered Output Connections                        ; 5                     ; 197                  ; 0                              ;
;                                                             ;                       ;                      ;                                ;
; Internal Connections                                        ;                       ;                      ;                                ;
;     -- Total Connections                                    ; 11873                 ; 954                  ; 1577                           ;
;     -- Registered Connections                               ; 6715                  ; 717                  ; 0                              ;
;                                                             ;                       ;                      ;                                ;
; External Connections                                        ;                       ;                      ;                                ;
;     -- Top                                                  ; 2                     ; 202                  ; 1399                           ;
;     -- sld_hub:auto_hub                                     ; 202                   ; 2                    ; 133                            ;
;     -- hard_block:auto_generated_inst                       ; 1399                  ; 133                  ; 0                              ;
;                                                             ;                       ;                      ;                                ;
; Partition Interface                                         ;                       ;                      ;                                ;
;     -- Input Ports                                          ; 73                    ; 62                   ; 6                              ;
;     -- Output Ports                                         ; 41                    ; 79                   ; 12                             ;
;     -- Bidir Ports                                          ; 1                     ; 0                    ; 0                              ;
;                                                             ;                       ;                      ;                                ;
; Registered Ports                                            ;                       ;                      ;                                ;
;     -- Registered Input Ports                               ; 0                     ; 3                    ; 0                              ;
;     -- Registered Output Ports                              ; 0                     ; 40                   ; 0                              ;
;                                                             ;                       ;                      ;                                ;
; Port Connectivity                                           ;                       ;                      ;                                ;
;     -- Input Ports driven by GND                            ; 0                     ; 2                    ; 0                              ;
;     -- Output Ports driven by GND                           ; 0                     ; 29                   ; 0                              ;
;     -- Input Ports driven by VCC                            ; 0                     ; 0                    ; 0                              ;
;     -- Output Ports driven by VCC                           ; 0                     ; 0                    ; 0                              ;
;     -- Input Ports with no Source                           ; 0                     ; 47                   ; 0                              ;
;     -- Output Ports with no Source                          ; 0                     ; 0                    ; 0                              ;
;     -- Input Ports with no Fanout                           ; 0                     ; 52                   ; 0                              ;
;     -- Output Ports with no Fanout                          ; 0                     ; 59                   ; 0                              ;
+-------------------------------------------------------------+-----------------------+----------------------+--------------------------------+


+-------------------------------------------------------------------------------------------------------------------------------------------------------------------------------------------------------------------------------------------------------------------------------------------------------------------+
; Input Pins                                                                                                                                                                                                                                                                                                        ;
+------------------------------------+-------+----------+--------------+--------------+--------------+-----------------------+--------------------+--------+----------------+-----------------+----------+--------------+--------------+-------------+---------------------------+----------------------+-----------+
; Name                               ; Pin # ; I/O Bank ; X coordinate ; Y coordinate ; Z coordinate ; Combinational Fan-Out ; Registered Fan-Out ; Global ; Input Register ; PCI I/O Enabled ; Bus Hold ; Weak Pull Up ; I/O Standard ; Termination ; Termination Control Block ; Location assigned by ; Slew Rate ;
+------------------------------------+-------+----------+--------------+--------------+--------------+-----------------------+--------------------+--------+----------------+-----------------+----------+--------------+--------------+-------------+---------------------------+----------------------+-----------+
; audio_0_external_interface_BCLK    ; H7    ; 8A       ; 16           ; 81           ; 17           ; 1                     ; 0                  ; no     ; no             ; no              ; no       ; Off          ; 2.5 V        ; Off         ; --                        ; User                 ; no        ;
; audio_0_external_interface_DACLRCK ; H8    ; 8A       ; 24           ; 81           ; 0            ; 1                     ; 0                  ; no     ; no             ; no              ; no       ; Off          ; 2.5 V        ; Off         ; --                        ; User                 ; no        ;
; buttons_export[0]                  ; AJ12  ; 3B       ; 38           ; 0            ; 51           ; 1                     ; 0                  ; no     ; no             ; no              ; no       ; Off          ; 2.5 V        ; Off         ; --                        ; Fitter               ; no        ;
; buttons_export[10]                 ; AK3   ; 3B       ; 20           ; 0            ; 51           ; 1                     ; 0                  ; no     ; no             ; no              ; no       ; Off          ; 2.5 V        ; Off         ; --                        ; Fitter               ; no        ;
; buttons_export[11]                 ; AC12  ; 3A       ; 16           ; 0            ; 0            ; 1                     ; 0                  ; no     ; no             ; no              ; no       ; Off          ; 2.5 V        ; Off         ; --                        ; Fitter               ; no        ;
; buttons_export[12]                 ; AH9   ; 3B       ; 18           ; 0            ; 91           ; 1                     ; 0                  ; no     ; no             ; no              ; no       ; Off          ; 2.5 V        ; Off         ; --                        ; Fitter               ; no        ;
; buttons_export[13]                 ; AB15  ; 3B       ; 28           ; 0            ; 0            ; 1                     ; 0                  ; no     ; no             ; no              ; no       ; Off          ; 2.5 V        ; Off         ; --                        ; Fitter               ; no        ;
; buttons_export[14]                 ; AE13  ; 3B       ; 22           ; 0            ; 0            ; 1                     ; 0                  ; no     ; no             ; no              ; no       ; Off          ; 2.5 V        ; Off         ; --                        ; Fitter               ; no        ;
; buttons_export[15]                 ; AK8   ; 3B       ; 28           ; 0            ; 51           ; 1                     ; 0                  ; no     ; no             ; no              ; no       ; Off          ; 2.5 V        ; Off         ; --                        ; Fitter               ; no        ;
; buttons_export[16]                 ; AF13  ; 3B       ; 22           ; 0            ; 17           ; 1                     ; 0                  ; no     ; no             ; no              ; no       ; Off          ; 2.5 V        ; Off         ; --                        ; Fitter               ; no        ;
; buttons_export[17]                 ; AF5   ; 3A       ; 8            ; 0            ; 17           ; 1                     ; 0                  ; no     ; no             ; no              ; no       ; Off          ; 2.5 V        ; Off         ; --                        ; Fitter               ; no        ;
; buttons_export[18]                 ; AH3   ; 3A       ; 16           ; 0            ; 51           ; 1                     ; 0                  ; no     ; no             ; no              ; no       ; Off          ; 2.5 V        ; Off         ; --                        ; Fitter               ; no        ;
; buttons_export[19]                 ; AK6   ; 3B       ; 24           ; 0            ; 51           ; 1                     ; 0                  ; no     ; no             ; no              ; no       ; Off          ; 2.5 V        ; Off         ; --                        ; Fitter               ; no        ;
; buttons_export[1]                  ; AJ9   ; 3B       ; 30           ; 0            ; 34           ; 1                     ; 0                  ; no     ; no             ; no              ; no       ; Off          ; 2.5 V        ; Off         ; --                        ; Fitter               ; no        ;
; buttons_export[20]                 ; AG6   ; 3A       ; 12           ; 0            ; 51           ; 1                     ; 0                  ; no     ; no             ; no              ; no       ; Off          ; 2.5 V        ; Off         ; --                        ; Fitter               ; no        ;
; buttons_export[21]                 ; AK4   ; 3B       ; 22           ; 0            ; 51           ; 1                     ; 0                  ; no     ; no             ; no              ; no       ; Off          ; 2.5 V        ; Off         ; --                        ; Fitter               ; no        ;
; buttons_export[22]                 ; AB13  ; 3B       ; 20           ; 0            ; 17           ; 1                     ; 0                  ; no     ; no             ; no              ; no       ; Off          ; 2.5 V        ; Off         ; --                        ; Fitter               ; no        ;
; buttons_export[23]                 ; AK9   ; 3B       ; 30           ; 0            ; 51           ; 1                     ; 0                  ; no     ; no             ; no              ; no       ; Off          ; 2.5 V        ; Off         ; --                        ; Fitter               ; no        ;
; buttons_export[24]                 ; AH5   ; 3A       ; 14           ; 0            ; 51           ; 1                     ; 0                  ; no     ; no             ; no              ; no       ; Off          ; 2.5 V        ; Off         ; --                        ; Fitter               ; no        ;
; buttons_export[25]                 ; AC9   ; 3A       ; 4            ; 0            ; 0            ; 1                     ; 0                  ; no     ; no             ; no              ; no       ; Off          ; 2.5 V        ; Off         ; --                        ; Fitter               ; no        ;
; buttons_export[26]                 ; AG1   ; 3A       ; 10           ; 0            ; 40           ; 1                     ; 0                  ; no     ; no             ; no              ; no       ; Off          ; 2.5 V        ; Off         ; --                        ; Fitter               ; no        ;
; buttons_export[27]                 ; AF4   ; 3A       ; 8            ; 0            ; 0            ; 1                     ; 0                  ; no     ; no             ; no              ; no       ; Off          ; 2.5 V        ; Off         ; --                        ; Fitter               ; no        ;
; buttons_export[28]                 ; AF10  ; 3A       ; 4            ; 0            ; 51           ; 1                     ; 0                  ; no     ; no             ; no              ; no       ; Off          ; 2.5 V        ; Off         ; --                        ; Fitter               ; no        ;
; buttons_export[29]                 ; AJ2   ; 3A       ; 14           ; 0            ; 17           ; 1                     ; 0                  ; no     ; no             ; no              ; no       ; Off          ; 2.5 V        ; Off         ; --                        ; Fitter               ; no        ;
; buttons_export[2]                  ; AF21  ; 4A       ; 70           ; 0            ; 17           ; 1                     ; 0                  ; no     ; no             ; no              ; no       ; Off          ; 2.5 V        ; Off         ; --                        ; Fitter               ; no        ;
; buttons_export[30]                 ; AD10  ; 3A       ; 4            ; 0            ; 17           ; 1                     ; 0                  ; no     ; no             ; no              ; no       ; Off          ; 2.5 V        ; Off         ; --                        ; Fitter               ; no        ;
; buttons_export[31]                 ; AD7   ; 3A       ; 6            ; 0            ; 0            ; 1                     ; 0                  ; no     ; no             ; no              ; no       ; Off          ; 2.5 V        ; Off         ; --                        ; Fitter               ; no        ;
; buttons_export[3]                  ; AE9   ; 3A       ; 2            ; 0            ; 91           ; 1                     ; 0                  ; no     ; no             ; no              ; no       ; Off          ; 2.5 V        ; Off         ; --                        ; Fitter               ; no        ;
; buttons_export[4]                  ; AJ10  ; 3B       ; 34           ; 0            ; 91           ; 1                     ; 0                  ; no     ; no             ; no              ; no       ; Off          ; 2.5 V        ; Off         ; --                        ; Fitter               ; no        ;
; buttons_export[5]                  ; AC14  ; 3B       ; 28           ; 0            ; 17           ; 1                     ; 0                  ; no     ; no             ; no              ; no       ; Off          ; 2.5 V        ; Off         ; --                        ; Fitter               ; no        ;
; buttons_export[6]                  ; AG2   ; 3A       ; 16           ; 0            ; 34           ; 1                     ; 0                  ; no     ; no             ; no              ; no       ; Off          ; 2.5 V        ; Off         ; --                        ; Fitter               ; no        ;
; buttons_export[7]                  ; AG13  ; 3B       ; 26           ; 0            ; 57           ; 1                     ; 0                  ; no     ; no             ; no              ; no       ; Off          ; 2.5 V        ; Off         ; --                        ; Fitter               ; no        ;
; buttons_export[8]                  ; AG11  ; 3B       ; 18           ; 0            ; 57           ; 1                     ; 0                  ; no     ; no             ; no              ; no       ; Off          ; 2.5 V        ; Off         ; --                        ; Fitter               ; no        ;
; buttons_export[9]                  ; AH4   ; 3A       ; 6            ; 0            ; 51           ; 1                     ; 0                  ; no     ; no             ; no              ; no       ; Off          ; 2.5 V        ; Off         ; --                        ; Fitter               ; no        ;
; clk_clk                            ; AF14  ; 3B       ; 32           ; 0            ; 0            ; 1300                  ; 0                  ; yes    ; no             ; no              ; no       ; Off          ; 2.5 V        ; Off         ; --                        ; User                 ; no        ;
; reset_reset_n                      ; Y16   ; 3B       ; 40           ; 0            ; 17           ; 4                     ; 0                  ; no     ; no             ; no              ; no       ; Off          ; 2.5 V        ; Off         ; --                        ; User                 ; no        ;
+------------------------------------+-------+----------+--------------+--------------+--------------+-----------------------+--------------------+--------+----------------+-----------------+----------+--------------+--------------+-------------+---------------------------+----------------------+-----------+


+---------------------------------------------------------------------------------------------------------------------------------------------------------------------------------------------------------------------------------------------------------------------------------------------------------------------------------------------------------------------------------------------------------------------------------------------------------------------------------------------------------------------------------------+
; Output Pins                                                                                                                                                                                                                                                                                                                                                                                                                                                                                                                           ;
+--------------------------------------------------+-------+----------+--------------+--------------+--------------+-----------------+------------------------+-----------+-----------------+------------+---------------+----------+--------------+--------------+------------------+-----------------------------------+---------------------------+----------------------------+-----------------------------+---------------------+-----------------------------+----------------------+----------------------+---------------------+
; Name                                             ; Pin # ; I/O Bank ; X coordinate ; Y coordinate ; Z coordinate ; Output Register ; Output Enable Register ; Slew Rate ; PCI I/O Enabled ; Open Drain ; TRI Primitive ; Bus Hold ; Weak Pull Up ; I/O Standard ; Current Strength ; Termination                       ; Termination Control Block ; Output Buffer Pre-emphasis ; Voltage Output Differential ; Output Buffer Delay ; Output Buffer Delay Control ; Location assigned by ; Output Enable Source ; Output Enable Group ;
+--------------------------------------------------+-------+----------+--------------+--------------+--------------+-----------------+------------------------+-----------+-----------------+------------+---------------+----------+--------------+--------------+------------------+-----------------------------------+---------------------------+----------------------------+-----------------------------+---------------------+-----------------------------+----------------------+----------------------+---------------------+
; audio_0_external_interface_DACDAT                ; J7    ; 8A       ; 16           ; 81           ; 0            ; no              ; no                     ; 1         ; no              ; no         ; no            ; no       ; Off          ; 2.5 V        ; Default          ; Series 50 Ohm without Calibration ; --                        ; no                         ; no                          ; 0                   ; Off                         ; User                 ; -                    ; -                   ;
; audio_and_video_config_0_external_interface_SCLK ; J12   ; 8A       ; 12           ; 81           ; 17           ; no              ; no                     ; 1         ; no              ; no         ; no            ; no       ; Off          ; 2.5 V        ; Default          ; Series 50 Ohm without Calibration ; --                        ; no                         ; no                          ; 0                   ; Off                         ; User                 ; -                    ; -                   ;
; audio_pll_0_audio_clk_clk                        ; AD30  ; 5B       ; 89           ; 25           ; 37           ; no              ; no                     ; 1         ; no              ; no         ; no            ; no       ; Off          ; 2.5 V        ; Default          ; Series 50 Ohm without Calibration ; --                        ; no                         ; no                          ; 0                   ; Off                         ; Fitter               ; -                    ; -                   ;
; leds_export[0]                                   ; AG12  ; 3B       ; 26           ; 0            ; 40           ; no              ; no                     ; 1         ; no              ; no         ; no            ; no       ; Off          ; 2.5 V        ; Default          ; Series 50 Ohm without Calibration ; --                        ; no                         ; no                          ; 0                   ; Off                         ; Fitter               ; -                    ; -                   ;
; leds_export[10]                                  ; AH2   ; 3A       ; 10           ; 0            ; 57           ; no              ; no                     ; 1         ; no              ; no         ; no            ; no       ; Off          ; 2.5 V        ; Default          ; Series 50 Ohm without Calibration ; --                        ; no                         ; no                          ; 0                   ; Off                         ; Fitter               ; -                    ; -                   ;
; leds_export[11]                                  ; AE14  ; 3B       ; 24           ; 0            ; 17           ; no              ; no                     ; 1         ; no              ; no         ; no            ; no       ; Off          ; 2.5 V        ; Default          ; Series 50 Ohm without Calibration ; --                        ; no                         ; no                          ; 0                   ; Off                         ; Fitter               ; -                    ; -                   ;
; leds_export[12]                                  ; AG10  ; 3B       ; 18           ; 0            ; 74           ; no              ; no                     ; 1         ; no              ; no         ; no            ; no       ; Off          ; 2.5 V        ; Default          ; Series 50 Ohm without Calibration ; --                        ; no                         ; no                          ; 0                   ; Off                         ; Fitter               ; -                    ; -                   ;
; leds_export[13]                                  ; AK2   ; 3B       ; 20           ; 0            ; 34           ; no              ; no                     ; 1         ; no              ; no         ; no            ; no       ; Off          ; 2.5 V        ; Default          ; Series 50 Ohm without Calibration ; --                        ; no                         ; no                          ; 0                   ; Off                         ; Fitter               ; -                    ; -                   ;
; leds_export[14]                                  ; AG3   ; 3A       ; 6            ; 0            ; 34           ; no              ; no                     ; 1         ; no              ; no         ; no            ; no       ; Off          ; 2.5 V        ; Default          ; Series 50 Ohm without Calibration ; --                        ; no                         ; no                          ; 0                   ; Off                         ; Fitter               ; -                    ; -                   ;
; leds_export[15]                                  ; AD9   ; 3A       ; 2            ; 0            ; 74           ; no              ; no                     ; 1         ; no              ; no         ; no            ; no       ; Off          ; 2.5 V        ; Default          ; Series 50 Ohm without Calibration ; --                        ; no                         ; no                          ; 0                   ; Off                         ; Fitter               ; -                    ; -                   ;
; leds_export[16]                                  ; AB12  ; 3A       ; 12           ; 0            ; 17           ; no              ; no                     ; 1         ; no              ; no         ; no            ; no       ; Off          ; 2.5 V        ; Default          ; Series 50 Ohm without Calibration ; --                        ; no                         ; no                          ; 0                   ; Off                         ; Fitter               ; -                    ; -                   ;
; leds_export[17]                                  ; AF8   ; 3A       ; 10           ; 0            ; 74           ; no              ; no                     ; 1         ; no              ; no         ; no            ; no       ; Off          ; 2.5 V        ; Default          ; Series 50 Ohm without Calibration ; --                        ; no                         ; no                          ; 0                   ; Off                         ; Fitter               ; -                    ; -                   ;
; leds_export[18]                                  ; AH14  ; 3B       ; 30           ; 0            ; 17           ; no              ; no                     ; 1         ; no              ; no         ; no            ; no       ; Off          ; 2.5 V        ; Default          ; Series 50 Ohm without Calibration ; --                        ; no                         ; no                          ; 0                   ; Off                         ; Fitter               ; -                    ; -                   ;
; leds_export[19]                                  ; AG5   ; 3A       ; 14           ; 0            ; 34           ; no              ; no                     ; 1         ; no              ; no         ; no            ; no       ; Off          ; 2.5 V        ; Default          ; Series 50 Ohm without Calibration ; --                        ; no                         ; no                          ; 0                   ; Off                         ; Fitter               ; -                    ; -                   ;
; leds_export[1]                                   ; AJ6   ; 3B       ; 26           ; 0            ; 74           ; no              ; no                     ; 1         ; no              ; no         ; no            ; no       ; Off          ; 2.5 V        ; Default          ; Series 50 Ohm without Calibration ; --                        ; no                         ; no                          ; 0                   ; Off                         ; Fitter               ; -                    ; -                   ;
; leds_export[20]                                  ; AK11  ; 3B       ; 34           ; 0            ; 57           ; no              ; no                     ; 1         ; no              ; no         ; no            ; no       ; Off          ; 2.5 V        ; Default          ; Series 50 Ohm without Calibration ; --                        ; no                         ; no                          ; 0                   ; Off                         ; Fitter               ; -                    ; -                   ;
; leds_export[21]                                  ; AD14  ; 3B       ; 24           ; 0            ; 0            ; no              ; no                     ; 1         ; no              ; no         ; no            ; no       ; Off          ; 2.5 V        ; Default          ; Series 50 Ohm without Calibration ; --                        ; no                         ; no                          ; 0                   ; Off                         ; Fitter               ; -                    ; -                   ;
; leds_export[22]                                  ; AG7   ; 3A       ; 10           ; 0            ; 91           ; no              ; no                     ; 1         ; no              ; no         ; no            ; no       ; Off          ; 2.5 V        ; Default          ; Series 50 Ohm without Calibration ; --                        ; no                         ; no                          ; 0                   ; Off                         ; Fitter               ; -                    ; -                   ;
; leds_export[23]                                  ; AJ7   ; 3B       ; 26           ; 0            ; 91           ; no              ; no                     ; 1         ; no              ; no         ; no            ; no       ; Off          ; 2.5 V        ; Default          ; Series 50 Ohm without Calibration ; --                        ; no                         ; no                          ; 0                   ; Off                         ; Fitter               ; -                    ; -                   ;
; leds_export[24]                                  ; AH13  ; 3B       ; 30           ; 0            ; 0            ; no              ; no                     ; 1         ; no              ; no         ; no            ; no       ; Off          ; 2.5 V        ; Default          ; Series 50 Ohm without Calibration ; --                        ; no                         ; no                          ; 0                   ; Off                         ; Fitter               ; -                    ; -                   ;
; leds_export[25]                                  ; AE11  ; 3A       ; 4            ; 0            ; 34           ; no              ; no                     ; 1         ; no              ; no         ; no            ; no       ; Off          ; 2.5 V        ; Default          ; Series 50 Ohm without Calibration ; --                        ; no                         ; no                          ; 0                   ; Off                         ; Fitter               ; -                    ; -                   ;
; leds_export[26]                                  ; AF6   ; 3A       ; 12           ; 0            ; 34           ; no              ; no                     ; 1         ; no              ; no         ; no            ; no       ; Off          ; 2.5 V        ; Default          ; Series 50 Ohm without Calibration ; --                        ; no                         ; no                          ; 0                   ; Off                         ; Fitter               ; -                    ; -                   ;
; leds_export[27]                                  ; AA12  ; 3A       ; 12           ; 0            ; 0            ; no              ; no                     ; 1         ; no              ; no         ; no            ; no       ; Off          ; 2.5 V        ; Default          ; Series 50 Ohm without Calibration ; --                        ; no                         ; no                          ; 0                   ; Off                         ; Fitter               ; -                    ; -                   ;
; leds_export[28]                                  ; AF9   ; 3A       ; 8            ; 0            ; 34           ; no              ; no                     ; 1         ; no              ; no         ; no            ; no       ; Off          ; 2.5 V        ; Default          ; Series 50 Ohm without Calibration ; --                        ; no                         ; no                          ; 0                   ; Off                         ; Fitter               ; -                    ; -                   ;
; leds_export[29]                                  ; AJ1   ; 3A       ; 14           ; 0            ; 0            ; no              ; no                     ; 1         ; no              ; no         ; no            ; no       ; Off          ; 2.5 V        ; Default          ; Series 50 Ohm without Calibration ; --                        ; no                         ; no                          ; 0                   ; Off                         ; Fitter               ; -                    ; -                   ;
; leds_export[2]                                   ; AG8   ; 3A       ; 8            ; 0            ; 51           ; no              ; no                     ; 1         ; no              ; no         ; no            ; no       ; Off          ; 2.5 V        ; Default          ; Series 50 Ohm without Calibration ; --                        ; no                         ; no                          ; 0                   ; Off                         ; Fitter               ; -                    ; -                   ;
; leds_export[30]                                  ; AE7   ; 3A       ; 6            ; 0            ; 17           ; no              ; no                     ; 1         ; no              ; no         ; no            ; no       ; Off          ; 2.5 V        ; Default          ; Series 50 Ohm without Calibration ; --                        ; no                         ; no                          ; 0                   ; Off                         ; Fitter               ; -                    ; -                   ;
; leds_export[31]                                  ; AE12  ; 3A       ; 2            ; 0            ; 57           ; no              ; no                     ; 1         ; no              ; no         ; no            ; no       ; Off          ; 2.5 V        ; Default          ; Series 50 Ohm without Calibration ; --                        ; no                         ; no                          ; 0                   ; Off                         ; Fitter               ; -                    ; -                   ;
; leds_export[3]                                   ; AA13  ; 3B       ; 20           ; 0            ; 0            ; no              ; no                     ; 1         ; no              ; no         ; no            ; no       ; Off          ; 2.5 V        ; Default          ; Series 50 Ohm without Calibration ; --                        ; no                         ; no                          ; 0                   ; Off                         ; Fitter               ; -                    ; -                   ;
; leds_export[4]                                   ; AF11  ; 3B       ; 18           ; 0            ; 40           ; no              ; no                     ; 1         ; no              ; no         ; no            ; no       ; Off          ; 2.5 V        ; Default          ; Series 50 Ohm without Calibration ; --                        ; no                         ; no                          ; 0                   ; Off                         ; Fitter               ; -                    ; -                   ;
; leds_export[5]                                   ; AA14  ; 3B       ; 36           ; 0            ; 0            ; no              ; no                     ; 1         ; no              ; no         ; no            ; no       ; Off          ; 2.5 V        ; Default          ; Series 50 Ohm without Calibration ; --                        ; no                         ; no                          ; 0                   ; Off                         ; Fitter               ; -                    ; -                   ;
; leds_export[6]                                   ; AJ4   ; 3B       ; 22           ; 0            ; 34           ; no              ; no                     ; 1         ; no              ; no         ; no            ; no       ; Off          ; 2.5 V        ; Default          ; Series 50 Ohm without Calibration ; --                        ; no                         ; no                          ; 0                   ; Off                         ; Fitter               ; -                    ; -                   ;
; leds_export[7]                                   ; AJ5   ; 3B       ; 24           ; 0            ; 34           ; no              ; no                     ; 1         ; no              ; no         ; no            ; no       ; Off          ; 2.5 V        ; Default          ; Series 50 Ohm without Calibration ; --                        ; no                         ; no                          ; 0                   ; Off                         ; Fitter               ; -                    ; -                   ;
; leds_export[8]                                   ; AD12  ; 3A       ; 16           ; 0            ; 17           ; no              ; no                     ; 1         ; no              ; no         ; no            ; no       ; Off          ; 2.5 V        ; Default          ; Series 50 Ohm without Calibration ; --                        ; no                         ; no                          ; 0                   ; Off                         ; Fitter               ; -                    ; -                   ;
; leds_export[9]                                   ; AK7   ; 3B       ; 28           ; 0            ; 34           ; no              ; no                     ; 1         ; no              ; no         ; no            ; no       ; Off          ; 2.5 V        ; Default          ; Series 50 Ohm without Calibration ; --                        ; no                         ; no                          ; 0                   ; Off                         ; Fitter               ; -                    ; -                   ;
+--------------------------------------------------+-------+----------+--------------+--------------+--------------+-----------------+------------------------+-----------+-----------------+------------+---------------+----------+--------------+--------------+------------------+-----------------------------------+---------------------------+----------------------------+-----------------------------+---------------------+-----------------------------+----------------------+----------------------+---------------------+


+---------------------------------------------------------------------------------------------------------------------------------------------------------------------------------------------------------------------------------------------------------------------------------------------------------------------------------------------------------------------------------------------------------------------------------------------------------------------------------------------------------------------------------------------------------------------------------------------------------------------------------------------------------------------------------------------------------------------+
; Bidir Pins                                                                                                                                                                                                                                                                                                                                                                                                                                                                                                                                                                                                                                                                                                          ;
+--------------------------------------------------+-------+----------+--------------+--------------+--------------+-----------------------+--------------------+--------+----------------+-----------------+------------------------+-----------+-----------------+------------+----------+--------------+--------------+------------------+-------------------+-----------------------------------+---------------------------+----------------------------+---------------------+-----------------------------+----------------------+----------------------+------------------------------------------------------------------------------------------------------------------------------------------------------+
; Name                                             ; Pin # ; I/O Bank ; X coordinate ; Y coordinate ; Z coordinate ; Combinational Fan-Out ; Registered Fan-Out ; Global ; Input Register ; Output Register ; Output Enable Register ; Slew Rate ; PCI I/O Enabled ; Open Drain ; Bus Hold ; Weak Pull Up ; I/O Standard ; Current Strength ; Input Termination ; Output Termination                ; Termination Control Block ; Output Buffer Pre-emphasis ; Output Buffer Delay ; Output Buffer Delay Control ; Location assigned by ; Output Enable Source ; Output Enable Group                                                                                                                                  ;
+--------------------------------------------------+-------+----------+--------------+--------------+--------------+-----------------------+--------------------+--------+----------------+-----------------+------------------------+-----------+-----------------+------------+----------+--------------+--------------+------------------+-------------------+-----------------------------------+---------------------------+----------------------------+---------------------+-----------------------------+----------------------+----------------------+------------------------------------------------------------------------------------------------------------------------------------------------------+
; audio_and_video_config_0_external_interface_SDAT ; K12   ; 8A       ; 12           ; 81           ; 0            ; 1                     ; 0                  ; no     ; no             ; no              ; no                     ; 1         ; no              ; no         ; no       ; Off          ; 2.5 V        ; Default          ; Off               ; Series 50 Ohm without Calibration ; --                        ; no                         ; 0                   ; Off                         ; User                 ; 0 pF                 ; reloj_soc_audio_and_video_config_0:audio_and_video_config_0|altera_up_av_config_serial_bus_controller:Serial_Bus_Controller|serial_data~2 (inverted) ;
+--------------------------------------------------+-------+----------+--------------+--------------+--------------+-----------------------+--------------------+--------+----------------+-----------------+------------------------+-----------+-----------------+------------+----------+--------------+--------------+------------------+-------------------+-----------------------------------+---------------------------+----------------------------+---------------------+-----------------------------+----------------------+----------------------+------------------------------------------------------------------------------------------------------------------------------------------------------+


+----------------------------------------------------------------------------+
; I/O Bank Usage                                                             ;
+----------+------------------+---------------+--------------+---------------+
; I/O Bank ; Usage            ; VCCIO Voltage ; VREF Voltage ; VCCPD Voltage ;
+----------+------------------+---------------+--------------+---------------+
; B2L      ; 0 / 14 ( 0 % )   ; --            ; --           ; --            ;
; B1L      ; 0 / 14 ( 0 % )   ; --            ; --           ; --            ;
; B0L      ; 0 / 14 ( 0 % )   ; --            ; --           ; --            ;
; 3A       ; 31 / 32 ( 97 % ) ; 2.5V          ; --           ; 2.5V          ;
; 3B       ; 34 / 48 ( 71 % ) ; 2.5V          ; --           ; 2.5V          ;
; 4A       ; 1 / 80 ( 1 % )   ; 2.5V          ; --           ; 2.5V          ;
; 5A       ; 0 / 32 ( 0 % )   ; 2.5V          ; --           ; 2.5V          ;
; 5B       ; 1 / 16 ( 6 % )   ; 2.5V          ; --           ; 2.5V          ;
; 6B       ; 0 / 44 ( 0 % )   ; 2.5V          ; --           ; 2.5V          ;
; 6A       ; 0 / 56 ( 0 % )   ; 2.5V          ; --           ; 2.5V          ;
; 7A       ; 0 / 19 ( 0 % )   ; 2.5V          ; --           ; 2.5V          ;
; 7B       ; 0 / 22 ( 0 % )   ; 2.5V          ; --           ; 2.5V          ;
; 7C       ; 0 / 12 ( 0 % )   ; 2.5V          ; --           ; 2.5V          ;
; 7D       ; 0 / 14 ( 0 % )   ; 2.5V          ; --           ; 2.5V          ;
; 8A       ; 5 / 80 ( 6 % )   ; 2.5V          ; --           ; 2.5V          ;
+----------+------------------+---------------+--------------+---------------+


+----------------------------------------------------------------------------------------------------------------------------------------------------------------------------------------------------+
; All Package Pins                                                                                                                                                                                   ;
+----------+------------+----------------+--------------------------------------------------+--------+--------------+---------------------+--------------+-----------------+----------+--------------+
; Location ; Pad Number ; I/O Bank       ; Pin Name/Usage                                   ; Dir.   ; I/O Standard ; Voltage             ; I/O Type     ; User Assignment ; Bus Hold ; Weak Pull Up ;
+----------+------------+----------------+--------------------------------------------------+--------+--------------+---------------------+--------------+-----------------+----------+--------------+
; A2       ;            ;                ; GND                                              ; gnd    ;              ;                     ; --           ;                 ; --       ; --           ;
; A3       ; 493        ; 8A             ; RESERVED_INPUT_WITH_WEAK_PULLUP                  ;        ;              ;                     ; Column I/O   ;                 ; no       ; On           ;
; A4       ; 491        ; 8A             ; RESERVED_INPUT_WITH_WEAK_PULLUP                  ;        ;              ;                     ; Column I/O   ;                 ; no       ; On           ;
; A5       ; 489        ; 8A             ; RESERVED_INPUT_WITH_WEAK_PULLUP                  ;        ;              ;                     ; Column I/O   ;                 ; no       ; On           ;
; A6       ; 487        ; 8A             ; RESERVED_INPUT_WITH_WEAK_PULLUP                  ;        ;              ;                     ; Column I/O   ;                 ; no       ; On           ;
; A7       ;            ; 8A             ; VCCIO8A                                          ; power  ;              ; 2.5V                ; --           ;                 ; --       ; --           ;
; A8       ; 473        ; 8A             ; RESERVED_INPUT_WITH_WEAK_PULLUP                  ;        ;              ;                     ; Column I/O   ;                 ; no       ; On           ;
; A9       ; 471        ; 8A             ; RESERVED_INPUT_WITH_WEAK_PULLUP                  ;        ;              ;                     ; Column I/O   ;                 ; no       ; On           ;
; A10      ; 465        ; 8A             ; RESERVED_INPUT_WITH_WEAK_PULLUP                  ;        ;              ;                     ; Column I/O   ;                 ; no       ; On           ;
; A11      ; 463        ; 8A             ; RESERVED_INPUT_WITH_WEAK_PULLUP                  ;        ;              ;                     ; Column I/O   ;                 ; no       ; On           ;
; A12      ;            ;                ; GND                                              ; gnd    ;              ;                     ; --           ;                 ; --       ; --           ;
; A13      ; 461        ; 8A             ; RESERVED_INPUT_WITH_WEAK_PULLUP                  ;        ;              ;                     ; Column I/O   ;                 ; no       ; On           ;
; A14      ; 455        ; 7D             ; RESERVED_INPUT_WITH_WEAK_PULLUP                  ;        ;              ;                     ; Column I/O   ;                 ; no       ; On           ;
; A15      ; 447        ; 7D             ; RESERVED_INPUT_WITH_WEAK_PULLUP                  ;        ;              ;                     ; Column I/O   ;                 ; no       ; On           ;
; A16      ; 439        ; 7C             ; RESERVED_INPUT_WITH_WEAK_PULLUP                  ;        ;              ;                     ; Column I/O   ;                 ; no       ; On           ;
; A17      ;            ;                ; GND                                              ; gnd    ;              ;                     ; --           ;                 ; --       ; --           ;
; A18      ; 425        ; 7B             ; RESERVED_INPUT_WITH_WEAK_PULLUP                  ;        ;              ;                     ; Column I/O   ;                 ; no       ; On           ;
; A19      ; 423        ; 7B             ; RESERVED_INPUT_WITH_WEAK_PULLUP                  ;        ;              ;                     ; Column I/O   ;                 ; no       ; On           ;
; A20      ; 415        ; 7B             ; RESERVED_INPUT_WITH_WEAK_PULLUP                  ;        ;              ;                     ; Column I/O   ;                 ; no       ; On           ;
; A21      ; 411        ; 7B             ; RESERVED_INPUT_WITH_WEAK_PULLUP                  ;        ;              ;                     ; Column I/O   ;                 ; no       ; On           ;
; A22      ;            ;                ; GND                                              ; gnd    ;              ;                     ; --           ;                 ; --       ; --           ;
; A23      ; 395        ; 7A             ; RESERVED_INPUT_WITH_WEAK_PULLUP                  ;        ;              ;                     ; Column I/O   ;                 ; no       ; On           ;
; A24      ; 391        ; 7A             ; RESERVED_INPUT_WITH_WEAK_PULLUP                  ;        ;              ;                     ; Column I/O   ;                 ; no       ; On           ;
; A25      ; 389        ; 7A             ; RESERVED_INPUT_WITH_WEAK_PULLUP                  ;        ;              ;                     ; Column I/O   ;                 ; no       ; On           ;
; A26      ; 382        ; 7A             ; ^GND                                             ;        ;              ;                     ; --           ;                 ; --       ; --           ;
; A27      ;            ;                ; GND                                              ; gnd    ;              ;                     ; --           ;                 ; --       ; --           ;
; A28      ; 380        ; 7A             ; ^HPS_TRST                                        ;        ;              ;                     ; --           ;                 ; --       ; --           ;
; A29      ; 378        ; 7A             ; ^HPS_TMS                                         ;        ;              ;                     ; --           ;                 ; --       ; --           ;
; AA1      ; 31         ; B0L            ; GND                                              ;        ;              ;                     ; --           ;                 ; --       ; --           ;
; AA2      ; 30         ; B0L            ; GND                                              ;        ;              ;                     ; --           ;                 ; --       ; --           ;
; AA3      ;            ;                ; GND                                              ; gnd    ;              ;                     ; --           ;                 ; --       ; --           ;
; AA4      ;            ;                ; GND                                              ; gnd    ;              ;                     ; --           ;                 ; --       ; --           ;
; AA5      ;            ; --             ; VCCE_GXBL                                        ; power  ;              ; 1.1V                ; --           ;                 ; --       ; --           ;
; AA6      ;            ;                ; GND                                              ; gnd    ;              ;                     ; --           ;                 ; --       ; --           ;
; AA7      ;            ;                ; DNU                                              ;        ;              ;                     ; --           ;                 ; --       ; --           ;
; AA8      ;            ; --             ; VCCA_FPLL                                        ; power  ;              ; 2.5V                ; --           ;                 ; --       ; --           ;
; AA9      ;            ;                ; GND                                              ; gnd    ;              ;                     ; --           ;                 ; --       ; --           ;
; AA10     ;            ; 3A             ; VCCPD3A                                          ; power  ;              ; 2.5V                ; --           ;                 ; --       ; --           ;
; AA11     ;            ;                ; GND                                              ; gnd    ;              ;                     ; --           ;                 ; --       ; --           ;
; AA12     ; 74         ; 3A             ; leds_export[27]                                  ; output ; 2.5 V        ;                     ; Column I/O   ; N               ; no       ; Off          ;
; AA13     ; 90         ; 3B             ; leds_export[3]                                   ; output ; 2.5 V        ;                     ; Column I/O   ; N               ; no       ; Off          ;
; AA14     ; 122        ; 3B             ; leds_export[5]                                   ; output ; 2.5 V        ;                     ; Column I/O   ; N               ; no       ; Off          ;
; AA15     ; 120        ; 3B             ; RESERVED_INPUT_WITH_WEAK_PULLUP                  ;        ;              ;                     ; Column I/O   ;                 ; no       ; On           ;
; AA16     ; 146        ; 4A             ; RESERVED_INPUT_WITH_WEAK_PULLUP                  ;        ;              ;                     ; Column I/O   ;                 ; no       ; On           ;
; AA17     ;            ; 4A             ; VCCIO4A                                          ; power  ;              ; 2.5V                ; --           ;                 ; --       ; --           ;
; AA18     ; 168        ; 4A             ; RESERVED_INPUT_WITH_WEAK_PULLUP                  ;        ;              ;                     ; Column I/O   ;                 ; no       ; On           ;
; AA19     ; 176        ; 4A             ; RESERVED_INPUT_WITH_WEAK_PULLUP                  ;        ;              ;                     ; Column I/O   ;                 ; no       ; On           ;
; AA20     ; 200        ; 4A             ; RESERVED_INPUT_WITH_WEAK_PULLUP                  ;        ;              ;                     ; Column I/O   ;                 ; no       ; On           ;
; AA21     ; 210        ; 4A             ; RESERVED_INPUT_WITH_WEAK_PULLUP                  ;        ;              ;                     ; Column I/O   ;                 ; no       ; On           ;
; AA22     ;            ;                ; GND                                              ; gnd    ;              ;                     ; --           ;                 ; --       ; --           ;
; AA23     ;            ; --             ; VCCPGM                                           ; power  ;              ; 1.8V/2.5V/3.0V/3.3V ; --           ;                 ; --       ; --           ;
; AA24     ; 228        ; 5A             ; RESERVED_INPUT_WITH_WEAK_PULLUP                  ;        ;              ;                     ; Row I/O      ;                 ; no       ; On           ;
; AA25     ; 224        ; 5A             ; RESERVED_INPUT_WITH_WEAK_PULLUP                  ;        ;              ;                     ; Row I/O      ;                 ; no       ; On           ;
; AA26     ; 252        ; 5B             ; RESERVED_INPUT_WITH_WEAK_PULLUP                  ;        ;              ;                     ; Row I/O      ;                 ; no       ; On           ;
; AA27     ;            ; 5B             ; VCCIO5B                                          ; power  ;              ; 2.5V                ; --           ;                 ; --       ; --           ;
; AA28     ; 251        ; 5B             ; RESERVED_INPUT_WITH_WEAK_PULLUP                  ;        ;              ;                     ; Row I/O      ;                 ; no       ; On           ;
; AA29     ;            ; 5B             ; VREFB5BN0                                        ; power  ;              ;                     ; --           ;                 ; --       ; --           ;
; AA30     ; 250        ; 5B             ; RESERVED_INPUT_WITH_WEAK_PULLUP                  ;        ;              ;                     ; Row I/O      ;                 ; no       ; On           ;
; AB1      ;            ;                ; GND                                              ; gnd    ;              ;                     ; --           ;                 ; --       ; --           ;
; AB2      ;            ;                ; GND                                              ; gnd    ;              ;                     ; --           ;                 ; --       ; --           ;
; AB3      ; 32         ; B0L            ; GXB_NC                                           ;        ;              ;                     ; --           ;                 ; --       ; --           ;
; AB4      ; 33         ; B0L            ; GXB_NC                                           ;        ;              ;                     ; --           ;                 ; --       ; --           ;
; AB5      ;            ;                ; GND                                              ; gnd    ;              ;                     ; --           ;                 ; --       ; --           ;
; AB6      ;            ; --             ; VCCH_GXBL                                        ; power  ;              ; 2.5V                ; --           ;                 ; --       ; --           ;
; AB7      ;            ;                ; GND                                              ; gnd    ;              ;                     ; --           ;                 ; --       ; --           ;
; AB8      ; 43         ; 3A             ; ^nCSO, DATA4                                     ;        ;              ;                     ; Weak Pull Up ;                 ; --       ; On           ;
; AB9      ; 42         ; 3A             ; altera_reserved_tdo                              ; output ; 2.5 V        ;                     ; --           ; N               ; no       ; Off          ;
; AB10     ;            ; --             ; VCCPGM                                           ; power  ;              ; 1.8V/2.5V/3.0V/3.3V ; --           ;                 ; --       ; --           ;
; AB11     ;            ; --             ; VCC_AUX                                          ; power  ;              ; 2.5V                ; --           ;                 ; --       ; --           ;
; AB12     ; 72         ; 3A             ; leds_export[16]                                  ; output ; 2.5 V        ;                     ; Column I/O   ; N               ; no       ; Off          ;
; AB13     ; 88         ; 3B             ; buttons_export[22]                               ; input  ; 2.5 V        ;                     ; Column I/O   ; N               ; no       ; Off          ;
; AB14     ;            ; 3B             ; VCCIO3B                                          ; power  ;              ; 2.5V                ; --           ;                 ; --       ; --           ;
; AB15     ; 106        ; 3B             ; buttons_export[13]                               ; input  ; 2.5 V        ;                     ; Column I/O   ; N               ; no       ; Off          ;
; AB16     ;            ; --             ; VCC_AUX                                          ; power  ;              ; 2.5V                ; --           ;                 ; --       ; --           ;
; AB17     ; 144        ; 4A             ; RESERVED_INPUT_WITH_WEAK_PULLUP                  ;        ;              ;                     ; Column I/O   ;                 ; no       ; On           ;
; AB18     ;            ; 3B, 4A         ; VCCPD3B4A                                        ; power  ;              ; 2.5V                ; --           ;                 ; --       ; --           ;
; AB19     ;            ;                ; GND                                              ; gnd    ;              ;                     ; --           ;                 ; --       ; --           ;
; AB20     ;            ; 3B, 4A         ; VCCPD3B4A                                        ; power  ;              ; 2.5V                ; --           ;                 ; --       ; --           ;
; AB21     ; 208        ; 4A             ; RESERVED_INPUT_WITH_WEAK_PULLUP                  ;        ;              ;                     ; Column I/O   ;                 ; no       ; On           ;
; AB22     ; 225        ; 5A             ; RESERVED_INPUT_WITH_WEAK_PULLUP                  ;        ;              ;                     ; Row I/O      ;                 ; no       ; On           ;
; AB23     ; 227        ; 5A             ; RESERVED_INPUT_WITH_WEAK_PULLUP                  ;        ;              ;                     ; Row I/O      ;                 ; no       ; On           ;
; AB24     ;            ; 5A             ; VCCIO5A                                          ; power  ;              ; 2.5V                ; --           ;                 ; --       ; --           ;
; AB25     ; 230        ; 5A             ; RESERVED_INPUT_WITH_WEAK_PULLUP                  ;        ;              ;                     ; Row I/O      ;                 ; no       ; On           ;
; AB26     ; 226        ; 5A             ; RESERVED_INPUT_WITH_WEAK_PULLUP                  ;        ;              ;                     ; Row I/O      ;                 ; no       ; On           ;
; AB27     ; 254        ; 5B             ; RESERVED_INPUT_WITH_WEAK_PULLUP                  ;        ;              ;                     ; Row I/O      ;                 ; no       ; On           ;
; AB28     ; 249        ; 5B             ; RESERVED_INPUT_WITH_WEAK_PULLUP                  ;        ;              ;                     ; Row I/O      ;                 ; no       ; On           ;
; AB29     ;            ;                ; GND                                              ; gnd    ;              ;                     ; --           ;                 ; --       ; --           ;
; AB30     ; 248        ; 5B             ; RESERVED_INPUT_WITH_WEAK_PULLUP                  ;        ;              ;                     ; Row I/O      ;                 ; no       ; On           ;
; AC1      ; 35         ; B0L            ; GND                                              ;        ;              ;                     ; --           ;                 ; --       ; --           ;
; AC2      ; 34         ; B0L            ; GND                                              ;        ;              ;                     ; --           ;                 ; --       ; --           ;
; AC3      ;            ;                ; GND                                              ; gnd    ;              ;                     ; --           ;                 ; --       ; --           ;
; AC4      ;            ;                ; GND                                              ; gnd    ;              ;                     ; --           ;                 ; --       ; --           ;
; AC5      ; 46         ; 3A             ; altera_reserved_tck                              ; input  ; 2.5 V        ;                     ; --           ; N               ; no       ; Off          ;
; AC6      ;            ;                ; GND                                              ; gnd    ;              ;                     ; --           ;                 ; --       ; --           ;
; AC7      ; 45         ; 3A             ; ^AS_DATA3, DATA3                                 ;        ;              ;                     ; Weak Pull Up ;                 ; --       ; On           ;
; AC8      ;            ;                ; GND                                              ; gnd    ;              ;                     ; --           ;                 ; --       ; --           ;
; AC9      ; 58         ; 3A             ; buttons_export[25]                               ; input  ; 2.5 V        ;                     ; Column I/O   ; N               ; no       ; Off          ;
; AC10     ;            ; 3A             ; VCCPD3A                                          ; power  ;              ; 2.5V                ; --           ;                 ; --       ; --           ;
; AC11     ;            ; 3A             ; VCCIO3A                                          ; power  ;              ; 2.5V                ; --           ;                 ; --       ; --           ;
; AC12     ; 82         ; 3A             ; buttons_export[11]                               ; input  ; 2.5 V        ;                     ; Column I/O   ; N               ; no       ; Off          ;
; AC13     ;            ; 3B, 4A         ; VCCPD3B4A                                        ; power  ;              ; 2.5V                ; --           ;                 ; --       ; --           ;
; AC14     ; 104        ; 3B             ; buttons_export[5]                                ; input  ; 2.5 V        ;                     ; Column I/O   ; N               ; no       ; Off          ;
; AC15     ;            ; 3B, 4A         ; VCCPD3B4A                                        ; power  ;              ; 2.5V                ; --           ;                 ; --       ; --           ;
; AC16     ;            ;                ; GND                                              ; gnd    ;              ;                     ; --           ;                 ; --       ; --           ;
; AC17     ;            ; 3B, 4A         ; VCCPD3B4A                                        ; power  ;              ; 2.5V                ; --           ;                 ; --       ; --           ;
; AC18     ; 162        ; 4A             ; RESERVED_INPUT_WITH_WEAK_PULLUP                  ;        ;              ;                     ; Column I/O   ;                 ; no       ; On           ;
; AC19     ;            ; 3B, 4A         ; VCCPD3B4A                                        ; power  ;              ; 2.5V                ; --           ;                 ; --       ; --           ;
; AC20     ; 186        ; 4A             ; RESERVED_INPUT_WITH_WEAK_PULLUP                  ;        ;              ;                     ; Column I/O   ;                 ; no       ; On           ;
; AC21     ;            ; 4A             ; VCCIO4A                                          ; power  ;              ; 2.5V                ; --           ;                 ; --       ; --           ;
; AC22     ; 207        ; 4A             ; RESERVED_INPUT_WITH_WEAK_PULLUP                  ;        ;              ;                     ; Column I/O   ;                 ; no       ; On           ;
; AC23     ; 205        ; 4A             ; RESERVED_INPUT_WITH_WEAK_PULLUP                  ;        ;              ;                     ; Column I/O   ;                 ; no       ; On           ;
; AC24     ;            ; 5A             ; VREFB5AN0                                        ; power  ;              ;                     ; --           ;                 ; --       ; --           ;
; AC25     ; 215        ; 5A             ; RESERVED_INPUT_WITH_WEAK_PULLUP                  ;        ;              ;                     ; Row I/O      ;                 ; no       ; On           ;
; AC26     ;            ;                ; GND                                              ; gnd    ;              ;                     ; --           ;                 ; --       ; --           ;
; AC27     ; 242        ; 5A             ; RESERVED_INPUT_WITH_WEAK_PULLUP                  ;        ;              ;                     ; Row I/O      ;                 ; no       ; On           ;
; AC28     ; 245        ; 5B             ; RESERVED_INPUT_WITH_WEAK_PULLUP                  ;        ;              ;                     ; Row I/O      ;                 ; no       ; On           ;
; AC29     ; 247        ; 5B             ; RESERVED_INPUT_WITH_WEAK_PULLUP                  ;        ;              ;                     ; Row I/O      ;                 ; no       ; On           ;
; AC30     ; 259        ; 5B             ; RESERVED_INPUT_WITH_WEAK_PULLUP                  ;        ;              ;                     ; Row I/O      ;                 ; no       ; On           ;
; AD1      ;            ;                ; GND                                              ; gnd    ;              ;                     ; --           ;                 ; --       ; --           ;
; AD2      ;            ;                ; GND                                              ; gnd    ;              ;                     ; --           ;                 ; --       ; --           ;
; AD3      ; 36         ; B0L            ; GXB_NC                                           ;        ;              ;                     ; --           ;                 ; --       ; --           ;
; AD4      ; 37         ; B0L            ; GXB_NC                                           ;        ;              ;                     ; --           ;                 ; --       ; --           ;
; AD5      ;            ;                ; GND                                              ; gnd    ;              ;                     ; --           ;                 ; --       ; --           ;
; AD6      ;            ; 3A             ; VREFB3AN0                                        ; power  ;              ;                     ; --           ;                 ; --       ; --           ;
; AD7      ; 62         ; 3A             ; buttons_export[31]                               ; input  ; 2.5 V        ;                     ; Column I/O   ; N               ; no       ; Off          ;
; AD8      ;            ; 3A             ; VCCIO3A                                          ; power  ;              ; 2.5V                ; --           ;                 ; --       ; --           ;
; AD9      ; 55         ; 3A             ; leds_export[15]                                  ; output ; 2.5 V        ;                     ; Column I/O   ; N               ; no       ; Off          ;
; AD10     ; 56         ; 3A             ; buttons_export[30]                               ; input  ; 2.5 V        ;                     ; Column I/O   ; N               ; no       ; Off          ;
; AD11     ; 54         ; 3A             ; RESERVED_INPUT_WITH_WEAK_PULLUP                  ;        ;              ;                     ; Column I/O   ;                 ; no       ; On           ;
; AD12     ; 80         ; 3A             ; leds_export[8]                                   ; output ; 2.5 V        ;                     ; Column I/O   ; N               ; no       ; Off          ;
; AD13     ;            ; 3B             ; VCCIO3B                                          ; power  ;              ; 2.5V                ; --           ;                 ; --       ; --           ;
; AD14     ; 98         ; 3B             ; leds_export[21]                                  ; output ; 2.5 V        ;                     ; Column I/O   ; N               ; no       ; Off          ;
; AD15     ;            ;                ; DNU                                              ;        ;              ;                     ; --           ;                 ; --       ; --           ;
; AD16     ;            ; 3B, 4A         ; VCCPD3B4A                                        ; power  ;              ; 2.5V                ; --           ;                 ; --       ; --           ;
; AD17     ; 160        ; 4A             ; RESERVED_INPUT_WITH_WEAK_PULLUP                  ;        ;              ;                     ; Column I/O   ;                 ; no       ; On           ;
; AD18     ;            ; 4A             ; VCCIO4A                                          ; power  ;              ; 2.5V                ; --           ;                 ; --       ; --           ;
; AD19     ; 184        ; 4A             ; RESERVED_INPUT_WITH_WEAK_PULLUP                  ;        ;              ;                     ; Column I/O   ;                 ; no       ; On           ;
; AD20     ; 199        ; 4A             ; RESERVED_INPUT_WITH_WEAK_PULLUP                  ;        ;              ;                     ; Column I/O   ;                 ; no       ; On           ;
; AD21     ; 197        ; 4A             ; RESERVED_INPUT_WITH_WEAK_PULLUP                  ;        ;              ;                     ; Column I/O   ;                 ; no       ; On           ;
; AD22     ;            ; --             ; VCC_AUX                                          ; power  ;              ; 2.5V                ; --           ;                 ; --       ; --           ;
; AD23     ;            ;                ; GND                                              ; gnd    ;              ;                     ; --           ;                 ; --       ; --           ;
; AD24     ; 211        ; 4A             ; RESERVED_INPUT_WITH_WEAK_PULLUP                  ;        ;              ;                     ; Column I/O   ;                 ; no       ; On           ;
; AD25     ; 213        ; 5A             ; RESERVED_INPUT_WITH_WEAK_PULLUP                  ;        ;              ;                     ; Row I/O      ;                 ; no       ; On           ;
; AD26     ; 240        ; 5A             ; RESERVED_INPUT_WITH_WEAK_PULLUP                  ;        ;              ;                     ; Row I/O      ;                 ; no       ; On           ;
; AD27     ; 222        ; 5A             ; RESERVED_INPUT_WITH_WEAK_PULLUP                  ;        ;              ;                     ; Row I/O      ;                 ; no       ; On           ;
; AD28     ;            ; 5A             ; VCCIO5A                                          ; power  ;              ; 2.5V                ; --           ;                 ; --       ; --           ;
; AD29     ; 255        ; 5B             ; RESERVED_INPUT_WITH_WEAK_PULLUP                  ;        ;              ;                     ; Row I/O      ;                 ; no       ; On           ;
; AD30     ; 257        ; 5B             ; audio_pll_0_audio_clk_clk                        ; output ; 2.5 V        ;                     ; Row I/O      ; N               ; no       ; Off          ;
; AE1      ; 39         ; B0L            ; GND                                              ;        ;              ;                     ; --           ;                 ; --       ; --           ;
; AE2      ; 38         ; B0L            ; GND                                              ;        ;              ;                     ; --           ;                 ; --       ; --           ;
; AE3      ;            ;                ; GND                                              ; gnd    ;              ;                     ; --           ;                 ; --       ; --           ;
; AE4      ;            ;                ; GND                                              ; gnd    ;              ;                     ; --           ;                 ; --       ; --           ;
; AE5      ; 49         ; 3A             ; ^AS_DATA1, DATA1                                 ;        ;              ;                     ; Weak Pull Up ;                 ; --       ; On           ;
; AE6      ; 51         ; 3A             ; ^AS_DATA0, ASDO, DATA0                           ;        ;              ;                     ; Weak Pull Up ;                 ; --       ; On           ;
; AE7      ; 60         ; 3A             ; leds_export[30]                                  ; output ; 2.5 V        ;                     ; Column I/O   ; N               ; no       ; Off          ;
; AE8      ; 47         ; 3A             ; ^AS_DATA2, DATA2                                 ;        ;              ;                     ; Weak Pull Up ;                 ; --       ; On           ;
; AE9      ; 53         ; 3A             ; buttons_export[3]                                ; input  ; 2.5 V        ;                     ; Column I/O   ; N               ; no       ; Off          ;
; AE10     ;            ;                ; GND                                              ; gnd    ;              ;                     ; --           ;                 ; --       ; --           ;
; AE11     ; 59         ; 3A             ; leds_export[25]                                  ; output ; 2.5 V        ;                     ; Column I/O   ; N               ; no       ; Off          ;
; AE12     ; 52         ; 3A             ; leds_export[31]                                  ; output ; 2.5 V        ;                     ; Column I/O   ; N               ; no       ; Off          ;
; AE13     ; 95         ; 3B             ; buttons_export[14]                               ; input  ; 2.5 V        ;                     ; Column I/O   ; N               ; no       ; Off          ;
; AE14     ; 96         ; 3B             ; leds_export[11]                                  ; output ; 2.5 V        ;                     ; Column I/O   ; N               ; no       ; Off          ;
; AE15     ;            ; 3B             ; VCCIO3B                                          ; power  ;              ; 2.5V                ; --           ;                 ; --       ; --           ;
; AE16     ; 139        ; 4A             ; RESERVED_INPUT_WITH_WEAK_PULLUP                  ;        ;              ;                     ; Column I/O   ;                 ; no       ; On           ;
; AE17     ; 135        ; 4A             ; RESERVED_INPUT_WITH_WEAK_PULLUP                  ;        ;              ;                     ; Column I/O   ;                 ; no       ; On           ;
; AE18     ; 167        ; 4A             ; RESERVED_INPUT_WITH_WEAK_PULLUP                  ;        ;              ;                     ; Column I/O   ;                 ; no       ; On           ;
; AE19     ; 165        ; 4A             ; RESERVED_INPUT_WITH_WEAK_PULLUP                  ;        ;              ;                     ; Column I/O   ;                 ; no       ; On           ;
; AE20     ;            ;                ; GND                                              ; gnd    ;              ;                     ; --           ;                 ; --       ; --           ;
; AE21     ;            ; 3B, 4A         ; VCCPD3B4A                                        ; power  ;              ; 2.5V                ; --           ;                 ; --       ; --           ;
; AE22     ; 191        ; 4A             ; RESERVED_INPUT_WITH_WEAK_PULLUP                  ;        ;              ;                     ; Column I/O   ;                 ; no       ; On           ;
; AE23     ; 189        ; 4A             ; RESERVED_INPUT_WITH_WEAK_PULLUP                  ;        ;              ;                     ; Column I/O   ;                 ; no       ; On           ;
; AE24     ; 209        ; 4A             ; RESERVED_INPUT_WITH_WEAK_PULLUP                  ;        ;              ;                     ; Column I/O   ;                 ; no       ; On           ;
; AE25     ;            ; 4A             ; VCCIO4A                                          ; power  ;              ; 2.5V                ; --           ;                 ; --       ; --           ;
; AE26     ; 220        ; 5A             ; RESERVED_INPUT_WITH_WEAK_PULLUP                  ;        ;              ;                     ; Row I/O      ;                 ; no       ; On           ;
; AE27     ; 229        ; 5A             ; RESERVED_INPUT_WITH_WEAK_PULLUP                  ;        ;              ;                     ; Row I/O      ;                 ; no       ; On           ;
; AE28     ; 231        ; 5A             ; RESERVED_INPUT_WITH_WEAK_PULLUP                  ;        ;              ;                     ; Row I/O      ;                 ; no       ; On           ;
; AE29     ; 253        ; 5B             ; RESERVED_INPUT_WITH_WEAK_PULLUP                  ;        ;              ;                     ; Row I/O      ;                 ; no       ; On           ;
; AE30     ;            ; 5B             ; VCCIO5B                                          ; power  ;              ; 2.5V                ; --           ;                 ; --       ; --           ;
; AF1      ;            ;                ; GND                                              ; gnd    ;              ;                     ; --           ;                 ; --       ; --           ;
; AF2      ;            ;                ; GND                                              ; gnd    ;              ;                     ; --           ;                 ; --       ; --           ;
; AF3      ;            ;                ; GND                                              ; gnd    ;              ;                     ; --           ;                 ; --       ; --           ;
; AF4      ; 66         ; 3A             ; buttons_export[27]                               ; input  ; 2.5 V        ;                     ; Column I/O   ; N               ; no       ; Off          ;
; AF5      ; 64         ; 3A             ; buttons_export[17]                               ; input  ; 2.5 V        ;                     ; Column I/O   ; N               ; no       ; Off          ;
; AF6      ; 75         ; 3A             ; leds_export[26]                                  ; output ; 2.5 V        ;                     ; Column I/O   ; N               ; no       ; Off          ;
; AF7      ;            ; 3A             ; VCCIO3A                                          ; power  ;              ; 2.5V                ; --           ;                 ; --       ; --           ;
; AF8      ; 70         ; 3A             ; leds_export[17]                                  ; output ; 2.5 V        ;                     ; Column I/O   ; N               ; no       ; Off          ;
; AF9      ; 67         ; 3A             ; leds_export[28]                                  ; output ; 2.5 V        ;                     ; Column I/O   ; N               ; no       ; Off          ;
; AF10     ; 57         ; 3A             ; buttons_export[28]                               ; input  ; 2.5 V        ;                     ; Column I/O   ; N               ; no       ; Off          ;
; AF11     ; 87         ; 3B             ; leds_export[4]                                   ; output ; 2.5 V        ;                     ; Column I/O   ; N               ; no       ; Off          ;
; AF12     ;            ;                ; GND                                              ; gnd    ;              ;                     ; --           ;                 ; --       ; --           ;
; AF13     ; 93         ; 3B             ; buttons_export[16]                               ; input  ; 2.5 V        ;                     ; Column I/O   ; N               ; no       ; Off          ;
; AF14     ; 114        ; 3B             ; clk_clk                                          ; input  ; 2.5 V        ;                     ; Column I/O   ; Y               ; no       ; Off          ;
; AF15     ; 112        ; 3B             ; RESERVED_INPUT_WITH_WEAK_PULLUP                  ;        ;              ;                     ; Column I/O   ;                 ; no       ; On           ;
; AF16     ; 137        ; 4A             ; RESERVED_INPUT_WITH_WEAK_PULLUP                  ;        ;              ;                     ; Column I/O   ;                 ; no       ; On           ;
; AF17     ;            ;                ; GND                                              ; gnd    ;              ;                     ; --           ;                 ; --       ; --           ;
; AF18     ; 133        ; 4A             ; RESERVED_INPUT_WITH_WEAK_PULLUP                  ;        ;              ;                     ; Column I/O   ;                 ; no       ; On           ;
; AF19     ; 159        ; 4A             ; RESERVED_INPUT_WITH_WEAK_PULLUP                  ;        ;              ;                     ; Column I/O   ;                 ; no       ; On           ;
; AF20     ; 175        ; 4A             ; RESERVED_INPUT_WITH_WEAK_PULLUP                  ;        ;              ;                     ; Column I/O   ;                 ; no       ; On           ;
; AF21     ; 173        ; 4A             ; buttons_export[2]                                ; input  ; 2.5 V        ;                     ; Column I/O   ; N               ; no       ; Off          ;
; AF22     ;            ; 4A             ; VCCIO4A                                          ; power  ;              ; 2.5V                ; --           ;                 ; --       ; --           ;
; AF23     ; 183        ; 4A             ; RESERVED_INPUT_WITH_WEAK_PULLUP                  ;        ;              ;                     ; Column I/O   ;                 ; no       ; On           ;
; AF24     ; 181        ; 4A             ; RESERVED_INPUT_WITH_WEAK_PULLUP                  ;        ;              ;                     ; Column I/O   ;                 ; no       ; On           ;
; AF25     ; 206        ; 4A             ; RESERVED_INPUT_WITH_WEAK_PULLUP                  ;        ;              ;                     ; Column I/O   ;                 ; no       ; On           ;
; AF26     ; 204        ; 4A             ; RESERVED_INPUT_WITH_WEAK_PULLUP                  ;        ;              ;                     ; Column I/O   ;                 ; no       ; On           ;
; AF27     ;            ;                ; GND                                              ; gnd    ;              ;                     ; --           ;                 ; --       ; --           ;
; AF28     ; 235        ; 5A             ; RESERVED_INPUT_WITH_WEAK_PULLUP                  ;        ;              ;                     ; Row I/O      ;                 ; no       ; On           ;
; AF29     ; 237        ; 5A             ; RESERVED_INPUT_WITH_WEAK_PULLUP                  ;        ;              ;                     ; Row I/O      ;                 ; no       ; On           ;
; AF30     ; 239        ; 5A             ; RESERVED_INPUT_WITH_WEAK_PULLUP                  ;        ;              ;                     ; Row I/O      ;                 ; no       ; On           ;
; AG1      ; 71         ; 3A             ; buttons_export[26]                               ; input  ; 2.5 V        ;                     ; Column I/O   ; N               ; no       ; Off          ;
; AG2      ; 83         ; 3A             ; buttons_export[6]                                ; input  ; 2.5 V        ;                     ; Column I/O   ; N               ; no       ; Off          ;
; AG3      ; 63         ; 3A             ; leds_export[14]                                  ; output ; 2.5 V        ;                     ; Column I/O   ; N               ; no       ; Off          ;
; AG4      ;            ; 3A             ; VCCIO3A                                          ; power  ;              ; 2.5V                ; --           ;                 ; --       ; --           ;
; AG5      ; 78         ; 3A             ; leds_export[19]                                  ; output ; 2.5 V        ;                     ; Column I/O   ; N               ; no       ; Off          ;
; AG6      ; 73         ; 3A             ; buttons_export[20]                               ; input  ; 2.5 V        ;                     ; Column I/O   ; N               ; no       ; Off          ;
; AG7      ; 68         ; 3A             ; leds_export[22]                                  ; output ; 2.5 V        ;                     ; Column I/O   ; N               ; no       ; Off          ;
; AG8      ; 65         ; 3A             ; leds_export[2]                                   ; output ; 2.5 V        ;                     ; Column I/O   ; N               ; no       ; Off          ;
; AG9      ;            ;                ; GND                                              ; gnd    ;              ;                     ; --           ;                 ; --       ; --           ;
; AG10     ; 86         ; 3B             ; leds_export[12]                                  ; output ; 2.5 V        ;                     ; Column I/O   ; N               ; no       ; Off          ;
; AG11     ; 85         ; 3B             ; buttons_export[8]                                ; input  ; 2.5 V        ;                     ; Column I/O   ; N               ; no       ; Off          ;
; AG12     ; 103        ; 3B             ; leds_export[0]                                   ; output ; 2.5 V        ;                     ; Column I/O   ; N               ; no       ; Off          ;
; AG13     ; 101        ; 3B             ; buttons_export[7]                                ; input  ; 2.5 V        ;                     ; Column I/O   ; N               ; no       ; Off          ;
; AG14     ;            ;                ; GND                                              ; gnd    ;              ;                     ; --           ;                 ; --       ; --           ;
; AG15     ; 127        ; 3B             ; RESERVED_INPUT_WITH_WEAK_PULLUP                  ;        ;              ;                     ; Column I/O   ;                 ; no       ; On           ;
; AG16     ; 134        ; 4A             ; RESERVED_INPUT_WITH_WEAK_PULLUP                  ;        ;              ;                     ; Column I/O   ;                 ; no       ; On           ;
; AG17     ; 132        ; 4A             ; RESERVED_INPUT_WITH_WEAK_PULLUP                  ;        ;              ;                     ; Column I/O   ;                 ; no       ; On           ;
; AG18     ; 150        ; 4A             ; RESERVED_INPUT_WITH_WEAK_PULLUP                  ;        ;              ;                     ; Column I/O   ;                 ; no       ; On           ;
; AG19     ;            ; 4A             ; VCCIO4A                                          ; power  ;              ; 2.5V                ; --           ;                 ; --       ; --           ;
; AG20     ; 157        ; 4A             ; RESERVED_INPUT_WITH_WEAK_PULLUP                  ;        ;              ;                     ; Column I/O   ;                 ; no       ; On           ;
; AG21     ; 143        ; 4A             ; RESERVED_INPUT_WITH_WEAK_PULLUP                  ;        ;              ;                     ; Column I/O   ;                 ; no       ; On           ;
; AG22     ; 166        ; 4A             ; RESERVED_INPUT_WITH_WEAK_PULLUP                  ;        ;              ;                     ; Column I/O   ;                 ; no       ; On           ;
; AG23     ; 163        ; 4A             ; RESERVED_INPUT_WITH_WEAK_PULLUP                  ;        ;              ;                     ; Column I/O   ;                 ; no       ; On           ;
; AG24     ;            ;                ; GND                                              ; gnd    ;              ;                     ; --           ;                 ; --       ; --           ;
; AG25     ; 190        ; 4A             ; RESERVED_INPUT_WITH_WEAK_PULLUP                  ;        ;              ;                     ; Column I/O   ;                 ; no       ; On           ;
; AG26     ; 203        ; 4A             ; RESERVED_INPUT_WITH_WEAK_PULLUP                  ;        ;              ;                     ; Column I/O   ;                 ; no       ; On           ;
; AG27     ; 212        ; 5A             ; RESERVED_INPUT_WITH_WEAK_PULLUP                  ;        ;              ;                     ; Row I/O      ;                 ; no       ; On           ;
; AG28     ; 233        ; 5A             ; RESERVED_INPUT_WITH_WEAK_PULLUP                  ;        ;              ;                     ; Row I/O      ;                 ; no       ; On           ;
; AG29     ;            ; 5A             ; VCCIO5A                                          ; power  ;              ; 2.5V                ; --           ;                 ; --       ; --           ;
; AG30     ; 243        ; 5A             ; RESERVED_INPUT_WITH_WEAK_PULLUP                  ;        ;              ;                     ; Row I/O      ;                 ; no       ; On           ;
; AH1      ;            ;                ; GND                                              ; gnd    ;              ;                     ; --           ;                 ; --       ; --           ;
; AH2      ; 69         ; 3A             ; leds_export[10]                                  ; output ; 2.5 V        ;                     ; Column I/O   ; N               ; no       ; Off          ;
; AH3      ; 81         ; 3A             ; buttons_export[18]                               ; input  ; 2.5 V        ;                     ; Column I/O   ; N               ; no       ; Off          ;
; AH4      ; 61         ; 3A             ; buttons_export[9]                                ; input  ; 2.5 V        ;                     ; Column I/O   ; N               ; no       ; Off          ;
; AH5      ; 76         ; 3A             ; buttons_export[24]                               ; input  ; 2.5 V        ;                     ; Column I/O   ; N               ; no       ; Off          ;
; AH6      ;            ;                ; GND                                              ; gnd    ;              ;                     ; --           ;                 ; --       ; --           ;
; AH7      ; 115        ; 3B             ; RESERVED_INPUT_WITH_WEAK_PULLUP                  ;        ;              ;                     ; Column I/O   ;                 ; no       ; On           ;
; AH8      ; 113        ; 3B             ; RESERVED_INPUT_WITH_WEAK_PULLUP                  ;        ;              ;                     ; Column I/O   ;                 ; no       ; On           ;
; AH9      ; 84         ; 3B             ; buttons_export[12]                               ; input  ; 2.5 V        ;                     ; Column I/O   ; N               ; no       ; Off          ;
; AH10     ; 118        ; 3B             ; RESERVED_INPUT_WITH_WEAK_PULLUP                  ;        ;              ;                     ; Column I/O   ;                 ; no       ; On           ;
; AH11     ;            ;                ; GND                                              ; gnd    ;              ;                     ; --           ;                 ; --       ; --           ;
; AH12     ; 126        ; 3B             ; RESERVED_INPUT_WITH_WEAK_PULLUP                  ;        ;              ;                     ; Column I/O   ;                 ; no       ; On           ;
; AH13     ; 111        ; 3B             ; leds_export[24]                                  ; output ; 2.5 V        ;                     ; Column I/O   ; N               ; no       ; Off          ;
; AH14     ; 109        ; 3B             ; leds_export[18]                                  ; output ; 2.5 V        ;                     ; Column I/O   ; N               ; no       ; Off          ;
; AH15     ; 125        ; 3B             ; RESERVED_INPUT_WITH_WEAK_PULLUP                  ;        ;              ;                     ; Column I/O   ;                 ; no       ; On           ;
; AH16     ;            ; 4A             ; VCCIO4A                                          ; power  ;              ; 2.5V                ; --           ;                 ; --       ; --           ;
; AH17     ; 147        ; 4A             ; RESERVED_INPUT_WITH_WEAK_PULLUP                  ;        ;              ;                     ; Column I/O   ;                 ; no       ; On           ;
; AH18     ; 145        ; 4A             ; RESERVED_INPUT_WITH_WEAK_PULLUP                  ;        ;              ;                     ; Column I/O   ;                 ; no       ; On           ;
; AH19     ; 148        ; 4A             ; RESERVED_INPUT_WITH_WEAK_PULLUP                  ;        ;              ;                     ; Column I/O   ;                 ; no       ; On           ;
; AH20     ; 141        ; 4A             ; RESERVED_INPUT_WITH_WEAK_PULLUP                  ;        ;              ;                     ; Column I/O   ;                 ; no       ; On           ;
; AH21     ;            ;                ; GND                                              ; gnd    ;              ;                     ; --           ;                 ; --       ; --           ;
; AH22     ; 164        ; 4A             ; RESERVED_INPUT_WITH_WEAK_PULLUP                  ;        ;              ;                     ; Column I/O   ;                 ; no       ; On           ;
; AH23     ; 174        ; 4A             ; RESERVED_INPUT_WITH_WEAK_PULLUP                  ;        ;              ;                     ; Column I/O   ;                 ; no       ; On           ;
; AH24     ; 161        ; 4A             ; RESERVED_INPUT_WITH_WEAK_PULLUP                  ;        ;              ;                     ; Column I/O   ;                 ; no       ; On           ;
; AH25     ; 188        ; 4A             ; RESERVED_INPUT_WITH_WEAK_PULLUP                  ;        ;              ;                     ; Column I/O   ;                 ; no       ; On           ;
; AH26     ;            ; 4A             ; VCCIO4A                                          ; power  ;              ; 2.5V                ; --           ;                 ; --       ; --           ;
; AH27     ; 201        ; 4A             ; RESERVED_INPUT_WITH_WEAK_PULLUP                  ;        ;              ;                     ; Column I/O   ;                 ; no       ; On           ;
; AH28     ; 214        ; 5A             ; RESERVED_INPUT_WITH_WEAK_PULLUP                  ;        ;              ;                     ; Row I/O      ;                 ; no       ; On           ;
; AH29     ; 218        ; 5A             ; RESERVED_INPUT_WITH_WEAK_PULLUP                  ;        ;              ;                     ; Row I/O      ;                 ; no       ; On           ;
; AH30     ; 241        ; 5A             ; RESERVED_INPUT_WITH_WEAK_PULLUP                  ;        ;              ;                     ; Row I/O      ;                 ; no       ; On           ;
; AJ1      ; 79         ; 3A             ; leds_export[29]                                  ; output ; 2.5 V        ;                     ; Column I/O   ; N               ; no       ; Off          ;
; AJ2      ; 77         ; 3A             ; buttons_export[29]                               ; input  ; 2.5 V        ;                     ; Column I/O   ; N               ; no       ; Off          ;
; AJ3      ;            ;                ; GND                                              ; gnd    ;              ;                     ; --           ;                 ; --       ; --           ;
; AJ4      ; 94         ; 3B             ; leds_export[6]                                   ; output ; 2.5 V        ;                     ; Column I/O   ; N               ; no       ; Off          ;
; AJ5      ; 99         ; 3B             ; leds_export[7]                                   ; output ; 2.5 V        ;                     ; Column I/O   ; N               ; no       ; Off          ;
; AJ6      ; 102        ; 3B             ; leds_export[1]                                   ; output ; 2.5 V        ;                     ; Column I/O   ; N               ; no       ; Off          ;
; AJ7      ; 100        ; 3B             ; leds_export[23]                                  ; output ; 2.5 V        ;                     ; Column I/O   ; N               ; no       ; Off          ;
; AJ8      ;            ; 3B             ; VCCIO3B                                          ; power  ;              ; 2.5V                ; --           ;                 ; --       ; --           ;
; AJ9      ; 110        ; 3B             ; buttons_export[1]                                ; input  ; 2.5 V        ;                     ; Column I/O   ; N               ; no       ; Off          ;
; AJ10     ; 116        ; 3B             ; buttons_export[4]                                ; input  ; 2.5 V        ;                     ; Column I/O   ; N               ; no       ; Off          ;
; AJ11     ; 119        ; 3B             ; RESERVED_INPUT_WITH_WEAK_PULLUP                  ;        ;              ;                     ; Column I/O   ;                 ; no       ; On           ;
; AJ12     ; 124        ; 3B             ; buttons_export[0]                                ; input  ; 2.5 V        ;                     ; Column I/O   ; N               ; no       ; Off          ;
; AJ13     ;            ; 3B             ; VCCIO3B                                          ; power  ;              ; 2.5V                ; --           ;                 ; --       ; --           ;
; AJ14     ; 131        ; 3B             ; RESERVED_INPUT_WITH_WEAK_PULLUP                  ;        ;              ;                     ; Column I/O   ;                 ; no       ; On           ;
; AJ15     ;            ; 3B             ; VREFB3BN0                                        ; power  ;              ;                     ; --           ;                 ; --       ; --           ;
; AJ16     ; 142        ; 4A             ; RESERVED_INPUT_WITH_WEAK_PULLUP                  ;        ;              ;                     ; Column I/O   ;                 ; no       ; On           ;
; AJ17     ; 151        ; 4A             ; RESERVED_INPUT_WITH_WEAK_PULLUP                  ;        ;              ;                     ; Column I/O   ;                 ; no       ; On           ;
; AJ18     ;            ;                ; GND                                              ; gnd    ;              ;                     ; --           ;                 ; --       ; --           ;
; AJ19     ; 155        ; 4A             ; RESERVED_INPUT_WITH_WEAK_PULLUP                  ;        ;              ;                     ; Column I/O   ;                 ; no       ; On           ;
; AJ20     ; 158        ; 4A             ; RESERVED_INPUT_WITH_WEAK_PULLUP                  ;        ;              ;                     ; Column I/O   ;                 ; no       ; On           ;
; AJ21     ; 156        ; 4A             ; RESERVED_INPUT_WITH_WEAK_PULLUP                  ;        ;              ;                     ; Column I/O   ;                 ; no       ; On           ;
; AJ22     ; 172        ; 4A             ; RESERVED_INPUT_WITH_WEAK_PULLUP                  ;        ;              ;                     ; Column I/O   ;                 ; no       ; On           ;
; AJ23     ;            ; 4A             ; VCCIO4A                                          ; power  ;              ; 2.5V                ; --           ;                 ; --       ; --           ;
; AJ24     ; 182        ; 4A             ; RESERVED_INPUT_WITH_WEAK_PULLUP                  ;        ;              ;                     ; Column I/O   ;                 ; no       ; On           ;
; AJ25     ; 180        ; 4A             ; RESERVED_INPUT_WITH_WEAK_PULLUP                  ;        ;              ;                     ; Column I/O   ;                 ; no       ; On           ;
; AJ26     ; 187        ; 4A             ; RESERVED_INPUT_WITH_WEAK_PULLUP                  ;        ;              ;                     ; Column I/O   ;                 ; no       ; On           ;
; AJ27     ; 195        ; 4A             ; RESERVED_INPUT_WITH_WEAK_PULLUP                  ;        ;              ;                     ; Column I/O   ;                 ; no       ; On           ;
; AJ28     ;            ;                ; GND                                              ; gnd    ;              ;                     ; --           ;                 ; --       ; --           ;
; AJ29     ; 216        ; 5A             ; RESERVED_INPUT_WITH_WEAK_PULLUP                  ;        ;              ;                     ; Row I/O      ;                 ; no       ; On           ;
; AJ30     ;            ;                ; GND                                              ; gnd    ;              ;                     ; --           ;                 ; --       ; --           ;
; AK2      ; 91         ; 3B             ; leds_export[13]                                  ; output ; 2.5 V        ;                     ; Column I/O   ; N               ; no       ; Off          ;
; AK3      ; 89         ; 3B             ; buttons_export[10]                               ; input  ; 2.5 V        ;                     ; Column I/O   ; N               ; no       ; Off          ;
; AK4      ; 92         ; 3B             ; buttons_export[21]                               ; input  ; 2.5 V        ;                     ; Column I/O   ; N               ; no       ; Off          ;
; AK5      ;            ;                ; GND                                              ; gnd    ;              ;                     ; --           ;                 ; --       ; --           ;
; AK6      ; 97         ; 3B             ; buttons_export[19]                               ; input  ; 2.5 V        ;                     ; Column I/O   ; N               ; no       ; Off          ;
; AK7      ; 107        ; 3B             ; leds_export[9]                                   ; output ; 2.5 V        ;                     ; Column I/O   ; N               ; no       ; Off          ;
; AK8      ; 105        ; 3B             ; buttons_export[15]                               ; input  ; 2.5 V        ;                     ; Column I/O   ; N               ; no       ; Off          ;
; AK9      ; 108        ; 3B             ; buttons_export[23]                               ; input  ; 2.5 V        ;                     ; Column I/O   ; N               ; no       ; Off          ;
; AK10     ;            ; 3B             ; VCCIO3B                                          ; power  ;              ; 2.5V                ; --           ;                 ; --       ; --           ;
; AK11     ; 117        ; 3B             ; leds_export[20]                                  ; output ; 2.5 V        ;                     ; Column I/O   ; N               ; no       ; Off          ;
; AK12     ; 123        ; 3B             ; RESERVED_INPUT_WITH_WEAK_PULLUP                  ;        ;              ;                     ; Column I/O   ;                 ; no       ; On           ;
; AK13     ; 121        ; 3B             ; RESERVED_INPUT_WITH_WEAK_PULLUP                  ;        ;              ;                     ; Column I/O   ;                 ; no       ; On           ;
; AK14     ; 129        ; 3B             ; RESERVED_INPUT_WITH_WEAK_PULLUP                  ;        ;              ;                     ; Column I/O   ;                 ; no       ; On           ;
; AK15     ;            ;                ; GND                                              ; gnd    ;              ;                     ; --           ;                 ; --       ; --           ;
; AK16     ; 140        ; 4A             ; RESERVED_INPUT_WITH_WEAK_PULLUP                  ;        ;              ;                     ; Column I/O   ;                 ; no       ; On           ;
; AK17     ;            ; 4A             ; VREFB4AN0                                        ; power  ;              ;                     ; --           ;                 ; --       ; --           ;
; AK18     ; 149        ; 4A             ; RESERVED_INPUT_WITH_WEAK_PULLUP                  ;        ;              ;                     ; Column I/O   ;                 ; no       ; On           ;
; AK19     ; 153        ; 4A             ; RESERVED_INPUT_WITH_WEAK_PULLUP                  ;        ;              ;                     ; Column I/O   ;                 ; no       ; On           ;
; AK20     ;            ; 4A             ; VCCIO4A                                          ; power  ;              ; 2.5V                ; --           ;                 ; --       ; --           ;
; AK21     ; 171        ; 4A             ; RESERVED_INPUT_WITH_WEAK_PULLUP                  ;        ;              ;                     ; Column I/O   ;                 ; no       ; On           ;
; AK22     ; 169        ; 4A             ; RESERVED_INPUT_WITH_WEAK_PULLUP                  ;        ;              ;                     ; Column I/O   ;                 ; no       ; On           ;
; AK23     ; 179        ; 4A             ; RESERVED_INPUT_WITH_WEAK_PULLUP                  ;        ;              ;                     ; Column I/O   ;                 ; no       ; On           ;
; AK24     ; 177        ; 4A             ; RESERVED_INPUT_WITH_WEAK_PULLUP                  ;        ;              ;                     ; Column I/O   ;                 ; no       ; On           ;
; AK25     ;            ;                ; GND                                              ; gnd    ;              ;                     ; --           ;                 ; --       ; --           ;
; AK26     ; 185        ; 4A             ; RESERVED_INPUT_WITH_WEAK_PULLUP                  ;        ;              ;                     ; Column I/O   ;                 ; no       ; On           ;
; AK27     ; 193        ; 4A             ; RESERVED_INPUT_WITH_WEAK_PULLUP                  ;        ;              ;                     ; Column I/O   ;                 ; no       ; On           ;
; AK28     ; 198        ; 4A             ; RESERVED_INPUT_WITH_WEAK_PULLUP                  ;        ;              ;                     ; Column I/O   ;                 ; no       ; On           ;
; AK29     ; 196        ; 4A             ; RESERVED_INPUT_WITH_WEAK_PULLUP                  ;        ;              ;                     ; Column I/O   ;                 ; no       ; On           ;
; B1       ; 509        ; 8A             ; RESERVED_INPUT_WITH_WEAK_PULLUP                  ;        ;              ;                     ; Column I/O   ;                 ; no       ; On           ;
; B2       ; 507        ; 8A             ; RESERVED_INPUT_WITH_WEAK_PULLUP                  ;        ;              ;                     ; Column I/O   ;                 ; no       ; On           ;
; B3       ; 513        ; 8A             ; RESERVED_INPUT_WITH_WEAK_PULLUP                  ;        ;              ;                     ; Column I/O   ;                 ; no       ; On           ;
; B4       ;            ; 8A             ; VCCIO8A                                          ; power  ;              ; 2.5V                ; --           ;                 ; --       ; --           ;
; B5       ; 512        ; 8A             ; RESERVED_INPUT_WITH_WEAK_PULLUP                  ;        ;              ;                     ; Column I/O   ;                 ; no       ; On           ;
; B6       ; 510        ; 8A             ; RESERVED_INPUT_WITH_WEAK_PULLUP                  ;        ;              ;                     ; Column I/O   ;                 ; no       ; On           ;
; B7       ; 477        ; 8A             ; RESERVED_INPUT_WITH_WEAK_PULLUP                  ;        ;              ;                     ; Column I/O   ;                 ; no       ; On           ;
; B8       ; 481        ; 8A             ; RESERVED_INPUT_WITH_WEAK_PULLUP                  ;        ;              ;                     ; Column I/O   ;                 ; no       ; On           ;
; B9       ;            ;                ; GND                                              ; gnd    ;              ;                     ; --           ;                 ; --       ; --           ;
; B10      ;            ; 8A             ; VREFB8AN0                                        ; power  ;              ;                     ; --           ;                 ; --       ; --           ;
; B11      ; 469        ; 8A             ; RESERVED_INPUT_WITH_WEAK_PULLUP                  ;        ;              ;                     ; Column I/O   ;                 ; no       ; On           ;
; B12      ; 464        ; 8A             ; RESERVED_INPUT_WITH_WEAK_PULLUP                  ;        ;              ;                     ; Column I/O   ;                 ; no       ; On           ;
; B13      ; 459        ; 8A             ; RESERVED_INPUT_WITH_WEAK_PULLUP                  ;        ;              ;                     ; Column I/O   ;                 ; no       ; On           ;
; B14      ;            ;                ; GND                                              ; gnd    ;              ;                     ; --           ;                 ; --       ; --           ;
; B15      ; 451        ; 7D             ; RESERVED_INPUT_WITH_WEAK_PULLUP                  ;        ;              ;                     ; Column I/O   ;                 ; no       ; On           ;
; B16      ; 441        ; 7C             ; RESERVED_INPUT_WITH_WEAK_PULLUP                  ;        ;              ;                     ; Column I/O   ;                 ; no       ; On           ;
; B17      ; 431        ; 7C             ; RESERVED_INPUT_WITH_WEAK_PULLUP                  ;        ;              ;                     ; Column I/O   ;                 ; no       ; On           ;
; B18      ; 418        ; 7B             ; RESERVED_INPUT_WITH_WEAK_PULLUP                  ;        ;              ;                     ; Column I/O   ;                 ; no       ; On           ;
; B19      ;            ;                ; GND                                              ; gnd    ;              ;                     ; --           ;                 ; --       ; --           ;
; B20      ; 417        ; 7B             ; RESERVED_INPUT_WITH_WEAK_PULLUP                  ;        ;              ;                     ; Column I/O   ;                 ; no       ; On           ;
; B21      ; 413        ; 7B             ; RESERVED_INPUT_WITH_WEAK_PULLUP                  ;        ;              ;                     ; Column I/O   ;                 ; no       ; On           ;
; B22      ; 399        ; 7A             ; RESERVED_INPUT_WITH_WEAK_PULLUP                  ;        ;              ;                     ; Column I/O   ;                 ; no       ; On           ;
; B23      ; 397        ; 7A             ; RESERVED_INPUT_WITH_WEAK_PULLUP                  ;        ;              ;                     ; Column I/O   ;                 ; no       ; On           ;
; B24      ;            ;                ; GND                                              ; gnd    ;              ;                     ; --           ;                 ; --       ; --           ;
; B25      ; 387        ; 7A             ; RESERVED_INPUT_WITH_WEAK_PULLUP                  ;        ;              ;                     ; Column I/O   ;                 ; no       ; On           ;
; B26      ; 386        ; 7A             ; RESERVED_INPUT_WITH_WEAK_PULLUP                  ;        ;              ;                     ; Column I/O   ;                 ; no       ; On           ;
; B27      ; 381        ; 7A             ; ^HPS_TDI                                         ;        ;              ;                     ; --           ;                 ; --       ; --           ;
; B28      ; 376        ; 7A             ; ^HPS_TDO                                         ;        ;              ;                     ; --           ;                 ; --       ; --           ;
; B29      ;            ;                ; GND                                              ; gnd    ;              ;                     ; --           ;                 ; --       ; --           ;
; B30      ; 365        ; 6A             ; RESERVED_INPUT_WITH_WEAK_PULLUP                  ;        ;              ;                     ; Row I/O      ;                 ; no       ; On           ;
; C1       ;            ;                ; GND                                              ; gnd    ;              ;                     ; --           ;                 ; --       ; --           ;
; C2       ; 517        ; 8A             ; RESERVED_INPUT_WITH_WEAK_PULLUP                  ;        ;              ;                     ; Column I/O   ;                 ; no       ; On           ;
; C3       ; 511        ; 8A             ; RESERVED_INPUT_WITH_WEAK_PULLUP                  ;        ;              ;                     ; Column I/O   ;                 ; no       ; On           ;
; C4       ; 501        ; 8A             ; RESERVED_INPUT_WITH_WEAK_PULLUP                  ;        ;              ;                     ; Column I/O   ;                 ; no       ; On           ;
; C5       ; 497        ; 8A             ; RESERVED_INPUT_WITH_WEAK_PULLUP                  ;        ;              ;                     ; Column I/O   ;                 ; no       ; On           ;
; C6       ;            ;                ; GND                                              ; gnd    ;              ;                     ; --           ;                 ; --       ; --           ;
; C7       ; 475        ; 8A             ; RESERVED_INPUT_WITH_WEAK_PULLUP                  ;        ;              ;                     ; Column I/O   ;                 ; no       ; On           ;
; C8       ; 479        ; 8A             ; RESERVED_INPUT_WITH_WEAK_PULLUP                  ;        ;              ;                     ; Column I/O   ;                 ; no       ; On           ;
; C9       ; 485        ; 8A             ; RESERVED_INPUT_WITH_WEAK_PULLUP                  ;        ;              ;                     ; Column I/O   ;                 ; no       ; On           ;
; C10      ; 483        ; 8A             ; RESERVED_INPUT_WITH_WEAK_PULLUP                  ;        ;              ;                     ; Column I/O   ;                 ; no       ; On           ;
; C11      ;            ; 8A             ; VCCIO8A                                          ; power  ;              ; 2.5V                ; --           ;                 ; --       ; --           ;
; C12      ; 467        ; 8A             ; RESERVED_INPUT_WITH_WEAK_PULLUP                  ;        ;              ;                     ; Column I/O   ;                 ; no       ; On           ;
; C13      ; 462        ; 8A             ; RESERVED_INPUT_WITH_WEAK_PULLUP                  ;        ;              ;                     ; Column I/O   ;                 ; no       ; On           ;
; C14      ; 448        ; 7D             ; RESERVED_INPUT_WITH_WEAK_PULLUP                  ;        ;              ;                     ; Column I/O   ;                 ; no       ; On           ;
; C15      ; 453        ; 7D             ; RESERVED_INPUT_WITH_WEAK_PULLUP                  ;        ;              ;                     ; Column I/O   ;                 ; no       ; On           ;
; C16      ;            ;                ; GND                                              ; gnd    ;              ;                     ; --           ;                 ; --       ; --           ;
; C17      ; 433        ; 7C             ; RESERVED_INPUT_WITH_WEAK_PULLUP                  ;        ;              ;                     ; Column I/O   ;                 ; no       ; On           ;
; C18      ; 435        ; 7C             ; RESERVED_INPUT_WITH_WEAK_PULLUP                  ;        ;              ;                     ; Column I/O   ;                 ; no       ; On           ;
; C19      ; 427        ; 7B             ; RESERVED_INPUT_WITH_WEAK_PULLUP                  ;        ;              ;                     ; Column I/O   ;                 ; no       ; On           ;
; C20      ; 421        ; 7B             ; RESERVED_INPUT_WITH_WEAK_PULLUP                  ;        ;              ;                     ; Column I/O   ;                 ; no       ; On           ;
; C21      ;            ;                ; GND                                              ; gnd    ;              ;                     ; --           ;                 ; --       ; --           ;
; C22      ; 396        ; 7A             ; RESERVED_INPUT_WITH_WEAK_PULLUP                  ;        ;              ;                     ; Column I/O   ;                 ; no       ; On           ;
; C23      ; 401        ; 7A             ; RESERVED_INPUT_WITH_WEAK_PULLUP                  ;        ;              ;                     ; Column I/O   ;                 ; no       ; On           ;
; C24      ; 393        ; 7A             ; RESERVED_INPUT_WITH_WEAK_PULLUP                  ;        ;              ;                     ; Column I/O   ;                 ; no       ; On           ;
; C25      ; 388        ; 7A             ; RESERVED_INPUT_WITH_WEAK_PULLUP                  ;        ;              ;                     ; Column I/O   ;                 ; no       ; On           ;
; C26      ;            ;                ; GND                                              ; gnd    ;              ;                     ; --           ;                 ; --       ; --           ;
; C27      ; 374        ; 7A             ; ^HPS_nRST                                        ;        ;              ;                     ; --           ;                 ; --       ; --           ;
; C28      ; 369        ; 6A             ; RESERVED_INPUT_WITH_WEAK_PULLUP                  ;        ;              ;                     ; Row I/O      ;                 ; no       ; On           ;
; C29      ; 367        ; 6A             ; RESERVED_INPUT_WITH_WEAK_PULLUP                  ;        ;              ;                     ; Row I/O      ;                 ; no       ; On           ;
; C30      ; 363        ; 6A             ; RESERVED_INPUT_WITH_WEAK_PULLUP                  ;        ;              ;                     ; Row I/O      ;                 ; no       ; On           ;
; D1       ; 529        ; 8A             ; RESERVED_INPUT_WITH_WEAK_PULLUP                  ;        ;              ;                     ; Column I/O   ;                 ; no       ; On           ;
; D2       ; 515        ; 8A             ; RESERVED_INPUT_WITH_WEAK_PULLUP                  ;        ;              ;                     ; Column I/O   ;                 ; no       ; On           ;
; D3       ;            ;                ; GND                                              ; gnd    ;              ;                     ; --           ;                 ; --       ; --           ;
; D4       ; 521        ; 8A             ; RESERVED_INPUT_WITH_WEAK_PULLUP                  ;        ;              ;                     ; Column I/O   ;                 ; no       ; On           ;
; D5       ; 499        ; 8A             ; RESERVED_INPUT_WITH_WEAK_PULLUP                  ;        ;              ;                     ; Column I/O   ;                 ; no       ; On           ;
; D6       ; 495        ; 8A             ; RESERVED_INPUT_WITH_WEAK_PULLUP                  ;        ;              ;                     ; Column I/O   ;                 ; no       ; On           ;
; D7       ; 505        ; 8A             ; RESERVED_INPUT_WITH_WEAK_PULLUP                  ;        ;              ;                     ; Column I/O   ;                 ; no       ; On           ;
; D8       ;            ; 8A             ; VCCIO8A                                          ; power  ;              ; 2.5V                ; --           ;                 ; --       ; --           ;
; D9       ; 480        ; 8A             ; RESERVED_INPUT_WITH_WEAK_PULLUP                  ;        ;              ;                     ; Column I/O   ;                 ; no       ; On           ;
; D10      ; 472        ; 8A             ; RESERVED_INPUT_WITH_WEAK_PULLUP                  ;        ;              ;                     ; Column I/O   ;                 ; no       ; On           ;
; D11      ; 470        ; 8A             ; RESERVED_INPUT_WITH_WEAK_PULLUP                  ;        ;              ;                     ; Column I/O   ;                 ; no       ; On           ;
; D12      ; 496        ; 8A             ; RESERVED_INPUT_WITH_WEAK_PULLUP                  ;        ;              ;                     ; Column I/O   ;                 ; no       ; On           ;
; D13      ;            ;                ; GND                                              ; gnd    ;              ;                     ; --           ;                 ; --       ; --           ;
; D14      ; 446        ; 7D             ; RESERVED_INPUT_WITH_WEAK_PULLUP                  ;        ;              ;                     ; Column I/O   ;                 ; no       ; On           ;
; D15      ; 449        ; 7D             ; RESERVED_INPUT_WITH_WEAK_PULLUP                  ;        ;              ;                     ; Column I/O   ;                 ; no       ; On           ;
; D16      ; 445        ; 7D             ; RESERVED_INPUT_WITH_WEAK_PULLUP                  ;        ;              ;                     ; Column I/O   ;                 ; no       ; On           ;
; D17      ; 440        ; 7C             ; RESERVED_INPUT_WITH_WEAK_PULLUP                  ;        ;              ;                     ; Column I/O   ;                 ; no       ; On           ;
; D18      ;            ; 7C             ; VCCIO7C_HPS                                      ; power  ;              ; 2.5V                ; --           ;                 ; --       ; --           ;
; D19      ; 426        ; 7B             ; RESERVED_INPUT_WITH_WEAK_PULLUP                  ;        ;              ;                     ; Column I/O   ;                 ; no       ; On           ;
; D20      ; 420        ; 7B             ; RESERVED_INPUT_WITH_WEAK_PULLUP                  ;        ;              ;                     ; Column I/O   ;                 ; no       ; On           ;
; D21      ; 419        ; 7B             ; RESERVED_INPUT_WITH_WEAK_PULLUP                  ;        ;              ;                     ; Column I/O   ;                 ; no       ; On           ;
; D22      ; 402        ; 7A             ; RESERVED_INPUT_WITH_WEAK_PULLUP                  ;        ;              ;                     ; Column I/O   ;                 ; no       ; On           ;
; D23      ;            ;                ; GND                                              ; gnd    ;              ;                     ; --           ;                 ; --       ; --           ;
; D24      ; 404        ; 7A             ; RESERVED_INPUT_WITH_WEAK_PULLUP                  ;        ;              ;                     ; Column I/O   ;                 ; no       ; On           ;
; D25      ; 384        ; 7A             ; ^HPS_CLK1                                        ;        ;              ;                     ; --           ;                 ; --       ; --           ;
; D26      ; 373        ; 7A             ; ^GND                                             ;        ;              ;                     ; --           ;                 ; --       ; --           ;
; D27      ; 371        ; 6A             ; HPS_RZQ_0                                        ;        ;              ;                     ; --           ;                 ; no       ; On           ;
; D28      ;            ; 6A             ; VCCIO6A_HPS                                      ; power  ;              ; 2.5V                ; --           ;                 ; --       ; --           ;
; D29      ; 361        ; 6A             ; RESERVED_INPUT_WITH_WEAK_PULLUP                  ;        ;              ;                     ; Row I/O      ;                 ; no       ; On           ;
; D30      ; 359        ; 6A             ; RESERVED_INPUT_WITH_WEAK_PULLUP                  ;        ;              ;                     ; Row I/O      ;                 ; no       ; On           ;
; E1       ; 527        ; 8A             ; RESERVED_INPUT_WITH_WEAK_PULLUP                  ;        ;              ;                     ; Column I/O   ;                 ; no       ; On           ;
; E2       ; 525        ; 8A             ; RESERVED_INPUT_WITH_WEAK_PULLUP                  ;        ;              ;                     ; Column I/O   ;                 ; no       ; On           ;
; E3       ; 523        ; 8A             ; RESERVED_INPUT_WITH_WEAK_PULLUP                  ;        ;              ;                     ; Column I/O   ;                 ; no       ; On           ;
; E4       ; 519        ; 8A             ; RESERVED_INPUT_WITH_WEAK_PULLUP                  ;        ;              ;                     ; Column I/O   ;                 ; no       ; On           ;
; E5       ;            ; 8A             ; VCCIO8A                                          ; power  ;              ; 2.5V                ; --           ;                 ; --       ; --           ;
; E6       ; 533        ; 8A             ; RESERVED_INPUT_WITH_WEAK_PULLUP                  ;        ;              ;                     ; Column I/O   ;                 ; no       ; On           ;
; E7       ; 531        ; 8A             ; RESERVED_INPUT_WITH_WEAK_PULLUP                  ;        ;              ;                     ; Column I/O   ;                 ; no       ; On           ;
; E8       ; 503        ; 8A             ; RESERVED_INPUT_WITH_WEAK_PULLUP                  ;        ;              ;                     ; Column I/O   ;                 ; no       ; On           ;
; E9       ; 478        ; 8A             ; RESERVED_INPUT_WITH_WEAK_PULLUP                  ;        ;              ;                     ; Column I/O   ;                 ; no       ; On           ;
; E10      ;            ;                ; GND                                              ; gnd    ;              ;                     ; --           ;                 ; --       ; --           ;
; E11      ; 504        ; 8A             ; RESERVED_INPUT_WITH_WEAK_PULLUP                  ;        ;              ;                     ; Column I/O   ;                 ; no       ; On           ;
; E12      ; 494        ; 8A             ; RESERVED_INPUT_WITH_WEAK_PULLUP                  ;        ;              ;                     ; Column I/O   ;                 ; no       ; On           ;
; E13      ; 488        ; 8A             ; RESERVED_INPUT_WITH_WEAK_PULLUP                  ;        ;              ;                     ; Column I/O   ;                 ; no       ; On           ;
; E14      ; 454        ; 7D             ; RESERVED_INPUT_WITH_WEAK_PULLUP                  ;        ;              ;                     ; Column I/O   ;                 ; no       ; On           ;
; E15      ;            ; 7D             ; VCCIO7D_HPS                                      ; power  ;              ; 2.5V                ; --           ;                 ; --       ; --           ;
; E16      ; 443        ; 7D             ; RESERVED_INPUT_WITH_WEAK_PULLUP                  ;        ;              ;                     ; Column I/O   ;                 ; no       ; On           ;
; E17      ; 438        ; 7C             ; RESERVED_INPUT_WITH_WEAK_PULLUP                  ;        ;              ;                     ; Column I/O   ;                 ; no       ; On           ;
; E18      ; 437        ; 7C             ; RESERVED_INPUT_WITH_WEAK_PULLUP                  ;        ;              ;                     ; Column I/O   ;                 ; no       ; On           ;
; E19      ; 424        ; 7B             ; RESERVED_INPUT_WITH_WEAK_PULLUP                  ;        ;              ;                     ; Column I/O   ;                 ; no       ; On           ;
; E20      ;            ; 7B             ; VCCIO7B_HPS                                      ; power  ;              ; 2.5V                ; --           ;                 ; --       ; --           ;
; E21      ; 412        ; 7B             ; RESERVED_INPUT_WITH_WEAK_PULLUP                  ;        ;              ;                     ; Column I/O   ;                 ; no       ; On           ;
; E22      ;            ; 7A, 7B, 7C, 7D ; VREFB7A7B7C7DN0_HPS                              ; power  ;              ;                     ; --           ;                 ; --       ; --           ;
; E23      ; 394        ; 7A             ; RESERVED_INPUT_WITH_WEAK_PULLUP                  ;        ;              ;                     ; Column I/O   ;                 ; no       ; On           ;
; E24      ; 403        ; 7A             ; RESERVED_INPUT_WITH_WEAK_PULLUP                  ;        ;              ;                     ; Column I/O   ;                 ; no       ; On           ;
; E25      ;            ;                ; GND                                              ; gnd    ;              ;                     ; --           ;                 ; --       ; --           ;
; E26      ;            ;                ; DNU                                              ;        ;              ;                     ; --           ;                 ; --       ; --           ;
; E27      ; 357        ; 6A             ; RESERVED_INPUT_WITH_WEAK_PULLUP                  ;        ;              ;                     ; Row I/O      ;                 ; no       ; On           ;
; E28      ; 351        ; 6A             ; RESERVED_INPUT_WITH_WEAK_PULLUP                  ;        ;              ;                     ; Row I/O      ;                 ; no       ; On           ;
; E29      ; 353        ; 6A             ; RESERVED_INPUT_WITH_WEAK_PULLUP                  ;        ;              ;                     ; Row I/O      ;                 ; no       ; On           ;
; E30      ;            ;                ; GND                                              ; gnd    ;              ;                     ; --           ;                 ; --       ; --           ;
; F1       ;            ;                ; DNU                                              ;        ;              ;                     ; --           ;                 ; --       ; --           ;
; F2       ;            ;                ; GND                                              ; gnd    ;              ;                     ; --           ;                 ; --       ; --           ;
; F3       ; 539        ; 9A             ; ^CONF_DONE                                       ;        ;              ;                     ; --           ;                 ; --       ; --           ;
; F4       ; 541        ; 9A             ; ^nSTATUS                                         ;        ;              ;                     ; --           ;                 ; --       ; --           ;
; F5       ;            ;                ; GND                                              ; gnd    ;              ;                     ; --           ;                 ; --       ; --           ;
; F6       ; 537        ; 8A             ; RESERVED_INPUT_WITH_WEAK_PULLUP                  ;        ;              ;                     ; Column I/O   ;                 ; no       ; On           ;
; F7       ;            ;                ; GND                                              ; gnd    ;              ;                     ; --           ;                 ; --       ; --           ;
; F8       ; 536        ; 8A             ; RESERVED_INPUT_WITH_WEAK_PULLUP                  ;        ;              ;                     ; Column I/O   ;                 ; no       ; On           ;
; F9       ; 534        ; 8A             ; RESERVED_INPUT_WITH_WEAK_PULLUP                  ;        ;              ;                     ; Column I/O   ;                 ; no       ; On           ;
; F10      ; 528        ; 8A             ; RESERVED_INPUT_WITH_WEAK_PULLUP                  ;        ;              ;                     ; Column I/O   ;                 ; no       ; On           ;
; F11      ; 502        ; 8A             ; RESERVED_INPUT_WITH_WEAK_PULLUP                  ;        ;              ;                     ; Column I/O   ;                 ; no       ; On           ;
; F12      ;            ; 8A             ; VCCIO8A                                          ; power  ;              ; 2.5V                ; --           ;                 ; --       ; --           ;
; F13      ; 486        ; 8A             ; RESERVED_INPUT_WITH_WEAK_PULLUP                  ;        ;              ;                     ; Column I/O   ;                 ; no       ; On           ;
; F14      ; 468        ; 8A             ; RESERVED_INPUT_WITH_WEAK_PULLUP                  ;        ;              ;                     ; Column I/O   ;                 ; no       ; On           ;
; F15      ; 466        ; 8A             ; RESERVED_INPUT_WITH_WEAK_PULLUP                  ;        ;              ;                     ; Column I/O   ;                 ; no       ; On           ;
; F16      ; 442        ; 7D             ; RESERVED_INPUT_WITH_WEAK_PULLUP                  ;        ;              ;                     ; Column I/O   ;                 ; no       ; On           ;
; F17      ;            ;                ; GND                                              ; gnd    ;              ;                     ; --           ;                 ; --       ; --           ;
; F18      ; 430        ; 7C             ; RESERVED_INPUT_WITH_WEAK_PULLUP                  ;        ;              ;                     ; Column I/O   ;                 ; no       ; On           ;
; F19      ; 410        ; 7B             ; RESERVED_INPUT_WITH_WEAK_PULLUP                  ;        ;              ;                     ; Column I/O   ;                 ; no       ; On           ;
; F20      ; 407        ; 7B             ; RESERVED_INPUT_WITH_WEAK_PULLUP                  ;        ;              ;                     ; Column I/O   ;                 ; no       ; On           ;
; F21      ; 409        ; 7B             ; RESERVED_INPUT_WITH_WEAK_PULLUP                  ;        ;              ;                     ; Column I/O   ;                 ; no       ; On           ;
; F22      ;            ; 7A             ; VCCIO7A_HPS                                      ; power  ;              ; 2.5V                ; --           ;                 ; --       ; --           ;
; F23      ; 375        ; 7A             ; ^HPS_nPOR                                        ;        ;              ;                     ; --           ;                 ; --       ; --           ;
; F24      ; 383        ; 7A             ; ^HPS_PORSEL                                      ;        ;              ;                     ; --           ;                 ; --       ; --           ;
; F25      ; 385        ; 7A             ; ^HPS_CLK2                                        ;        ;              ;                     ; --           ;                 ; --       ; --           ;
; F26      ; 341        ; 6A             ; RESERVED_INPUT_WITH_WEAK_PULLUP                  ;        ;              ;                     ; Row I/O      ;                 ; no       ; On           ;
; F27      ;            ;                ; GND                                              ; gnd    ;              ;                     ; --           ;                 ; --       ; --           ;
; F28      ; 345        ; 6A             ; RESERVED_INPUT_WITH_WEAK_PULLUP                  ;        ;              ;                     ; Row I/O      ;                 ; no       ; On           ;
; F29      ; 349        ; 6A             ; RESERVED_INPUT_WITH_WEAK_PULLUP                  ;        ;              ;                     ; Row I/O      ;                 ; no       ; On           ;
; F30      ; 347        ; 6A             ; RESERVED_INPUT_WITH_WEAK_PULLUP                  ;        ;              ;                     ; Row I/O      ;                 ; no       ; On           ;
; G1       ;            ;                ; RREF                                             ;        ;              ;                     ; --           ;                 ; --       ; --           ;
; G2       ;            ;                ; DNU                                              ;        ;              ;                     ; --           ;                 ; --       ; --           ;
; G3       ;            ;                ; GND                                              ; gnd    ;              ;                     ; --           ;                 ; --       ; --           ;
; G4       ;            ;                ; GND                                              ; gnd    ;              ;                     ; --           ;                 ; --       ; --           ;
; G5       ; 542        ; 9A             ; ^nCE                                             ;        ;              ;                     ; --           ;                 ; --       ; --           ;
; G6       ; 543        ; 9A             ; ^MSEL2                                           ;        ;              ;                     ; --           ;                 ; --       ; --           ;
; G7       ; 535        ; 8A             ; RESERVED_INPUT_WITH_WEAK_PULLUP                  ;        ;              ;                     ; Column I/O   ;                 ; no       ; On           ;
; G8       ; 492        ; 8A             ; RESERVED_INPUT_WITH_WEAK_PULLUP                  ;        ;              ;                     ; Column I/O   ;                 ; no       ; On           ;
; G9       ;            ; 8A             ; VCCIO8A                                          ; power  ;              ; 2.5V                ; --           ;                 ; --       ; --           ;
; G10      ; 526        ; 8A             ; RESERVED_INPUT_WITH_WEAK_PULLUP                  ;        ;              ;                     ; Column I/O   ;                 ; no       ; On           ;
; G11      ; 520        ; 8A             ; RESERVED_INPUT_WITH_WEAK_PULLUP                  ;        ;              ;                     ; Column I/O   ;                 ; no       ; On           ;
; G12      ; 518        ; 8A             ; RESERVED_INPUT_WITH_WEAK_PULLUP                  ;        ;              ;                     ; Column I/O   ;                 ; no       ; On           ;
; G13      ; 484        ; 8A             ; RESERVED_INPUT_WITH_WEAK_PULLUP                  ;        ;              ;                     ; Column I/O   ;                 ; no       ; On           ;
; G14      ;            ; 8A             ; VCCIO8A                                          ; power  ;              ; 2.5V                ; --           ;                 ; --       ; --           ;
; G15      ; 460        ; 8A             ; RESERVED_INPUT_WITH_WEAK_PULLUP                  ;        ;              ;                     ; Column I/O   ;                 ; no       ; On           ;
; G16      ; 444        ; 7D             ; RESERVED_INPUT_WITH_WEAK_PULLUP                  ;        ;              ;                     ; Column I/O   ;                 ; no       ; On           ;
; G17      ; 436        ; 7C             ; RESERVED_INPUT_WITH_WEAK_PULLUP                  ;        ;              ;                     ; Column I/O   ;                 ; no       ; On           ;
; G18      ; 432        ; 7C             ; RESERVED_INPUT_WITH_WEAK_PULLUP                  ;        ;              ;                     ; Column I/O   ;                 ; no       ; On           ;
; G19      ;            ; 7B             ; VCCIO7B_HPS                                      ; power  ;              ; 2.5V                ; --           ;                 ; --       ; --           ;
; G20      ; 416        ; 7B             ; RESERVED_INPUT_WITH_WEAK_PULLUP                  ;        ;              ;                     ; Column I/O   ;                 ; no       ; On           ;
; G21      ; 392        ; 7A             ; RESERVED_INPUT_WITH_WEAK_PULLUP                  ;        ;              ;                     ; Column I/O   ;                 ; no       ; On           ;
; G22      ; 400        ; 7A             ; RESERVED_INPUT_WITH_WEAK_PULLUP                  ;        ;              ;                     ; Column I/O   ;                 ; no       ; On           ;
; G23      ; 377        ; 7A             ; ^VCCRSTCLK_HPS                                   ;        ;              ;                     ; --           ;                 ; --       ; --           ;
; G24      ;            ;                ; GND                                              ; gnd    ;              ;                     ; --           ;                 ; --       ; --           ;
; G25      ; 370        ; 6A             ; RESERVED_INPUT_WITH_WEAK_PULLUP                  ;        ;              ;                     ; Row I/O      ;                 ; no       ; On           ;
; G26      ; 362        ; 6A             ; RESERVED_INPUT_WITH_WEAK_PULLUP                  ;        ;              ;                     ; Row I/O      ;                 ; no       ; On           ;
; G27      ; 339        ; 6A             ; RESERVED_INPUT_WITH_WEAK_PULLUP                  ;        ;              ;                     ; Row I/O      ;                 ; --       ; --           ;
; G28      ; 335        ; 6A             ; RESERVED_INPUT_WITH_WEAK_PULLUP                  ;        ;              ;                     ; Row I/O      ;                 ; no       ; On           ;
; G29      ;            ; 6A             ; VCCIO6A_HPS                                      ; power  ;              ; 2.5V                ; --           ;                 ; --       ; --           ;
; G30      ; 343        ; 6A             ; RESERVED_INPUT_WITH_WEAK_PULLUP                  ;        ;              ;                     ; Row I/O      ;                 ; no       ; On           ;
; H1       ;            ;                ; GND                                              ; gnd    ;              ;                     ; --           ;                 ; --       ; --           ;
; H2       ;            ;                ; GND                                              ; gnd    ;              ;                     ; --           ;                 ; --       ; --           ;
; H3       ; 0          ; B2L            ; GXB_NC                                           ;        ;              ;                     ; --           ;                 ; --       ; --           ;
; H4       ; 1          ; B2L            ; GXB_NC                                           ;        ;              ;                     ; --           ;                 ; --       ; --           ;
; H5       ;            ;                ; GND                                              ; gnd    ;              ;                     ; --           ;                 ; --       ; --           ;
; H6       ;            ; 8A             ; VCCIO8A                                          ; power  ;              ; 2.5V                ; --           ;                 ; --       ; --           ;
; H7       ; 508        ; 8A             ; audio_0_external_interface_BCLK                  ; input  ; 2.5 V        ;                     ; Column I/O   ; Y               ; no       ; Off          ;
; H8       ; 490        ; 8A             ; audio_0_external_interface_DACLRCK               ; input  ; 2.5 V        ;                     ; Column I/O   ; Y               ; no       ; Off          ;
; H9       ;            ; --             ; VCCBAT                                           ; power  ;              ; 1.2V                ; --           ;                 ; --       ; --           ;
; H10      ;            ; --             ; VCC_AUX                                          ; power  ;              ; 2.5V                ; --           ;                 ; --       ; --           ;
; H11      ;            ;                ; GND                                              ; gnd    ;              ;                     ; --           ;                 ; --       ; --           ;
; H12      ; 500        ; 8A             ; RESERVED_INPUT_WITH_WEAK_PULLUP                  ;        ;              ;                     ; Column I/O   ;                 ; no       ; On           ;
; H13      ; 498        ; 8A             ; RESERVED_INPUT_WITH_WEAK_PULLUP                  ;        ;              ;                     ; Column I/O   ;                 ; no       ; On           ;
; H14      ; 482        ; 8A             ; RESERVED_INPUT_WITH_WEAK_PULLUP                  ;        ;              ;                     ; Column I/O   ;                 ; no       ; On           ;
; H15      ; 458        ; 8A             ; RESERVED_INPUT_WITH_WEAK_PULLUP                  ;        ;              ;                     ; Column I/O   ;                 ; no       ; On           ;
; H16      ;            ; 7D             ; VCCIO7D_HPS                                      ; power  ;              ; 2.5V                ; --           ;                 ; --       ; --           ;
; H17      ; 434        ; 7C             ; RESERVED_INPUT_WITH_WEAK_PULLUP                  ;        ;              ;                     ; Column I/O   ;                 ; no       ; On           ;
; H18      ; 422        ; 7B             ; RESERVED_INPUT_WITH_WEAK_PULLUP                  ;        ;              ;                     ; Column I/O   ;                 ; no       ; On           ;
; H19      ; 406        ; 7B             ; RESERVED_INPUT_WITH_WEAK_PULLUP                  ;        ;              ;                     ; Column I/O   ;                 ; no       ; On           ;
; H20      ; 398        ; 7A             ; RESERVED_INPUT_WITH_WEAK_PULLUP                  ;        ;              ;                     ; Column I/O   ;                 ; no       ; On           ;
; H21      ;            ; 7A             ; VCCIO7A_HPS                                      ; power  ;              ; 2.5V                ; --           ;                 ; --       ; --           ;
; H22      ; 379        ; 7A             ; ^HPS_TCK                                         ;        ;              ;                     ; --           ;                 ; --       ; --           ;
; H23      ; 390        ; 7A             ; RESERVED_INPUT_WITH_WEAK_PULLUP                  ;        ;              ;                     ; Column I/O   ;                 ; no       ; On           ;
; H24      ; 364        ; 6A             ; RESERVED_INPUT_WITH_WEAK_PULLUP                  ;        ;              ;                     ; Row I/O      ;                 ; no       ; On           ;
; H25      ; 368        ; 6A             ; RESERVED_INPUT_WITH_WEAK_PULLUP                  ;        ;              ;                     ; Row I/O      ;                 ; no       ; On           ;
; H26      ;            ; 6A             ; VCCIO6A_HPS                                      ; power  ;              ; 2.5V                ; --           ;                 ; --       ; --           ;
; H27      ; 360        ; 6A             ; RESERVED_INPUT_WITH_WEAK_PULLUP                  ;        ;              ;                     ; Row I/O      ;                 ; no       ; On           ;
; H28      ; 333        ; 6A             ; RESERVED_INPUT_WITH_WEAK_PULLUP                  ;        ;              ;                     ; Row I/O      ;                 ; no       ; On           ;
; H29      ; 331        ; 6A             ; RESERVED_INPUT_WITH_WEAK_PULLUP                  ;        ;              ;                     ; Row I/O      ;                 ; no       ; On           ;
; H30      ; 337        ; 6A             ; RESERVED_INPUT_WITH_WEAK_PULLUP                  ;        ;              ;                     ; Row I/O      ;                 ; no       ; On           ;
; J1       ; 3          ; B2L            ; GND                                              ;        ;              ;                     ; --           ;                 ; --       ; --           ;
; J2       ; 2          ; B2L            ; GND                                              ;        ;              ;                     ; --           ;                 ; --       ; --           ;
; J3       ;            ;                ; GND                                              ; gnd    ;              ;                     ; --           ;                 ; --       ; --           ;
; J4       ;            ;                ; GND                                              ; gnd    ;              ;                     ; --           ;                 ; --       ; --           ;
; J5       ; 545        ; 9A             ; ^nCONFIG                                         ;        ;              ;                     ; --           ;                 ; --       ; --           ;
; J6       ; 547        ; 9A             ; ^GND                                             ;        ;              ;                     ; --           ;                 ; --       ; --           ;
; J7       ; 506        ; 8A             ; audio_0_external_interface_DACDAT                ; output ; 2.5 V        ;                     ; Column I/O   ; Y               ; no       ; Off          ;
; J8       ;            ;                ; GND                                              ; gnd    ;              ;                     ; --           ;                 ; --       ; --           ;
; J9       ; 532        ; 8A             ; RESERVED_INPUT_WITH_WEAK_PULLUP                  ;        ;              ;                     ; Column I/O   ;                 ; no       ; On           ;
; J10      ; 530        ; 8A             ; RESERVED_INPUT_WITH_WEAK_PULLUP                  ;        ;              ;                     ; Column I/O   ;                 ; no       ; On           ;
; J11      ;            ; --             ; VCCPGM                                           ; power  ;              ; 1.8V/2.5V/3.0V/3.3V ; --           ;                 ; --       ; --           ;
; J12      ; 516        ; 8A             ; audio_and_video_config_0_external_interface_SCLK ; output ; 2.5 V        ;                     ; Column I/O   ; Y               ; no       ; Off          ;
; J13      ;            ; 8A             ; VCCIO8A                                          ; power  ;              ; 2.5V                ; --           ;                 ; --       ; --           ;
; J14      ; 476        ; 8A             ; RESERVED_INPUT_WITH_WEAK_PULLUP                  ;        ;              ;                     ; Column I/O   ;                 ; no       ; On           ;
; J15      ;            ;                ; DNU                                              ;        ;              ;                     ; --           ;                 ; --       ; --           ;
; J16      ;            ; --             ; VCC_AUX                                          ; power  ;              ; 2.5V                ; --           ;                 ; --       ; --           ;
; J17      ;            ; 7C             ; VCCPD7C_HPS                                      ; power  ;              ; 2.5V                ; --           ;                 ; --       ; --           ;
; J18      ;            ;                ; GND                                              ; gnd    ;              ;                     ; --           ;                 ; --       ; --           ;
; J19      ; 408        ; 7B             ; RESERVED_INPUT_WITH_WEAK_PULLUP                  ;        ;              ;                     ; Column I/O   ;                 ; no       ; On           ;
; J20      ;            ; --             ; VCCRSTCLK_HPS                                    ; power  ;              ; 1.8V/2.5V/3.0V/3.3V ; --           ;                 ; --       ; --           ;
; J21      ;            ; --             ; VCC_AUX_SHARED                                   ; power  ;              ; 2.5V                ; --           ;                 ; --       ; --           ;
; J22      ; 372        ; 7A             ; ^GND                                             ;        ;              ;                     ; --           ;                 ; --       ; --           ;
; J23      ; 354        ; 6A             ; RESERVED_INPUT_WITH_WEAK_PULLUP                  ;        ;              ;                     ; Row I/O      ;                 ; no       ; On           ;
; J24      ; 352        ; 6A             ; RESERVED_INPUT_WITH_WEAK_PULLUP                  ;        ;              ;                     ; Row I/O      ;                 ; no       ; On           ;
; J25      ; 344        ; 6A             ; RESERVED_INPUT_WITH_WEAK_PULLUP                  ;        ;              ;                     ; Row I/O      ;                 ; no       ; On           ;
; J26      ; 323        ; 6A             ; RESERVED_INPUT_WITH_WEAK_PULLUP                  ;        ;              ;                     ; Row I/O      ;                 ; no       ; On           ;
; J27      ; 346        ; 6A             ; RESERVED_INPUT_WITH_WEAK_PULLUP                  ;        ;              ;                     ; Row I/O      ;                 ; no       ; On           ;
; J28      ;            ;                ; GND                                              ; gnd    ;              ;                     ; --           ;                 ; --       ; --           ;
; J29      ; 327        ; 6A             ; RESERVED_INPUT_WITH_WEAK_PULLUP                  ;        ;              ;                     ; Row I/O      ;                 ; no       ; On           ;
; J30      ; 329        ; 6A             ; RESERVED_INPUT_WITH_WEAK_PULLUP                  ;        ;              ;                     ; Row I/O      ;                 ; no       ; On           ;
; K1       ;            ;                ; GND                                              ; gnd    ;              ;                     ; --           ;                 ; --       ; --           ;
; K2       ;            ;                ; GND                                              ; gnd    ;              ;                     ; --           ;                 ; --       ; --           ;
; K3       ; 4          ; B2L            ; GXB_NC                                           ;        ;              ;                     ; --           ;                 ; --       ; --           ;
; K4       ; 5          ; B2L            ; GXB_NC                                           ;        ;              ;                     ; --           ;                 ; --       ; --           ;
; K5       ;            ;                ; GND                                              ; gnd    ;              ;                     ; --           ;                 ; --       ; --           ;
; K6       ; 540        ; 9A             ; ^MSEL1                                           ;        ;              ;                     ; --           ;                 ; --       ; --           ;
; K7       ; 522        ; 8A             ; RESERVED_INPUT_WITH_WEAK_PULLUP                  ;        ;              ;                     ; Column I/O   ;                 ; no       ; On           ;
; K8       ; 524        ; 8A             ; RESERVED_INPUT_WITH_WEAK_PULLUP                  ;        ;              ;                     ; Column I/O   ;                 ; no       ; On           ;
; K9       ;            ; --             ; VCCA_FPLL                                        ; power  ;              ; 2.5V                ; --           ;                 ; --       ; --           ;
; K10      ;            ;                ; GND                                              ; gnd    ;              ;                     ; --           ;                 ; --       ; --           ;
; K11      ;            ; 8A             ; VCCPD8A                                          ; power  ;              ; 2.5V                ; --           ;                 ; --       ; --           ;
; K12      ; 514        ; 8A             ; audio_and_video_config_0_external_interface_SDAT ; bidir  ; 2.5 V        ;                     ; Column I/O   ; Y               ; no       ; Off          ;
; K13      ;            ; 8A             ; VCCPD8A                                          ; power  ;              ; 2.5V                ; --           ;                 ; --       ; --           ;
; K14      ; 474        ; 8A             ; RESERVED_INPUT_WITH_WEAK_PULLUP                  ;        ;              ;                     ; Column I/O   ;                 ; no       ; On           ;
; K15      ;            ;                ; GND                                              ; gnd    ;              ;                     ; --           ;                 ; --       ; --           ;
; K16      ;            ; 7D             ; VCCPD7D_HPS                                      ; power  ;              ; 2.5V                ; --           ;                 ; --       ; --           ;
; K17      ; 414        ; 7B             ; RESERVED_INPUT_WITH_WEAK_PULLUP                  ;        ;              ;                     ; Column I/O   ;                 ; no       ; On           ;
; K18      ;            ; 7B             ; VCCPD7B_HPS                                      ; power  ;              ; 2.5V                ; --           ;                 ; --       ; --           ;
; K19      ;            ; 7A             ; VCCPD7A_HPS                                      ; power  ;              ; 2.5V                ; --           ;                 ; --       ; --           ;
; K20      ;            ;                ; GND                                              ; gnd    ;              ;                     ; --           ;                 ; --       ; --           ;
; K21      ; 366        ; 6A             ; RESERVED_INPUT_WITH_WEAK_PULLUP                  ;        ;              ;                     ; Row I/O      ;                 ; no       ; On           ;
; K22      ; 336        ; 6A             ; RESERVED_INPUT_WITH_WEAK_PULLUP                  ;        ;              ;                     ; Row I/O      ;                 ; no       ; On           ;
; K23      ; 338        ; 6A             ; RESERVED_INPUT_WITH_WEAK_PULLUP                  ;        ;              ;                     ; Row I/O      ;                 ; no       ; On           ;
; K24      ;            ; 6A             ; VCCIO6A_HPS                                      ; power  ;              ; 2.5V                ; --           ;                 ; --       ; --           ;
; K25      ;            ;                ; GND                                              ; gnd    ;              ;                     ; --           ;                 ; --       ; --           ;
; K26      ; 322        ; 6A             ; RESERVED_INPUT_WITH_WEAK_PULLUP                  ;        ;              ;                     ; Row I/O      ;                 ; no       ; On           ;
; K27      ; 319        ; 6A             ; RESERVED_INPUT_WITH_WEAK_PULLUP                  ;        ;              ;                     ; Row I/O      ;                 ; no       ; On           ;
; K28      ; 325        ; 6A             ; RESERVED_INPUT_WITH_WEAK_PULLUP                  ;        ;              ;                     ; Row I/O      ;                 ; no       ; On           ;
; K29      ; 321        ; 6A             ; RESERVED_INPUT_WITH_WEAK_PULLUP                  ;        ;              ;                     ; Row I/O      ;                 ; no       ; On           ;
; K30      ;            ; 6A             ; VCCIO6A_HPS                                      ; power  ;              ; 2.5V                ; --           ;                 ; --       ; --           ;
; L1       ; 7          ; B2L            ; GND                                              ;        ;              ;                     ; --           ;                 ; --       ; --           ;
; L2       ; 6          ; B2L            ; GND                                              ;        ;              ;                     ; --           ;                 ; --       ; --           ;
; L3       ;            ;                ; GND                                              ; gnd    ;              ;                     ; --           ;                 ; --       ; --           ;
; L4       ;            ;                ; GND                                              ; gnd    ;              ;                     ; --           ;                 ; --       ; --           ;
; L5       ;            ; --             ; VCCL_GXBL                                        ; power  ;              ; 1.1V                ; --           ;                 ; --       ; --           ;
; L6       ;            ;                ; GND                                              ; gnd    ;              ;                     ; --           ;                 ; --       ; --           ;
; L7       ; 544        ; 9A             ; ^MSEL3                                           ;        ;              ;                     ; --           ;                 ; --       ; --           ;
; L8       ; 538        ; 9A             ; ^MSEL0                                           ;        ;              ;                     ; --           ;                 ; --       ; --           ;
; L9       ; 546        ; 9A             ; ^MSEL4                                           ;        ;              ;                     ; --           ;                 ; --       ; --           ;
; L10      ;            ; 8A             ; VCCPD8A                                          ; power  ;              ; 2.5V                ; --           ;                 ; --       ; --           ;
; L11      ;            ;                ; GND                                              ; gnd    ;              ;                     ; --           ;                 ; --       ; --           ;
; L12      ;            ; 8A             ; VCCPD8A                                          ; power  ;              ; 2.5V                ; --           ;                 ; --       ; --           ;
; L13      ;            ;                ; GND                                              ; gnd    ;              ;                     ; --           ;                 ; --       ; --           ;
; L14      ;            ; 8A             ; VCCPD8A                                          ; power  ;              ; 2.5V                ; --           ;                 ; --       ; --           ;
; L15      ;            ;                ; GND                                              ; gnd    ;              ;                     ; --           ;                 ; --       ; --           ;
; L16      ;            ; --             ; VCC_HPS                                          ; power  ;              ; 1.1V                ; --           ;                 ; --       ; --           ;
; L17      ;            ;                ; GND                                              ; gnd    ;              ;                     ; --           ;                 ; --       ; --           ;
; L18      ;            ; --             ; VCC_HPS                                          ; power  ;              ; 1.1V                ; --           ;                 ; --       ; --           ;
; L19      ;            ;                ; GND                                              ; gnd    ;              ;                     ; --           ;                 ; --       ; --           ;
; L20      ;            ; --             ; VCC_HPS                                          ; power  ;              ; 1.1V                ; --           ;                 ; --       ; --           ;
; L21      ;            ; --             ; VCCPLL_HPS                                       ; power  ;              ; 2.5V                ; --           ;                 ; --       ; --           ;
; L22      ;            ;                ; GND                                              ; gnd    ;              ;                     ; --           ;                 ; --       ; --           ;
; L23      ; 350        ; 6A             ; RESERVED_INPUT_WITH_WEAK_PULLUP                  ;        ;              ;                     ; Row I/O      ;                 ; no       ; On           ;
; L24      ; 328        ; 6A             ; RESERVED_INPUT_WITH_WEAK_PULLUP                  ;        ;              ;                     ; Row I/O      ;                 ; no       ; On           ;
; L25      ; 330        ; 6A             ; RESERVED_INPUT_WITH_WEAK_PULLUP                  ;        ;              ;                     ; Row I/O      ;                 ; no       ; On           ;
; L26      ; 320        ; 6A             ; RESERVED_INPUT_WITH_WEAK_PULLUP                  ;        ;              ;                     ; Row I/O      ;                 ; no       ; On           ;
; L27      ;            ; 6A             ; VCCIO6A_HPS                                      ; power  ;              ; 2.5V                ; --           ;                 ; --       ; --           ;
; L28      ; 313        ; 6A             ; RESERVED_INPUT_WITH_WEAK_PULLUP                  ;        ;              ;                     ; Row I/O      ;                 ; no       ; On           ;
; L29      ; 315        ; 6A             ; RESERVED_INPUT_WITH_WEAK_PULLUP                  ;        ;              ;                     ; Row I/O      ;                 ; no       ; On           ;
; L30      ; 317        ; 6A             ; RESERVED_INPUT_WITH_WEAK_PULLUP                  ;        ;              ;                     ; Row I/O      ;                 ; no       ; On           ;
; M1       ;            ;                ; GND                                              ; gnd    ;              ;                     ; --           ;                 ; --       ; --           ;
; M2       ;            ;                ; GND                                              ; gnd    ;              ;                     ; --           ;                 ; --       ; --           ;
; M3       ; 8          ; B2L            ; GXB_NC                                           ;        ;              ;                     ; --           ;                 ; --       ; --           ;
; M4       ; 9          ; B2L            ; GXB_NC                                           ;        ;              ;                     ; --           ;                 ; --       ; --           ;
; M5       ;            ;                ; GND                                              ; gnd    ;              ;                     ; --           ;                 ; --       ; --           ;
; M6       ;            ; --             ; VCCE_GXBL                                        ; power  ;              ; 1.1V                ; --           ;                 ; --       ; --           ;
; M7       ;            ;                ; GND                                              ; gnd    ;              ;                     ; --           ;                 ; --       ; --           ;
; M8       ;            ;                ; GND                                              ; gnd    ;              ;                     ; --           ;                 ; --       ; --           ;
; M9       ;            ; --             ; VCC                                              ; power  ;              ; 1.1V                ; --           ;                 ; --       ; --           ;
; M10      ;            ;                ; GND                                              ; gnd    ;              ;                     ; --           ;                 ; --       ; --           ;
; M11      ;            ; --             ; VCC                                              ; power  ;              ; 1.1V                ; --           ;                 ; --       ; --           ;
; M12      ;            ;                ; GND                                              ; gnd    ;              ;                     ; --           ;                 ; --       ; --           ;
; M13      ;            ; --             ; VCC                                              ; power  ;              ; 1.1V                ; --           ;                 ; --       ; --           ;
; M14      ;            ;                ; GND                                              ; gnd    ;              ;                     ; --           ;                 ; --       ; --           ;
; M15      ;            ; --             ; VCC_HPS                                          ; power  ;              ; 1.1V                ; --           ;                 ; --       ; --           ;
; M16      ;            ;                ; GND                                              ; gnd    ;              ;                     ; --           ;                 ; --       ; --           ;
; M17      ; 450        ; 7D             ; RESERVED_INPUT_WITH_WEAK_PULLUP                  ;        ;              ;                     ; Column I/O   ;                 ; no       ; On           ;
; M18      ;            ;                ; GND                                              ; gnd    ;              ;                     ; --           ;                 ; --       ; --           ;
; M19      ; 334        ; 6A             ; RESERVED_INPUT_WITH_WEAK_PULLUP                  ;        ;              ;                     ; Row I/O      ;                 ; no       ; On           ;
; M20      ;            ;                ; GND                                              ; gnd    ;              ;                     ; --           ;                 ; --       ; --           ;
; M21      ;            ; 6A, 6B         ; VCCPD6A6B_HPS                                    ; power  ;              ; 2.5V                ; --           ;                 ; --       ; --           ;
; M22      ; 308        ; 6A             ; RESERVED_INPUT_WITH_WEAK_PULLUP                  ;        ;              ;                     ; Row I/O      ;                 ; no       ; On           ;
; M23      ; 348        ; 6A             ; RESERVED_INPUT_WITH_WEAK_PULLUP                  ;        ;              ;                     ; Row I/O      ;                 ; no       ; On           ;
; M24      ;            ; 6A             ; VCCIO6A_HPS                                      ; power  ;              ; 2.5V                ; --           ;                 ; --       ; --           ;
; M25      ; 324        ; 6A             ; RESERVED_INPUT_WITH_WEAK_PULLUP                  ;        ;              ;                     ; Row I/O      ;                 ; no       ; On           ;
; M26      ; 314        ; 6A             ; RESERVED_INPUT_WITH_WEAK_PULLUP                  ;        ;              ;                     ; Row I/O      ;                 ; no       ; On           ;
; M27      ; 312        ; 6A             ; RESERVED_INPUT_WITH_WEAK_PULLUP                  ;        ;              ;                     ; Row I/O      ;                 ; no       ; On           ;
; M28      ; 309        ; 6A             ; RESERVED_INPUT_WITH_WEAK_PULLUP                  ;        ;              ;                     ; Row I/O      ;                 ; no       ; On           ;
; M29      ;            ;                ; GND                                              ; gnd    ;              ;                     ; --           ;                 ; --       ; --           ;
; M30      ; 311        ; 6A             ; RESERVED_INPUT_WITH_WEAK_PULLUP                  ;        ;              ;                     ; Row I/O      ;                 ; no       ; On           ;
; N1       ; 11         ; B2L            ; GND                                              ;        ;              ;                     ; --           ;                 ; --       ; --           ;
; N2       ; 10         ; B2L            ; GND                                              ;        ;              ;                     ; --           ;                 ; --       ; --           ;
; N3       ;            ;                ; GND                                              ; gnd    ;              ;                     ; --           ;                 ; --       ; --           ;
; N4       ;            ;                ; GND                                              ; gnd    ;              ;                     ; --           ;                 ; --       ; --           ;
; N5       ;            ; --             ; VCCE_GXBL                                        ; power  ;              ; 1.1V                ; --           ;                 ; --       ; --           ;
; N6       ;            ;                ; GND                                              ; gnd    ;              ;                     ; --           ;                 ; --       ; --           ;
; N7       ;            ; --             ; VCCA_FPLL                                        ; power  ;              ; 2.5V                ; --           ;                 ; --       ; --           ;
; N8       ;            ;                ; GND                                              ; gnd    ;              ;                     ; --           ;                 ; --       ; --           ;
; N9       ;            ;                ; GND                                              ; gnd    ;              ;                     ; --           ;                 ; --       ; --           ;
; N10      ;            ; --             ; VCC                                              ; power  ;              ; 1.1V                ; --           ;                 ; --       ; --           ;
; N11      ;            ;                ; GND                                              ; gnd    ;              ;                     ; --           ;                 ; --       ; --           ;
; N12      ;            ; --             ; VCC                                              ; power  ;              ; 1.1V                ; --           ;                 ; --       ; --           ;
; N13      ;            ;                ; GND                                              ; gnd    ;              ;                     ; --           ;                 ; --       ; --           ;
; N14      ;            ; --             ; VCC                                              ; power  ;              ; 1.1V                ; --           ;                 ; --       ; --           ;
; N15      ;            ;                ; GND                                              ; gnd    ;              ;                     ; --           ;                 ; --       ; --           ;
; N16      ; 452        ; 7D             ; RESERVED_INPUT_WITH_WEAK_PULLUP                  ;        ;              ;                     ; Column I/O   ;                 ; no       ; On           ;
; N17      ;            ;                ; GND                                              ; gnd    ;              ;                     ; --           ;                 ; --       ; --           ;
; N18      ; 332        ; 6A             ; RESERVED_INPUT_WITH_WEAK_PULLUP                  ;        ;              ;                     ; Row I/O      ;                 ; no       ; On           ;
; N19      ;            ;                ; GND                                              ; gnd    ;              ;                     ; --           ;                 ; --       ; --           ;
; N20      ;            ; --             ; VCC_HPS                                          ; power  ;              ; 1.1V                ; --           ;                 ; --       ; --           ;
; N21      ;            ; 6A             ; VCCIO6A_HPS                                      ; power  ;              ; 2.5V                ; --           ;                 ; --       ; --           ;
; N22      ;            ; 6A, 6B         ; VCCPD6A6B_HPS                                    ; power  ;              ; 2.5V                ; --           ;                 ; --       ; --           ;
; N23      ; 310        ; 6A             ; RESERVED_INPUT_WITH_WEAK_PULLUP                  ;        ;              ;                     ; Row I/O      ;                 ; no       ; On           ;
; N24      ; 318        ; 6A             ; RESERVED_INPUT_WITH_WEAK_PULLUP                  ;        ;              ;                     ; Row I/O      ;                 ; no       ; On           ;
; N25      ; 316        ; 6A             ; RESERVED_INPUT_WITH_WEAK_PULLUP                  ;        ;              ;                     ; Row I/O      ;                 ; no       ; On           ;
; N26      ;            ;                ; GND                                              ; gnd    ;              ;                     ; --           ;                 ; --       ; --           ;
; N27      ; 297        ; 6B             ; RESERVED_INPUT_WITH_WEAK_PULLUP                  ;        ;              ;                     ; Row I/O      ;                 ; no       ; On           ;
; N28      ; 303        ; 6B             ; RESERVED_INPUT_WITH_WEAK_PULLUP                  ;        ;              ;                     ; Row I/O      ;                 ; no       ; On           ;
; N29      ; 305        ; 6B             ; RESERVED_INPUT_WITH_WEAK_PULLUP                  ;        ;              ;                     ; Row I/O      ;                 ; no       ; On           ;
; N30      ; 307        ; 6B             ; RESERVED_INPUT_WITH_WEAK_PULLUP                  ;        ;              ;                     ; Row I/O      ;                 ; no       ; On           ;
; P1       ;            ;                ; GND                                              ; gnd    ;              ;                     ; --           ;                 ; --       ; --           ;
; P2       ;            ;                ; GND                                              ; gnd    ;              ;                     ; --           ;                 ; --       ; --           ;
; P3       ; 16         ; B1L            ; GXB_NC                                           ;        ;              ;                     ; --           ;                 ; --       ; --           ;
; P4       ; 17         ; B1L            ; GXB_NC                                           ;        ;              ;                     ; --           ;                 ; --       ; --           ;
; P5       ;            ;                ; GND                                              ; gnd    ;              ;                     ; --           ;                 ; --       ; --           ;
; P6       ;            ; --             ; VCCH_GXBL                                        ; power  ;              ; 2.5V                ; --           ;                 ; --       ; --           ;
; P7       ;            ;                ; GND                                              ; gnd    ;              ;                     ; --           ;                 ; --       ; --           ;
; P8       ; 13         ; B2L            ; GND                                              ;        ;              ;                     ; Row I/O      ;                 ; --       ; --           ;
; P9       ; 12         ; B2L            ; GND                                              ;        ;              ;                     ; Row I/O      ;                 ; --       ; --           ;
; P10      ;            ;                ; GND                                              ; gnd    ;              ;                     ; --           ;                 ; --       ; --           ;
; P11      ;            ; --             ; VCC                                              ; power  ;              ; 1.1V                ; --           ;                 ; --       ; --           ;
; P12      ;            ;                ; GND                                              ; gnd    ;              ;                     ; --           ;                 ; --       ; --           ;
; P13      ;            ; --             ; VCC                                              ; power  ;              ; 1.1V                ; --           ;                 ; --       ; --           ;
; P14      ;            ;                ; GND                                              ; gnd    ;              ;                     ; --           ;                 ; --       ; --           ;
; P15      ;            ; --             ; VCC_HPS                                          ; power  ;              ; 1.1V                ; --           ;                 ; --       ; --           ;
; P16      ;            ;                ; GND                                              ; gnd    ;              ;                     ; --           ;                 ; --       ; --           ;
; P17      ;            ; --             ; VCC_HPS                                          ; power  ;              ; 1.1V                ; --           ;                 ; --       ; --           ;
; P18      ;            ;                ; GND                                              ; gnd    ;              ;                     ; --           ;                 ; --       ; --           ;
; P19      ;            ; --             ; VCC_HPS                                          ; power  ;              ; 1.1V                ; --           ;                 ; --       ; --           ;
; P20      ;            ;                ; GND                                              ; gnd    ;              ;                     ; --           ;                 ; --       ; --           ;
; P21      ;            ; 6A, 6B         ; VCCPD6A6B_HPS                                    ; power  ;              ; 2.5V                ; --           ;                 ; --       ; --           ;
; P22      ; 294        ; 6B             ; RESERVED_INPUT_WITH_WEAK_PULLUP                  ;        ;              ;                     ; Row I/O      ;                 ; no       ; On           ;
; P23      ;            ; 6B             ; VCCIO6B_HPS                                      ; power  ;              ; 2.5V                ; --           ;                 ; --       ; --           ;
; P24      ; 290        ; 6B             ; RESERVED_INPUT_WITH_WEAK_PULLUP                  ;        ;              ;                     ; Row I/O      ;                 ; no       ; On           ;
; P25      ; 288        ; 6B             ; RESERVED_INPUT_WITH_WEAK_PULLUP                  ;        ;              ;                     ; Row I/O      ;                 ; no       ; On           ;
; P26      ; 298        ; 6B             ; RESERVED_INPUT_WITH_WEAK_PULLUP                  ;        ;              ;                     ; Row I/O      ;                 ; no       ; On           ;
; P27      ; 296        ; 6B             ; RESERVED_INPUT_WITH_WEAK_PULLUP                  ;        ;              ;                     ; Row I/O      ;                 ; no       ; On           ;
; P28      ;            ; 6B             ; VCCIO6B_HPS                                      ; power  ;              ; 2.5V                ; --           ;                 ; --       ; --           ;
; P29      ; 299        ; 6B             ; RESERVED_INPUT_WITH_WEAK_PULLUP                  ;        ;              ;                     ; Row I/O      ;                 ; no       ; On           ;
; P30      ; 301        ; 6B             ; RESERVED_INPUT_WITH_WEAK_PULLUP                  ;        ;              ;                     ; Row I/O      ;                 ; no       ; On           ;
; R1       ; 19         ; B1L            ; GND                                              ;        ;              ;                     ; --           ;                 ; --       ; --           ;
; R2       ; 18         ; B1L            ; GND                                              ;        ;              ;                     ; --           ;                 ; --       ; --           ;
; R3       ;            ;                ; GND                                              ; gnd    ;              ;                     ; --           ;                 ; --       ; --           ;
; R4       ;            ;                ; GND                                              ; gnd    ;              ;                     ; --           ;                 ; --       ; --           ;
; R5       ;            ; --             ; VCCL_GXBL                                        ; power  ;              ; 1.1V                ; --           ;                 ; --       ; --           ;
; R6       ;            ;                ; GND                                              ; gnd    ;              ;                     ; --           ;                 ; --       ; --           ;
; R7       ;            ; --             ; VCCA_FPLL                                        ; power  ;              ; 2.5V                ; --           ;                 ; --       ; --           ;
; R8       ;            ;                ; GND                                              ; gnd    ;              ;                     ; --           ;                 ; --       ; --           ;
; R9       ;            ;                ; GND                                              ; gnd    ;              ;                     ; --           ;                 ; --       ; --           ;
; R10      ;            ; --             ; VCC                                              ; power  ;              ; 1.1V                ; --           ;                 ; --       ; --           ;
; R11      ;            ;                ; GND                                              ; gnd    ;              ;                     ; --           ;                 ; --       ; --           ;
; R12      ;            ; --             ; VCC                                              ; power  ;              ; 1.1V                ; --           ;                 ; --       ; --           ;
; R13      ;            ;                ; GND                                              ; gnd    ;              ;                     ; --           ;                 ; --       ; --           ;
; R14      ;            ; --             ; VCC                                              ; power  ;              ; 1.1V                ; --           ;                 ; --       ; --           ;
; R15      ;            ;                ; GND                                              ; gnd    ;              ;                     ; --           ;                 ; --       ; --           ;
; R16      ;            ; --             ; VCC_HPS                                          ; power  ;              ; 1.1V                ; --           ;                 ; --       ; --           ;
; R17      ;            ;                ; GND                                              ; gnd    ;              ;                     ; --           ;                 ; --       ; --           ;
; R18      ; 302        ; 6B             ; RESERVED_INPUT_WITH_WEAK_PULLUP                  ;        ;              ;                     ; Row I/O      ;                 ; no       ; On           ;
; R19      ; 300        ; 6B             ; RESERVED_INPUT_WITH_WEAK_PULLUP                  ;        ;              ;                     ; Row I/O      ;                 ; no       ; On           ;
; R20      ;            ; 6A, 6B         ; VCCPD6A6B_HPS                                    ; power  ;              ; 2.5V                ; --           ;                 ; --       ; --           ;
; R21      ; 286        ; 6B             ; RESERVED_INPUT_WITH_WEAK_PULLUP                  ;        ;              ;                     ; Row I/O      ;                 ; no       ; On           ;
; R22      ; 284        ; 6B             ; RESERVED_INPUT_WITH_WEAK_PULLUP                  ;        ;              ;                     ; Row I/O      ;                 ; no       ; On           ;
; R23      ;            ; 6A, 6B         ; VCCPD6A6B_HPS                                    ; power  ;              ; 2.5V                ; --           ;                 ; --       ; --           ;
; R24      ; 272        ; 6B             ; RESERVED_INPUT_WITH_WEAK_PULLUP                  ;        ;              ;                     ; Row I/O      ;                 ; no       ; On           ;
; R25      ;            ; 6B             ; VCCIO6B_HPS                                      ; power  ;              ; 2.5V                ; --           ;                 ; --       ; --           ;
; R26      ; 280        ; 6B             ; RESERVED_INPUT_WITH_WEAK_PULLUP                  ;        ;              ;                     ; Row I/O      ;                 ; no       ; On           ;
; R27      ; 282        ; 6B             ; RESERVED_INPUT_WITH_WEAK_PULLUP                  ;        ;              ;                     ; Row I/O      ;                 ; no       ; On           ;
; R28      ; 293        ; 6B             ; RESERVED_INPUT_WITH_WEAK_PULLUP                  ;        ;              ;                     ; Row I/O      ;                 ; no       ; On           ;
; R29      ; 295        ; 6B             ; RESERVED_INPUT_WITH_WEAK_PULLUP                  ;        ;              ;                     ; Row I/O      ;                 ; no       ; On           ;
; R30      ;            ;                ; GND                                              ; gnd    ;              ;                     ; --           ;                 ; --       ; --           ;
; T1       ;            ;                ; GND                                              ; gnd    ;              ;                     ; --           ;                 ; --       ; --           ;
; T2       ;            ;                ; GND                                              ; gnd    ;              ;                     ; --           ;                 ; --       ; --           ;
; T3       ; 20         ; B1L            ; GXB_NC                                           ;        ;              ;                     ; --           ;                 ; --       ; --           ;
; T4       ; 21         ; B1L            ; GXB_NC                                           ;        ;              ;                     ; --           ;                 ; --       ; --           ;
; T5       ;            ;                ; GND                                              ; gnd    ;              ;                     ; --           ;                 ; --       ; --           ;
; T6       ;            ; --             ; VCCE_GXBL                                        ; power  ;              ; 1.1V                ; --           ;                 ; --       ; --           ;
; T7       ;            ;                ; GND                                              ; gnd    ;              ;                     ; --           ;                 ; --       ; --           ;
; T8       ; 14         ; B1L            ; GND                                              ;        ;              ;                     ; Row I/O      ;                 ; --       ; --           ;
; T9       ; 15         ; B1L            ; GND                                              ;        ;              ;                     ; Row I/O      ;                 ; --       ; --           ;
; T10      ;            ;                ; GND                                              ; gnd    ;              ;                     ; --           ;                 ; --       ; --           ;
; T11      ;            ; --             ; VCC                                              ; power  ;              ; 1.1V                ; --           ;                 ; --       ; --           ;
; T12      ;            ;                ; GND                                              ; gnd    ;              ;                     ; --           ;                 ; --       ; --           ;
; T13      ;            ; --             ; VCC                                              ; power  ;              ; 1.1V                ; --           ;                 ; --       ; --           ;
; T14      ;            ;                ; GND                                              ; gnd    ;              ;                     ; --           ;                 ; --       ; --           ;
; T15      ;            ;                ; GND                                              ; gnd    ;              ;                     ; --           ;                 ; --       ; --           ;
; T16      ;            ;                ; GND                                              ; gnd    ;              ;                     ; --           ;                 ; --       ; --           ;
; T17      ;            ; --             ; VCC_HPS                                          ; power  ;              ; 1.1V                ; --           ;                 ; --       ; --           ;
; T18      ;            ;                ; GND                                              ; gnd    ;              ;                     ; --           ;                 ; --       ; --           ;
; T19      ;            ; --             ; VCC_HPS                                          ; power  ;              ; 1.1V                ; --           ;                 ; --       ; --           ;
; T20      ;            ;                ; GND                                              ; gnd    ;              ;                     ; --           ;                 ; --       ; --           ;
; T21      ; 278        ; 6B             ; RESERVED_INPUT_WITH_WEAK_PULLUP                  ;        ;              ;                     ; Row I/O      ;                 ; no       ; On           ;
; T22      ;            ; 6B             ; VCCIO6B_HPS                                      ; power  ;              ; 2.5V                ; --           ;                 ; --       ; --           ;
; T23      ; 270        ; 6B             ; RESERVED_INPUT_WITH_WEAK_PULLUP                  ;        ;              ;                     ; Row I/O      ;                 ; no       ; On           ;
; T24      ; 268        ; 6B             ; RESERVED_INPUT_WITH_WEAK_PULLUP                  ;        ;              ;                     ; Row I/O      ;                 ; no       ; On           ;
; T25      ; 266        ; 6B             ; RESERVED_INPUT_WITH_WEAK_PULLUP                  ;        ;              ;                     ; Row I/O      ;                 ; no       ; On           ;
; T26      ; 304        ; 6B             ; RESERVED_INPUT_WITH_WEAK_PULLUP                  ;        ;              ;                     ; Row I/O      ;                 ; no       ; On           ;
; T27      ;            ;                ; GND                                              ; gnd    ;              ;                     ; --           ;                 ; --       ; --           ;
; T28      ; 287        ; 6B             ; RESERVED_INPUT_WITH_WEAK_PULLUP                  ;        ;              ;                     ; Row I/O      ;                 ; no       ; On           ;
; T29      ; 289        ; 6B             ; RESERVED_INPUT_WITH_WEAK_PULLUP                  ;        ;              ;                     ; Row I/O      ;                 ; no       ; On           ;
; T30      ; 291        ; 6B             ; RESERVED_INPUT_WITH_WEAK_PULLUP                  ;        ;              ;                     ; Row I/O      ;                 ; no       ; On           ;
; U1       ; 23         ; B1L            ; GND                                              ;        ;              ;                     ; --           ;                 ; --       ; --           ;
; U2       ; 22         ; B1L            ; GND                                              ;        ;              ;                     ; --           ;                 ; --       ; --           ;
; U3       ;            ;                ; GND                                              ; gnd    ;              ;                     ; --           ;                 ; --       ; --           ;
; U4       ;            ;                ; GND                                              ; gnd    ;              ;                     ; --           ;                 ; --       ; --           ;
; U5       ;            ; --             ; VCCE_GXBL                                        ; power  ;              ; 1.1V                ; --           ;                 ; --       ; --           ;
; U6       ;            ;                ; GND                                              ; gnd    ;              ;                     ; --           ;                 ; --       ; --           ;
; U7       ; 50         ; 3A             ; ^DCLK                                            ;        ;              ;                     ; Weak Pull Up ;                 ; --       ; On           ;
; U8       ; 48         ; 3A             ; altera_reserved_tdi                              ; input  ; 2.5 V        ;                     ; --           ; N               ; no       ; Off          ;
; U9       ;            ;                ; GND                                              ; gnd    ;              ;                     ; --           ;                 ; --       ; --           ;
; U10      ;            ; --             ; VCC                                              ; power  ;              ; 1.1V                ; --           ;                 ; --       ; --           ;
; U11      ;            ;                ; GND                                              ; gnd    ;              ;                     ; --           ;                 ; --       ; --           ;
; U12      ;            ; --             ; VCC                                              ; power  ;              ; 1.1V                ; --           ;                 ; --       ; --           ;
; U13      ;            ;                ; GND                                              ; gnd    ;              ;                     ; --           ;                 ; --       ; --           ;
; U14      ;            ; --             ; VCC                                              ; power  ;              ; 1.1V                ; --           ;                 ; --       ; --           ;
; U15      ;            ;                ; GND                                              ; gnd    ;              ;                     ; --           ;                 ; --       ; --           ;
; U16      ;            ; --             ; VCC_HPS                                          ; power  ;              ; 1.1V                ; --           ;                 ; --       ; --           ;
; U17      ;            ;                ; GND                                              ; gnd    ;              ;                     ; --           ;                 ; --       ; --           ;
; U18      ;            ; --             ; VCC_HPS                                          ; power  ;              ; 1.1V                ; --           ;                 ; --       ; --           ;
; U19      ;            ; 6B             ; VCCIO6B_HPS                                      ; power  ;              ; 2.5V                ; --           ;                 ; --       ; --           ;
; U20      ; 276        ; 6B             ; RESERVED_INPUT_WITH_WEAK_PULLUP                  ;        ;              ;                     ; Row I/O      ;                 ; no       ; On           ;
; U21      ;            ; --             ; VCC                                              ; power  ;              ; 1.1V                ; --           ;                 ; --       ; --           ;
; U22      ;            ;                ; GND                                              ; gnd    ;              ;                     ; --           ;                 ; --       ; --           ;
; U23      ;            ; 5B             ; VCCPD5B                                          ; power  ;              ; 2.5V                ; --           ;                 ; --       ; --           ;
; U24      ;            ;                ; GND                                              ; gnd    ;              ;                     ; --           ;                 ; --       ; --           ;
; U25      ; 264        ; 6B             ; RESERVED_INPUT_WITH_WEAK_PULLUP                  ;        ;              ;                     ; Row I/O      ;                 ; no       ; On           ;
; U26      ; 306        ; 6B             ; RESERVED_INPUT_WITH_WEAK_PULLUP                  ;        ;              ;                     ; Row I/O      ;                 ; no       ; On           ;
; U27      ; 273        ; 6B             ; RESERVED_INPUT_WITH_WEAK_PULLUP                  ;        ;              ;                     ; Row I/O      ;                 ; no       ; On           ;
; U28      ; 285        ; 6B             ; RESERVED_INPUT_WITH_WEAK_PULLUP                  ;        ;              ;                     ; Row I/O      ;                 ; no       ; On           ;
; U29      ;            ;                ; GND                                              ; gnd    ;              ;                     ; --           ;                 ; --       ; --           ;
; U30      ; 283        ; 6B             ; RESERVED_INPUT_WITH_WEAK_PULLUP                  ;        ;              ;                     ; Row I/O      ;                 ; --       ; --           ;
; V1       ;            ;                ; GND                                              ; gnd    ;              ;                     ; --           ;                 ; --       ; --           ;
; V2       ;            ;                ; GND                                              ; gnd    ;              ;                     ; --           ;                 ; --       ; --           ;
; V3       ; 24         ; B1L            ; GXB_NC                                           ;        ;              ;                     ; --           ;                 ; --       ; --           ;
; V4       ; 25         ; B1L            ; GXB_NC                                           ;        ;              ;                     ; --           ;                 ; --       ; --           ;
; V5       ;            ;                ; GND                                              ; gnd    ;              ;                     ; --           ;                 ; --       ; --           ;
; V6       ;            ; --             ; VCCH_GXBL                                        ; power  ;              ; 2.5V                ; --           ;                 ; --       ; --           ;
; V7       ;            ;                ; GND                                              ; gnd    ;              ;                     ; --           ;                 ; --       ; --           ;
; V8       ;            ; --             ; VCCA_FPLL                                        ; power  ;              ; 2.5V                ; --           ;                 ; --       ; --           ;
; V9       ; 44         ; 3A             ; altera_reserved_tms                              ; input  ; 2.5 V        ;                     ; --           ; N               ; no       ; Off          ;
; V10      ;            ;                ; GND                                              ; gnd    ;              ;                     ; --           ;                 ; --       ; --           ;
; V11      ;            ; --             ; VCC                                              ; power  ;              ; 1.1V                ; --           ;                 ; --       ; --           ;
; V12      ;            ;                ; GND                                              ; gnd    ;              ;                     ; --           ;                 ; --       ; --           ;
; V13      ;            ; --             ; VCC                                              ; power  ;              ; 1.1V                ; --           ;                 ; --       ; --           ;
; V14      ;            ;                ; GND                                              ; gnd    ;              ;                     ; --           ;                 ; --       ; --           ;
; V15      ;            ; --             ; VCC                                              ; power  ;              ; 1.1V                ; --           ;                 ; --       ; --           ;
; V16      ; 138        ; 4A             ; RESERVED_INPUT_WITH_WEAK_PULLUP                  ;        ;              ;                     ; Column I/O   ;                 ; no       ; On           ;
; V17      ; 154        ; 4A             ; RESERVED_INPUT_WITH_WEAK_PULLUP                  ;        ;              ;                     ; Column I/O   ;                 ; no       ; On           ;
; V18      ; 194        ; 4A             ; RESERVED_INPUT_WITH_WEAK_PULLUP                  ;        ;              ;                     ; Column I/O   ;                 ; no       ; On           ;
; V19      ;            ;                ; GND                                              ; gnd    ;              ;                     ; --           ;                 ; --       ; --           ;
; V20      ; 292        ; 6B             ; RESERVED_INPUT_WITH_WEAK_PULLUP                  ;        ;              ;                     ; Row I/O      ;                 ; no       ; On           ;
; V21      ;            ;                ; GND                                              ; gnd    ;              ;                     ; --           ;                 ; --       ; --           ;
; V22      ;            ; 5A             ; VCCPD5A                                          ; power  ;              ; 2.5V                ; --           ;                 ; --       ; --           ;
; V23      ; 236        ; 5A             ; RESERVED_INPUT_WITH_WEAK_PULLUP                  ;        ;              ;                     ; Row I/O      ;                 ; no       ; On           ;
; V24      ;            ; 5A             ; VCCPD5A                                          ; power  ;              ; 2.5V                ; --           ;                 ; --       ; --           ;
; V25      ; 246        ; 5B             ; RESERVED_INPUT_WITH_WEAK_PULLUP                  ;        ;              ;                     ; Row I/O      ;                 ; no       ; On           ;
; V26      ;            ; 6B             ; VCCIO6B_HPS                                      ; power  ;              ; 2.5V                ; --           ;                 ; --       ; --           ;
; V27      ; 265        ; 6B             ; RESERVED_INPUT_WITH_WEAK_PULLUP                  ;        ;              ;                     ; Row I/O      ;                 ; no       ; On           ;
; V28      ; 271        ; 6B             ; RESERVED_INPUT_WITH_WEAK_PULLUP                  ;        ;              ;                     ; Row I/O      ;                 ; no       ; On           ;
; V29      ; 275        ; 6B             ; RESERVED_INPUT_WITH_WEAK_PULLUP                  ;        ;              ;                     ; Row I/O      ;                 ; no       ; On           ;
; V30      ; 281        ; 6B             ; RESERVED_INPUT_WITH_WEAK_PULLUP                  ;        ;              ;                     ; Row I/O      ;                 ; no       ; On           ;
; W1       ; 27         ; B1L            ; GND                                              ;        ;              ;                     ; --           ;                 ; --       ; --           ;
; W2       ; 26         ; B1L            ; GND                                              ;        ;              ;                     ; --           ;                 ; --       ; --           ;
; W3       ;            ;                ; GND                                              ; gnd    ;              ;                     ; --           ;                 ; --       ; --           ;
; W4       ;            ;                ; GND                                              ; gnd    ;              ;                     ; --           ;                 ; --       ; --           ;
; W5       ;            ; --             ; VCCL_GXBL                                        ; power  ;              ; 1.1V                ; --           ;                 ; --       ; --           ;
; W6       ;            ;                ; GND                                              ; gnd    ;              ;                     ; --           ;                 ; --       ; --           ;
; W7       ; 41         ; B0L            ; GND                                              ;        ;              ;                     ; Row I/O      ;                 ; --       ; --           ;
; W8       ; 40         ; B0L            ; GND                                              ;        ;              ;                     ; Row I/O      ;                 ; --       ; --           ;
; W9       ;            ;                ; GND                                              ; gnd    ;              ;                     ; --           ;                 ; --       ; --           ;
; W10      ;            ; --             ; VCC                                              ; power  ;              ; 1.1V                ; --           ;                 ; --       ; --           ;
; W11      ;            ;                ; GND                                              ; gnd    ;              ;                     ; --           ;                 ; --       ; --           ;
; W12      ;            ; --             ; VCC                                              ; power  ;              ; 1.1V                ; --           ;                 ; --       ; --           ;
; W13      ;            ;                ; GND                                              ; gnd    ;              ;                     ; --           ;                 ; --       ; --           ;
; W14      ;            ; --             ; VCC                                              ; power  ;              ; 1.1V                ; --           ;                 ; --       ; --           ;
; W15      ; 130        ; 3B             ; RESERVED_INPUT_WITH_WEAK_PULLUP                  ;        ;              ;                     ; Column I/O   ;                 ; no       ; On           ;
; W16      ; 136        ; 4A             ; RESERVED_INPUT_WITH_WEAK_PULLUP                  ;        ;              ;                     ; Column I/O   ;                 ; no       ; On           ;
; W17      ; 152        ; 4A             ; RESERVED_INPUT_WITH_WEAK_PULLUP                  ;        ;              ;                     ; Column I/O   ;                 ; no       ; On           ;
; W18      ;            ;                ; GND                                              ; gnd    ;              ;                     ; --           ;                 ; --       ; --           ;
; W19      ; 192        ; 4A             ; RESERVED_INPUT_WITH_WEAK_PULLUP                  ;        ;              ;                     ; Column I/O   ;                 ; no       ; On           ;
; W20      ; 217        ; 5A             ; RESERVED_INPUT_WITH_WEAK_PULLUP                  ;        ;              ;                     ; Row I/O      ;                 ; no       ; On           ;
; W21      ; 221        ; 5A             ; RESERVED_INPUT_WITH_WEAK_PULLUP                  ;        ;              ;                     ; Row I/O      ;                 ; no       ; On           ;
; W22      ; 223        ; 5A             ; RESERVED_INPUT_WITH_WEAK_PULLUP                  ;        ;              ;                     ; Row I/O      ;                 ; no       ; On           ;
; W23      ;            ; 5A             ; VCCIO5A                                          ; power  ;              ; 2.5V                ; --           ;                 ; --       ; --           ;
; W24      ; 238        ; 5A             ; RESERVED_INPUT_WITH_WEAK_PULLUP                  ;        ;              ;                     ; Row I/O      ;                 ; no       ; On           ;
; W25      ; 244        ; 5B             ; RESERVED_INPUT_WITH_WEAK_PULLUP                  ;        ;              ;                     ; Row I/O      ;                 ; no       ; On           ;
; W26      ; 274        ; 6B             ; RESERVED_INPUT_WITH_WEAK_PULLUP                  ;        ;              ;                     ; Row I/O      ;                 ; no       ; On           ;
; W27      ; 261        ; 6B             ; RESERVED_INPUT_WITH_WEAK_PULLUP                  ;        ;              ;                     ; Row I/O      ;                 ; no       ; On           ;
; W28      ;            ;                ; GND                                              ; gnd    ;              ;                     ; --           ;                 ; --       ; --           ;
; W29      ; 279        ; 6B             ; RESERVED_INPUT_WITH_WEAK_PULLUP                  ;        ;              ;                     ; Row I/O      ;                 ; no       ; On           ;
; W30      ; 277        ; 6B             ; RESERVED_INPUT_WITH_WEAK_PULLUP                  ;        ;              ;                     ; Row I/O      ;                 ; no       ; On           ;
; Y1       ;            ;                ; GND                                              ; gnd    ;              ;                     ; --           ;                 ; --       ; --           ;
; Y2       ;            ;                ; GND                                              ; gnd    ;              ;                     ; --           ;                 ; --       ; --           ;
; Y3       ; 28         ; B0L            ; GXB_NC                                           ;        ;              ;                     ; --           ;                 ; --       ; --           ;
; Y4       ; 29         ; B0L            ; GXB_NC                                           ;        ;              ;                     ; --           ;                 ; --       ; --           ;
; Y5       ;            ;                ; GND                                              ; gnd    ;              ;                     ; --           ;                 ; --       ; --           ;
; Y6       ;            ; --             ; VCCE_GXBL                                        ; power  ;              ; 1.1V                ; --           ;                 ; --       ; --           ;
; Y7       ;            ;                ; GND                                              ; gnd    ;              ;                     ; --           ;                 ; --       ; --           ;
; Y8       ;            ;                ; GND                                              ; gnd    ;              ;                     ; --           ;                 ; --       ; --           ;
; Y9       ;            ; --             ; VCC                                              ; power  ;              ; 1.1V                ; --           ;                 ; --       ; --           ;
; Y10      ;            ;                ; GND                                              ; gnd    ;              ;                     ; --           ;                 ; --       ; --           ;
; Y11      ;            ; --             ; VCC                                              ; power  ;              ; 1.1V                ; --           ;                 ; --       ; --           ;
; Y12      ;            ;                ; GND                                              ; gnd    ;              ;                     ; --           ;                 ; --       ; --           ;
; Y13      ;            ; --             ; VCC                                              ; power  ;              ; 1.1V                ; --           ;                 ; --       ; --           ;
; Y14      ;            ;                ; GND                                              ; gnd    ;              ;                     ; --           ;                 ; --       ; --           ;
; Y15      ;            ;                ; GND                                              ; gnd    ;              ;                     ; --           ;                 ; --       ; --           ;
; Y16      ; 128        ; 3B             ; reset_reset_n                                    ; input  ; 2.5 V        ;                     ; Column I/O   ; Y               ; no       ; Off          ;
; Y17      ; 170        ; 4A             ; RESERVED_INPUT_WITH_WEAK_PULLUP                  ;        ;              ;                     ; Column I/O   ;                 ; no       ; On           ;
; Y18      ; 178        ; 4A             ; RESERVED_INPUT_WITH_WEAK_PULLUP                  ;        ;              ;                     ; Column I/O   ;                 ; no       ; On           ;
; Y19      ; 202        ; 4A             ; RESERVED_INPUT_WITH_WEAK_PULLUP                  ;        ;              ;                     ; Column I/O   ;                 ; no       ; On           ;
; Y20      ;            ;                ; GND                                              ; gnd    ;              ;                     ; --           ;                 ; --       ; --           ;
; Y21      ; 219        ; 5A             ; RESERVED_INPUT_WITH_WEAK_PULLUP                  ;        ;              ;                     ; Row I/O      ;                 ; no       ; On           ;
; Y22      ;            ; --             ; VCCA_FPLL                                        ; power  ;              ; 2.5V                ; --           ;                 ; --       ; --           ;
; Y23      ; 232        ; 5A             ; RESERVED_INPUT_WITH_WEAK_PULLUP                  ;        ;              ;                     ; Row I/O      ;                 ; no       ; On           ;
; Y24      ; 234        ; 5A             ; RESERVED_INPUT_WITH_WEAK_PULLUP                  ;        ;              ;                     ; Row I/O      ;                 ; no       ; On           ;
; Y25      ;            ;                ; GND                                              ; gnd    ;              ;                     ; --           ;                 ; --       ; --           ;
; Y26      ; 256        ; 5B             ; RESERVED_INPUT_WITH_WEAK_PULLUP                  ;        ;              ;                     ; Row I/O      ;                 ; no       ; On           ;
; Y27      ; 258        ; 5B             ; RESERVED_INPUT_WITH_WEAK_PULLUP                  ;        ;              ;                     ; Row I/O      ;                 ; no       ; On           ;
; Y28      ; 269        ; 6B             ; RESERVED_INPUT_WITH_WEAK_PULLUP                  ;        ;              ;                     ; Row I/O      ;                 ; no       ; On           ;
; Y29      ; 263        ; 6B             ; RESERVED_INPUT_WITH_WEAK_PULLUP                  ;        ;              ;                     ; Row I/O      ;                 ; no       ; On           ;
; Y30      ;            ;                ; GND                                              ; gnd    ;              ;                     ; --           ;                 ; --       ; --           ;
+----------+------------+----------------+--------------------------------------------------+--------+--------------+---------------------+--------------+-----------------+----------+--------------+
Note: Pin directions (input, output or bidir) are based on device operating in user mode.


+----------------------------------------------------------------------------------+
; I/O Assignment Warnings                                                          ;
+--------------------------------------------------+-------------------------------+
; Pin Name                                         ; Reason                        ;
+--------------------------------------------------+-------------------------------+
; audio_0_external_interface_DACDAT                ; Incomplete set of assignments ;
; audio_and_video_config_0_external_interface_SCLK ; Incomplete set of assignments ;
; audio_pll_0_audio_clk_clk                        ; Incomplete set of assignments ;
; leds_export[0]                                   ; Incomplete set of assignments ;
; leds_export[1]                                   ; Incomplete set of assignments ;
; leds_export[2]                                   ; Incomplete set of assignments ;
; leds_export[3]                                   ; Incomplete set of assignments ;
; leds_export[4]                                   ; Incomplete set of assignments ;
; leds_export[5]                                   ; Incomplete set of assignments ;
; leds_export[6]                                   ; Incomplete set of assignments ;
; leds_export[7]                                   ; Incomplete set of assignments ;
; leds_export[8]                                   ; Incomplete set of assignments ;
; leds_export[9]                                   ; Incomplete set of assignments ;
; leds_export[10]                                  ; Incomplete set of assignments ;
; leds_export[11]                                  ; Incomplete set of assignments ;
; leds_export[12]                                  ; Incomplete set of assignments ;
; leds_export[13]                                  ; Incomplete set of assignments ;
; leds_export[14]                                  ; Incomplete set of assignments ;
; leds_export[15]                                  ; Incomplete set of assignments ;
; leds_export[16]                                  ; Incomplete set of assignments ;
; leds_export[17]                                  ; Incomplete set of assignments ;
; leds_export[18]                                  ; Incomplete set of assignments ;
; leds_export[19]                                  ; Incomplete set of assignments ;
; leds_export[20]                                  ; Incomplete set of assignments ;
; leds_export[21]                                  ; Incomplete set of assignments ;
; leds_export[22]                                  ; Incomplete set of assignments ;
; leds_export[23]                                  ; Incomplete set of assignments ;
; leds_export[24]                                  ; Incomplete set of assignments ;
; leds_export[25]                                  ; Incomplete set of assignments ;
; leds_export[26]                                  ; Incomplete set of assignments ;
; leds_export[27]                                  ; Incomplete set of assignments ;
; leds_export[28]                                  ; Incomplete set of assignments ;
; leds_export[29]                                  ; Incomplete set of assignments ;
; leds_export[30]                                  ; Incomplete set of assignments ;
; leds_export[31]                                  ; Incomplete set of assignments ;
; audio_and_video_config_0_external_interface_SDAT ; Incomplete set of assignments ;
; clk_clk                                          ; Incomplete set of assignments ;
; reset_reset_n                                    ; Incomplete set of assignments ;
; audio_0_external_interface_DACLRCK               ; Incomplete set of assignments ;
; audio_0_external_interface_BCLK                  ; Incomplete set of assignments ;
; buttons_export[0]                                ; Incomplete set of assignments ;
; buttons_export[1]                                ; Incomplete set of assignments ;
; buttons_export[2]                                ; Incomplete set of assignments ;
; buttons_export[3]                                ; Incomplete set of assignments ;
; buttons_export[4]                                ; Incomplete set of assignments ;
; buttons_export[5]                                ; Incomplete set of assignments ;
; buttons_export[6]                                ; Incomplete set of assignments ;
; buttons_export[7]                                ; Incomplete set of assignments ;
; buttons_export[8]                                ; Incomplete set of assignments ;
; buttons_export[9]                                ; Incomplete set of assignments ;
; buttons_export[10]                               ; Incomplete set of assignments ;
; buttons_export[11]                               ; Incomplete set of assignments ;
; buttons_export[12]                               ; Incomplete set of assignments ;
; buttons_export[13]                               ; Incomplete set of assignments ;
; buttons_export[14]                               ; Incomplete set of assignments ;
; buttons_export[15]                               ; Incomplete set of assignments ;
; buttons_export[16]                               ; Incomplete set of assignments ;
; buttons_export[17]                               ; Incomplete set of assignments ;
; buttons_export[18]                               ; Incomplete set of assignments ;
; buttons_export[19]                               ; Incomplete set of assignments ;
; buttons_export[20]                               ; Incomplete set of assignments ;
; buttons_export[21]                               ; Incomplete set of assignments ;
; buttons_export[22]                               ; Incomplete set of assignments ;
; buttons_export[23]                               ; Incomplete set of assignments ;
; buttons_export[24]                               ; Incomplete set of assignments ;
; buttons_export[25]                               ; Incomplete set of assignments ;
; buttons_export[26]                               ; Incomplete set of assignments ;
; buttons_export[27]                               ; Incomplete set of assignments ;
; buttons_export[28]                               ; Incomplete set of assignments ;
; buttons_export[29]                               ; Incomplete set of assignments ;
; buttons_export[30]                               ; Incomplete set of assignments ;
; buttons_export[31]                               ; Incomplete set of assignments ;
; audio_pll_0_audio_clk_clk                        ; Missing location assignment   ;
; leds_export[0]                                   ; Missing location assignment   ;
; leds_export[1]                                   ; Missing location assignment   ;
; leds_export[2]                                   ; Missing location assignment   ;
; leds_export[3]                                   ; Missing location assignment   ;
; leds_export[4]                                   ; Missing location assignment   ;
; leds_export[5]                                   ; Missing location assignment   ;
; leds_export[6]                                   ; Missing location assignment   ;
; leds_export[7]                                   ; Missing location assignment   ;
; leds_export[8]                                   ; Missing location assignment   ;
; leds_export[9]                                   ; Missing location assignment   ;
; leds_export[10]                                  ; Missing location assignment   ;
; leds_export[11]                                  ; Missing location assignment   ;
; leds_export[12]                                  ; Missing location assignment   ;
; leds_export[13]                                  ; Missing location assignment   ;
; leds_export[14]                                  ; Missing location assignment   ;
; leds_export[15]                                  ; Missing location assignment   ;
; leds_export[16]                                  ; Missing location assignment   ;
; leds_export[17]                                  ; Missing location assignment   ;
; leds_export[18]                                  ; Missing location assignment   ;
; leds_export[19]                                  ; Missing location assignment   ;
; leds_export[20]                                  ; Missing location assignment   ;
; leds_export[21]                                  ; Missing location assignment   ;
; leds_export[22]                                  ; Missing location assignment   ;
; leds_export[23]                                  ; Missing location assignment   ;
; leds_export[24]                                  ; Missing location assignment   ;
; leds_export[25]                                  ; Missing location assignment   ;
; leds_export[26]                                  ; Missing location assignment   ;
; leds_export[27]                                  ; Missing location assignment   ;
; leds_export[28]                                  ; Missing location assignment   ;
; leds_export[29]                                  ; Missing location assignment   ;
; leds_export[30]                                  ; Missing location assignment   ;
; leds_export[31]                                  ; Missing location assignment   ;
; buttons_export[0]                                ; Missing location assignment   ;
; buttons_export[1]                                ; Missing location assignment   ;
; buttons_export[2]                                ; Missing location assignment   ;
; buttons_export[3]                                ; Missing location assignment   ;
; buttons_export[4]                                ; Missing location assignment   ;
; buttons_export[5]                                ; Missing location assignment   ;
; buttons_export[6]                                ; Missing location assignment   ;
; buttons_export[7]                                ; Missing location assignment   ;
; buttons_export[8]                                ; Missing location assignment   ;
; buttons_export[9]                                ; Missing location assignment   ;
; buttons_export[10]                               ; Missing location assignment   ;
; buttons_export[11]                               ; Missing location assignment   ;
; buttons_export[12]                               ; Missing location assignment   ;
; buttons_export[13]                               ; Missing location assignment   ;
; buttons_export[14]                               ; Missing location assignment   ;
; buttons_export[15]                               ; Missing location assignment   ;
; buttons_export[16]                               ; Missing location assignment   ;
; buttons_export[17]                               ; Missing location assignment   ;
; buttons_export[18]                               ; Missing location assignment   ;
; buttons_export[19]                               ; Missing location assignment   ;
; buttons_export[20]                               ; Missing location assignment   ;
; buttons_export[21]                               ; Missing location assignment   ;
; buttons_export[22]                               ; Missing location assignment   ;
; buttons_export[23]                               ; Missing location assignment   ;
; buttons_export[24]                               ; Missing location assignment   ;
; buttons_export[25]                               ; Missing location assignment   ;
; buttons_export[26]                               ; Missing location assignment   ;
; buttons_export[27]                               ; Missing location assignment   ;
; buttons_export[28]                               ; Missing location assignment   ;
; buttons_export[29]                               ; Missing location assignment   ;
; buttons_export[30]                               ; Missing location assignment   ;
; buttons_export[31]                               ; Missing location assignment   ;
+--------------------------------------------------+-------------------------------+


+--------------------------------------------------------------------------------------------------------------------------------------------------------------------------------+
; PLL Usage Summary                                                                                                                                                              ;
+---------------------------------------------------------------------------------------------------------------------------------------------------+----------------------------+
;                                                                                                                                                   ;                            ;
+---------------------------------------------------------------------------------------------------------------------------------------------------+----------------------------+
; reloj_soc_audio_pll_0:audio_pll_0|reloj_soc_audio_pll_0_audio_pll:audio_pll|altera_pll:altera_pll_i|general[0].gpll~FRACTIONAL_PLL                ;                            ;
;     -- PLL Type                                                                                                                                   ; Integer PLL                ;
;     -- PLL Location                                                                                                                               ; FRACTIONALPLL_X0_Y15_N0    ;
;     -- PLL Feedback clock type                                                                                                                    ; none                       ;
;     -- PLL Bandwidth                                                                                                                              ; Auto                       ;
;         -- PLL Bandwidth Range                                                                                                                    ; 1200000 to 600000 Hz       ;
;     -- Reference Clock Frequency                                                                                                                  ; 50.0 MHz                   ;
;     -- Reference Clock Sourced by                                                                                                                 ; Dedicated Pin              ;
;     -- PLL VCO Frequency                                                                                                                          ; 725.0 MHz                  ;
;     -- PLL Operation Mode                                                                                                                         ; Direct                     ;
;     -- PLL Freq Min Lock                                                                                                                          ; 41.379311 MHz              ;
;     -- PLL Freq Max Lock                                                                                                                          ; 110.344827 MHz             ;
;     -- PLL Enable                                                                                                                                 ; On                         ;
;     -- PLL Fractional Division                                                                                                                    ; N/A                        ;
;     -- M Counter                                                                                                                                  ; 29                         ;
;     -- N Counter                                                                                                                                  ; 2                          ;
;     -- PLL Refclk Select                                                                                                                          ;                            ;
;             -- PLL Refclk Select Location                                                                                                         ; PLLREFCLKSELECT_X0_Y21_N0  ;
;             -- PLL Reference Clock Input 0 source                                                                                                 ; clk_0                      ;
;             -- PLL Reference Clock Input 1 source                                                                                                 ; ref_clk1                   ;
;             -- ADJPLLIN source                                                                                                                    ; N/A                        ;
;             -- CORECLKIN source                                                                                                                   ; N/A                        ;
;             -- IQTXRXCLKIN source                                                                                                                 ; N/A                        ;
;             -- PLLIQCLKIN source                                                                                                                  ; N/A                        ;
;             -- RXIQCLKIN source                                                                                                                   ; N/A                        ;
;             -- CLKIN(0) source                                                                                                                    ; clk_clk~input              ;
;             -- CLKIN(1) source                                                                                                                    ; N/A                        ;
;             -- CLKIN(2) source                                                                                                                    ; N/A                        ;
;             -- CLKIN(3) source                                                                                                                    ; N/A                        ;
;     -- PLL Output Counter                                                                                                                         ;                            ;
;         -- reloj_soc_audio_pll_0:audio_pll_0|reloj_soc_audio_pll_0_audio_pll:audio_pll|altera_pll:altera_pll_i|general[0].gpll~PLL_OUTPUT_COUNTER ;                            ;
;             -- Output Clock Frequency                                                                                                             ; 12.288135 MHz              ;
;             -- Output Clock Location                                                                                                              ; PLLOUTPUTCOUNTER_X0_Y20_N1 ;
;             -- C Counter Odd Divider Even Duty Enable                                                                                             ; On                         ;
;             -- Duty Cycle                                                                                                                         ; 50.0000                    ;
;             -- Phase Shift                                                                                                                        ; 0.000000 degrees           ;
;             -- C Counter                                                                                                                          ; 59                         ;
;             -- C Counter PH Mux PRST                                                                                                              ; 0                          ;
;             -- C Counter PRST                                                                                                                     ; 1                          ;
;                                                                                                                                                   ;                            ;
+---------------------------------------------------------------------------------------------------------------------------------------------------+----------------------------+


+------------------------------------------------------------------------------------------------------------------------------------------------------------------------------------------------------------------------------------------------------------------------------------------------------------------------------------------------------------------------------------------------------------------------------------------------------------------------------------------------------------------------------------------------------------------------------------------------------------------------------------------------------------------------------------------------------------------------------------------------------------------------------------------------------------------------------------------------------------------------------+
; Fitter Resource Utilization by Entity                                                                                                                                                                                                                                                                                                                                                                                                                                                                                                                                                                                                                                                                                                                                                                                                                                        ;
+-----------------------------------------------------------------------------------------------------------------------------------------+----------------------+----------------------------------+---------------------------------------------------+----------------------------------+----------------------+---------------------+---------------------------+---------------+-------------------+-------+------------+------+--------------+--------------------------------------------------------------------------------------------------------------------------------------------------------------------------------------------------------------------------------------------------------------------------------------------------------------------------------------------------------------+---------------------------------------------+--------------+
; Compilation Hierarchy Node                                                                                                              ; ALMs needed [=A-B+C] ; [A] ALMs used in final placement ; [B] Estimate of ALMs recoverable by dense packing ; [C] Estimate of ALMs unavailable ; ALMs used for memory ; Combinational ALUTs ; Dedicated Logic Registers ; I/O Registers ; Block Memory Bits ; M10Ks ; DSP Blocks ; Pins ; Virtual Pins ; Full Hierarchy Name                                                                                                                                                                                                                                                                                                                                          ; Entity Name                                 ; Library Name ;
+-----------------------------------------------------------------------------------------------------------------------------------------+----------------------+----------------------------------+---------------------------------------------------+----------------------------------+----------------------+---------------------+---------------------------+---------------+-------------------+-------+------------+------+--------------+--------------------------------------------------------------------------------------------------------------------------------------------------------------------------------------------------------------------------------------------------------------------------------------------------------------------------------------------------------------+---------------------------------------------+--------------+
; |reloj_soc                                                                                                                              ; 996.0 (0.5)          ; 1159.5 (0.5)                     ; 172.5 (0.0)                                       ; 9.0 (0.0)                        ; 0.0 (0.0)            ; 1613 (1)            ; 1450 (0)                  ; 0 (0)         ; 80896             ; 15    ; 0          ; 72   ; 0            ; |reloj_soc                                                                                                                                                                                                                                                                                                                                                   ; reloj_soc                                   ; reloj_soc    ;
;    |altera_reset_controller:rst_controller|                                                                                             ; 3.0 (2.5)            ; 8.5 (5.0)                        ; 5.5 (2.5)                                         ; 0.0 (0.0)                        ; 0.0 (0.0)            ; 7 (5)               ; 16 (10)                   ; 0 (0)         ; 0                 ; 0     ; 0          ; 0    ; 0            ; |reloj_soc|altera_reset_controller:rst_controller                                                                                                                                                                                                                                                                                                            ; altera_reset_controller                     ; reloj_soc    ;
;       |altera_reset_synchronizer:alt_rst_req_sync_uq1|                                                                                  ; 0.5 (0.5)            ; 2.0 (2.0)                        ; 1.5 (1.5)                                         ; 0.0 (0.0)                        ; 0.0 (0.0)            ; 1 (1)               ; 3 (3)                     ; 0 (0)         ; 0                 ; 0     ; 0          ; 0    ; 0            ; |reloj_soc|altera_reset_controller:rst_controller|altera_reset_synchronizer:alt_rst_req_sync_uq1                                                                                                                                                                                                                                                             ; altera_reset_synchronizer                   ; reloj_soc    ;
;       |altera_reset_synchronizer:alt_rst_sync_uq1|                                                                                      ; 0.0 (0.0)            ; 1.5 (1.5)                        ; 1.5 (1.5)                                         ; 0.0 (0.0)                        ; 0.0 (0.0)            ; 1 (1)               ; 3 (3)                     ; 0 (0)         ; 0                 ; 0     ; 0          ; 0    ; 0            ; |reloj_soc|altera_reset_controller:rst_controller|altera_reset_synchronizer:alt_rst_sync_uq1                                                                                                                                                                                                                                                                 ; altera_reset_synchronizer                   ; reloj_soc    ;
;    |reloj_soc_NIOSII:niosii|                                                                                                            ; 441.3 (0.0)          ; 507.4 (0.0)                      ; 74.2 (0.0)                                        ; 8.2 (0.0)                        ; 0.0 (0.0)            ; 697 (0)             ; 611 (0)                   ; 0 (0)         ; 10240             ; 3     ; 0          ; 0    ; 0            ; |reloj_soc|reloj_soc_NIOSII:niosii                                                                                                                                                                                                                                                                                                                           ; reloj_soc_NIOSII                            ; reloj_soc    ;
;       |reloj_soc_NIOSII_cpu:cpu|                                                                                                        ; 441.3 (311.4)        ; 507.4 (341.9)                    ; 74.2 (38.7)                                       ; 8.2 (8.2)                        ; 0.0 (0.0)            ; 697 (523)           ; 611 (333)                 ; 0 (0)         ; 10240             ; 3     ; 0          ; 0    ; 0            ; |reloj_soc|reloj_soc_NIOSII:niosii|reloj_soc_NIOSII_cpu:cpu                                                                                                                                                                                                                                                                                                  ; reloj_soc_NIOSII_cpu                        ; reloj_soc    ;
;          |reloj_soc_NIOSII_cpu_nios2_oci:the_reloj_soc_NIOSII_cpu_nios2_oci|                                                            ; 129.9 (31.8)         ; 165.5 (32.5)                     ; 35.6 (0.7)                                        ; 0.0 (0.0)                        ; 0.0 (0.0)            ; 174 (7)             ; 278 (81)                  ; 0 (0)         ; 8192              ; 1     ; 0          ; 0    ; 0            ; |reloj_soc|reloj_soc_NIOSII:niosii|reloj_soc_NIOSII_cpu:cpu|reloj_soc_NIOSII_cpu_nios2_oci:the_reloj_soc_NIOSII_cpu_nios2_oci                                                                                                                                                                                                                                ; reloj_soc_NIOSII_cpu_nios2_oci              ; reloj_soc    ;
;             |reloj_soc_NIOSII_cpu_debug_slave_wrapper:the_reloj_soc_NIOSII_cpu_debug_slave_wrapper|                                     ; 36.0 (0.0)           ; 56.6 (0.0)                       ; 20.6 (0.0)                                        ; 0.0 (0.0)                        ; 0.0 (0.0)            ; 64 (0)              ; 96 (0)                    ; 0 (0)         ; 0                 ; 0     ; 0          ; 0    ; 0            ; |reloj_soc|reloj_soc_NIOSII:niosii|reloj_soc_NIOSII_cpu:cpu|reloj_soc_NIOSII_cpu_nios2_oci:the_reloj_soc_NIOSII_cpu_nios2_oci|reloj_soc_NIOSII_cpu_debug_slave_wrapper:the_reloj_soc_NIOSII_cpu_debug_slave_wrapper                                                                                                                                          ; reloj_soc_NIOSII_cpu_debug_slave_wrapper    ; reloj_soc    ;
;                |reloj_soc_NIOSII_cpu_debug_slave_sysclk:the_reloj_soc_NIOSII_cpu_debug_slave_sysclk|                                    ; 4.6 (4.0)            ; 24.1 (22.6)                      ; 19.5 (18.6)                                       ; 0.0 (0.0)                        ; 0.0 (0.0)            ; 6 (6)               ; 49 (45)                   ; 0 (0)         ; 0                 ; 0     ; 0          ; 0    ; 0            ; |reloj_soc|reloj_soc_NIOSII:niosii|reloj_soc_NIOSII_cpu:cpu|reloj_soc_NIOSII_cpu_nios2_oci:the_reloj_soc_NIOSII_cpu_nios2_oci|reloj_soc_NIOSII_cpu_debug_slave_wrapper:the_reloj_soc_NIOSII_cpu_debug_slave_wrapper|reloj_soc_NIOSII_cpu_debug_slave_sysclk:the_reloj_soc_NIOSII_cpu_debug_slave_sysclk                                                      ; reloj_soc_NIOSII_cpu_debug_slave_sysclk     ; reloj_soc    ;
;                   |altera_std_synchronizer:the_altera_std_synchronizer3|                                                                ; 0.0 (0.0)            ; 0.7 (0.7)                        ; 0.7 (0.7)                                         ; 0.0 (0.0)                        ; 0.0 (0.0)            ; 0 (0)               ; 2 (2)                     ; 0 (0)         ; 0                 ; 0     ; 0          ; 0    ; 0            ; |reloj_soc|reloj_soc_NIOSII:niosii|reloj_soc_NIOSII_cpu:cpu|reloj_soc_NIOSII_cpu_nios2_oci:the_reloj_soc_NIOSII_cpu_nios2_oci|reloj_soc_NIOSII_cpu_debug_slave_wrapper:the_reloj_soc_NIOSII_cpu_debug_slave_wrapper|reloj_soc_NIOSII_cpu_debug_slave_sysclk:the_reloj_soc_NIOSII_cpu_debug_slave_sysclk|altera_std_synchronizer:the_altera_std_synchronizer3 ; altera_std_synchronizer                     ; work         ;
;                   |altera_std_synchronizer:the_altera_std_synchronizer4|                                                                ; 0.6 (0.6)            ; 0.8 (0.8)                        ; 0.2 (0.2)                                         ; 0.0 (0.0)                        ; 0.0 (0.0)            ; 0 (0)               ; 2 (2)                     ; 0 (0)         ; 0                 ; 0     ; 0          ; 0    ; 0            ; |reloj_soc|reloj_soc_NIOSII:niosii|reloj_soc_NIOSII_cpu:cpu|reloj_soc_NIOSII_cpu_nios2_oci:the_reloj_soc_NIOSII_cpu_nios2_oci|reloj_soc_NIOSII_cpu_debug_slave_wrapper:the_reloj_soc_NIOSII_cpu_debug_slave_wrapper|reloj_soc_NIOSII_cpu_debug_slave_sysclk:the_reloj_soc_NIOSII_cpu_debug_slave_sysclk|altera_std_synchronizer:the_altera_std_synchronizer4 ; altera_std_synchronizer                     ; work         ;
;                |reloj_soc_NIOSII_cpu_debug_slave_tck:the_reloj_soc_NIOSII_cpu_debug_slave_tck|                                          ; 29.7 (28.6)          ; 30.8 (29.6)                      ; 1.2 (1.0)                                         ; 0.0 (0.0)                        ; 0.0 (0.0)            ; 54 (54)             ; 47 (43)                   ; 0 (0)         ; 0                 ; 0     ; 0          ; 0    ; 0            ; |reloj_soc|reloj_soc_NIOSII:niosii|reloj_soc_NIOSII_cpu:cpu|reloj_soc_NIOSII_cpu_nios2_oci:the_reloj_soc_NIOSII_cpu_nios2_oci|reloj_soc_NIOSII_cpu_debug_slave_wrapper:the_reloj_soc_NIOSII_cpu_debug_slave_wrapper|reloj_soc_NIOSII_cpu_debug_slave_tck:the_reloj_soc_NIOSII_cpu_debug_slave_tck                                                            ; reloj_soc_NIOSII_cpu_debug_slave_tck        ; reloj_soc    ;
;                   |altera_std_synchronizer:the_altera_std_synchronizer1|                                                                ; 0.6 (0.6)            ; 0.7 (0.7)                        ; 0.1 (0.1)                                         ; 0.0 (0.0)                        ; 0.0 (0.0)            ; 0 (0)               ; 2 (2)                     ; 0 (0)         ; 0                 ; 0     ; 0          ; 0    ; 0            ; |reloj_soc|reloj_soc_NIOSII:niosii|reloj_soc_NIOSII_cpu:cpu|reloj_soc_NIOSII_cpu_nios2_oci:the_reloj_soc_NIOSII_cpu_nios2_oci|reloj_soc_NIOSII_cpu_debug_slave_wrapper:the_reloj_soc_NIOSII_cpu_debug_slave_wrapper|reloj_soc_NIOSII_cpu_debug_slave_tck:the_reloj_soc_NIOSII_cpu_debug_slave_tck|altera_std_synchronizer:the_altera_std_synchronizer1       ; altera_std_synchronizer                     ; work         ;
;                   |altera_std_synchronizer:the_altera_std_synchronizer2|                                                                ; 0.5 (0.5)            ; 0.6 (0.6)                        ; 0.1 (0.1)                                         ; 0.0 (0.0)                        ; 0.0 (0.0)            ; 0 (0)               ; 2 (2)                     ; 0 (0)         ; 0                 ; 0     ; 0          ; 0    ; 0            ; |reloj_soc|reloj_soc_NIOSII:niosii|reloj_soc_NIOSII_cpu:cpu|reloj_soc_NIOSII_cpu_nios2_oci:the_reloj_soc_NIOSII_cpu_nios2_oci|reloj_soc_NIOSII_cpu_debug_slave_wrapper:the_reloj_soc_NIOSII_cpu_debug_slave_wrapper|reloj_soc_NIOSII_cpu_debug_slave_tck:the_reloj_soc_NIOSII_cpu_debug_slave_tck|altera_std_synchronizer:the_altera_std_synchronizer2       ; altera_std_synchronizer                     ; work         ;
;                |sld_virtual_jtag_basic:reloj_soc_NIOSII_cpu_debug_slave_phy|                                                            ; 1.7 (1.7)            ; 1.7 (1.7)                        ; 0.0 (0.0)                                         ; 0.0 (0.0)                        ; 0.0 (0.0)            ; 4 (4)               ; 0 (0)                     ; 0 (0)         ; 0                 ; 0     ; 0          ; 0    ; 0            ; |reloj_soc|reloj_soc_NIOSII:niosii|reloj_soc_NIOSII_cpu:cpu|reloj_soc_NIOSII_cpu_nios2_oci:the_reloj_soc_NIOSII_cpu_nios2_oci|reloj_soc_NIOSII_cpu_debug_slave_wrapper:the_reloj_soc_NIOSII_cpu_debug_slave_wrapper|sld_virtual_jtag_basic:reloj_soc_NIOSII_cpu_debug_slave_phy                                                                              ; sld_virtual_jtag_basic                      ; work         ;
;             |reloj_soc_NIOSII_cpu_nios2_avalon_reg:the_reloj_soc_NIOSII_cpu_nios2_avalon_reg|                                           ; 5.7 (5.7)            ; 6.2 (6.2)                        ; 0.5 (0.5)                                         ; 0.0 (0.0)                        ; 0.0 (0.0)            ; 12 (12)             ; 6 (6)                     ; 0 (0)         ; 0                 ; 0     ; 0          ; 0    ; 0            ; |reloj_soc|reloj_soc_NIOSII:niosii|reloj_soc_NIOSII_cpu:cpu|reloj_soc_NIOSII_cpu_nios2_oci:the_reloj_soc_NIOSII_cpu_nios2_oci|reloj_soc_NIOSII_cpu_nios2_avalon_reg:the_reloj_soc_NIOSII_cpu_nios2_avalon_reg                                                                                                                                                ; reloj_soc_NIOSII_cpu_nios2_avalon_reg       ; reloj_soc    ;
;             |reloj_soc_NIOSII_cpu_nios2_oci_break:the_reloj_soc_NIOSII_cpu_nios2_oci_break|                                             ; 0.7 (0.7)            ; 14.8 (14.8)                      ; 14.2 (14.2)                                       ; 0.0 (0.0)                        ; 0.0 (0.0)            ; 2 (2)               ; 32 (32)                   ; 0 (0)         ; 0                 ; 0     ; 0          ; 0    ; 0            ; |reloj_soc|reloj_soc_NIOSII:niosii|reloj_soc_NIOSII_cpu:cpu|reloj_soc_NIOSII_cpu_nios2_oci:the_reloj_soc_NIOSII_cpu_nios2_oci|reloj_soc_NIOSII_cpu_nios2_oci_break:the_reloj_soc_NIOSII_cpu_nios2_oci_break                                                                                                                                                  ; reloj_soc_NIOSII_cpu_nios2_oci_break        ; reloj_soc    ;
;             |reloj_soc_NIOSII_cpu_nios2_oci_debug:the_reloj_soc_NIOSII_cpu_nios2_oci_debug|                                             ; 4.2 (3.9)            ; 4.6 (3.9)                        ; 0.4 (0.0)                                         ; 0.0 (0.0)                        ; 0.0 (0.0)            ; 6 (6)               ; 9 (7)                     ; 0 (0)         ; 0                 ; 0     ; 0          ; 0    ; 0            ; |reloj_soc|reloj_soc_NIOSII:niosii|reloj_soc_NIOSII_cpu:cpu|reloj_soc_NIOSII_cpu_nios2_oci:the_reloj_soc_NIOSII_cpu_nios2_oci|reloj_soc_NIOSII_cpu_nios2_oci_debug:the_reloj_soc_NIOSII_cpu_nios2_oci_debug                                                                                                                                                  ; reloj_soc_NIOSII_cpu_nios2_oci_debug        ; reloj_soc    ;
;                |altera_std_synchronizer:the_altera_std_synchronizer|                                                                    ; 0.2 (0.2)            ; 0.7 (0.7)                        ; 0.4 (0.4)                                         ; 0.0 (0.0)                        ; 0.0 (0.0)            ; 0 (0)               ; 2 (2)                     ; 0 (0)         ; 0                 ; 0     ; 0          ; 0    ; 0            ; |reloj_soc|reloj_soc_NIOSII:niosii|reloj_soc_NIOSII_cpu:cpu|reloj_soc_NIOSII_cpu_nios2_oci:the_reloj_soc_NIOSII_cpu_nios2_oci|reloj_soc_NIOSII_cpu_nios2_oci_debug:the_reloj_soc_NIOSII_cpu_nios2_oci_debug|altera_std_synchronizer:the_altera_std_synchronizer                                                                                              ; altera_std_synchronizer                     ; work         ;
;             |reloj_soc_NIOSII_cpu_nios2_ocimem:the_reloj_soc_NIOSII_cpu_nios2_ocimem|                                                   ; 50.8 (50.8)          ; 50.8 (50.8)                      ; 0.0 (0.0)                                         ; 0.0 (0.0)                        ; 0.0 (0.0)            ; 83 (83)             ; 54 (54)                   ; 0 (0)         ; 8192              ; 1     ; 0          ; 0    ; 0            ; |reloj_soc|reloj_soc_NIOSII:niosii|reloj_soc_NIOSII_cpu:cpu|reloj_soc_NIOSII_cpu_nios2_oci:the_reloj_soc_NIOSII_cpu_nios2_oci|reloj_soc_NIOSII_cpu_nios2_ocimem:the_reloj_soc_NIOSII_cpu_nios2_ocimem                                                                                                                                                        ; reloj_soc_NIOSII_cpu_nios2_ocimem           ; reloj_soc    ;
;                |reloj_soc_NIOSII_cpu_ociram_sp_ram_module:reloj_soc_NIOSII_cpu_ociram_sp_ram|                                           ; 0.0 (0.0)            ; 0.0 (0.0)                        ; 0.0 (0.0)                                         ; 0.0 (0.0)                        ; 0.0 (0.0)            ; 0 (0)               ; 0 (0)                     ; 0 (0)         ; 8192              ; 1     ; 0          ; 0    ; 0            ; |reloj_soc|reloj_soc_NIOSII:niosii|reloj_soc_NIOSII_cpu:cpu|reloj_soc_NIOSII_cpu_nios2_oci:the_reloj_soc_NIOSII_cpu_nios2_oci|reloj_soc_NIOSII_cpu_nios2_ocimem:the_reloj_soc_NIOSII_cpu_nios2_ocimem|reloj_soc_NIOSII_cpu_ociram_sp_ram_module:reloj_soc_NIOSII_cpu_ociram_sp_ram                                                                           ; reloj_soc_NIOSII_cpu_ociram_sp_ram_module   ; reloj_soc    ;
;                   |altsyncram:the_altsyncram|                                                                                           ; 0.0 (0.0)            ; 0.0 (0.0)                        ; 0.0 (0.0)                                         ; 0.0 (0.0)                        ; 0.0 (0.0)            ; 0 (0)               ; 0 (0)                     ; 0 (0)         ; 8192              ; 1     ; 0          ; 0    ; 0            ; |reloj_soc|reloj_soc_NIOSII:niosii|reloj_soc_NIOSII_cpu:cpu|reloj_soc_NIOSII_cpu_nios2_oci:the_reloj_soc_NIOSII_cpu_nios2_oci|reloj_soc_NIOSII_cpu_nios2_ocimem:the_reloj_soc_NIOSII_cpu_nios2_ocimem|reloj_soc_NIOSII_cpu_ociram_sp_ram_module:reloj_soc_NIOSII_cpu_ociram_sp_ram|altsyncram:the_altsyncram                                                 ; altsyncram                                  ; work         ;
;                      |altsyncram_qid1:auto_generated|                                                                                   ; 0.0 (0.0)            ; 0.0 (0.0)                        ; 0.0 (0.0)                                         ; 0.0 (0.0)                        ; 0.0 (0.0)            ; 0 (0)               ; 0 (0)                     ; 0 (0)         ; 8192              ; 1     ; 0          ; 0    ; 0            ; |reloj_soc|reloj_soc_NIOSII:niosii|reloj_soc_NIOSII_cpu:cpu|reloj_soc_NIOSII_cpu_nios2_oci:the_reloj_soc_NIOSII_cpu_nios2_oci|reloj_soc_NIOSII_cpu_nios2_ocimem:the_reloj_soc_NIOSII_cpu_nios2_ocimem|reloj_soc_NIOSII_cpu_ociram_sp_ram_module:reloj_soc_NIOSII_cpu_ociram_sp_ram|altsyncram:the_altsyncram|altsyncram_qid1:auto_generated                  ; altsyncram_qid1                             ; work         ;
;          |reloj_soc_NIOSII_cpu_register_bank_a_module:reloj_soc_NIOSII_cpu_register_bank_a|                                             ; 0.0 (0.0)            ; 0.0 (0.0)                        ; 0.0 (0.0)                                         ; 0.0 (0.0)                        ; 0.0 (0.0)            ; 0 (0)               ; 0 (0)                     ; 0 (0)         ; 1024              ; 1     ; 0          ; 0    ; 0            ; |reloj_soc|reloj_soc_NIOSII:niosii|reloj_soc_NIOSII_cpu:cpu|reloj_soc_NIOSII_cpu_register_bank_a_module:reloj_soc_NIOSII_cpu_register_bank_a                                                                                                                                                                                                                 ; reloj_soc_NIOSII_cpu_register_bank_a_module ; reloj_soc    ;
;             |altsyncram:the_altsyncram|                                                                                                 ; 0.0 (0.0)            ; 0.0 (0.0)                        ; 0.0 (0.0)                                         ; 0.0 (0.0)                        ; 0.0 (0.0)            ; 0 (0)               ; 0 (0)                     ; 0 (0)         ; 1024              ; 1     ; 0          ; 0    ; 0            ; |reloj_soc|reloj_soc_NIOSII:niosii|reloj_soc_NIOSII_cpu:cpu|reloj_soc_NIOSII_cpu_register_bank_a_module:reloj_soc_NIOSII_cpu_register_bank_a|altsyncram:the_altsyncram                                                                                                                                                                                       ; altsyncram                                  ; work         ;
;                |altsyncram_msi1:auto_generated|                                                                                         ; 0.0 (0.0)            ; 0.0 (0.0)                        ; 0.0 (0.0)                                         ; 0.0 (0.0)                        ; 0.0 (0.0)            ; 0 (0)               ; 0 (0)                     ; 0 (0)         ; 1024              ; 1     ; 0          ; 0    ; 0            ; |reloj_soc|reloj_soc_NIOSII:niosii|reloj_soc_NIOSII_cpu:cpu|reloj_soc_NIOSII_cpu_register_bank_a_module:reloj_soc_NIOSII_cpu_register_bank_a|altsyncram:the_altsyncram|altsyncram_msi1:auto_generated                                                                                                                                                        ; altsyncram_msi1                             ; work         ;
;          |reloj_soc_NIOSII_cpu_register_bank_b_module:reloj_soc_NIOSII_cpu_register_bank_b|                                             ; 0.0 (0.0)            ; 0.0 (0.0)                        ; 0.0 (0.0)                                         ; 0.0 (0.0)                        ; 0.0 (0.0)            ; 0 (0)               ; 0 (0)                     ; 0 (0)         ; 1024              ; 1     ; 0          ; 0    ; 0            ; |reloj_soc|reloj_soc_NIOSII:niosii|reloj_soc_NIOSII_cpu:cpu|reloj_soc_NIOSII_cpu_register_bank_b_module:reloj_soc_NIOSII_cpu_register_bank_b                                                                                                                                                                                                                 ; reloj_soc_NIOSII_cpu_register_bank_b_module ; reloj_soc    ;
;             |altsyncram:the_altsyncram|                                                                                                 ; 0.0 (0.0)            ; 0.0 (0.0)                        ; 0.0 (0.0)                                         ; 0.0 (0.0)                        ; 0.0 (0.0)            ; 0 (0)               ; 0 (0)                     ; 0 (0)         ; 1024              ; 1     ; 0          ; 0    ; 0            ; |reloj_soc|reloj_soc_NIOSII:niosii|reloj_soc_NIOSII_cpu:cpu|reloj_soc_NIOSII_cpu_register_bank_b_module:reloj_soc_NIOSII_cpu_register_bank_b|altsyncram:the_altsyncram                                                                                                                                                                                       ; altsyncram                                  ; work         ;
;                |altsyncram_msi1:auto_generated|                                                                                         ; 0.0 (0.0)            ; 0.0 (0.0)                        ; 0.0 (0.0)                                         ; 0.0 (0.0)                        ; 0.0 (0.0)            ; 0 (0)               ; 0 (0)                     ; 0 (0)         ; 1024              ; 1     ; 0          ; 0    ; 0            ; |reloj_soc|reloj_soc_NIOSII:niosii|reloj_soc_NIOSII_cpu:cpu|reloj_soc_NIOSII_cpu_register_bank_b_module:reloj_soc_NIOSII_cpu_register_bank_b|altsyncram:the_altsyncram|altsyncram_msi1:auto_generated                                                                                                                                                        ; altsyncram_msi1                             ; work         ;
;    |reloj_soc_RAM:ram|                                                                                                                  ; 1.0 (1.0)            ; 1.0 (1.0)                        ; 0.0 (0.0)                                         ; 0.0 (0.0)                        ; 0.0 (0.0)            ; 2 (2)               ; 0 (0)                     ; 0 (0)         ; 65536             ; 8     ; 0          ; 0    ; 0            ; |reloj_soc|reloj_soc_RAM:ram                                                                                                                                                                                                                                                                                                                                 ; reloj_soc_RAM                               ; reloj_soc    ;
;       |altsyncram:the_altsyncram|                                                                                                       ; 0.0 (0.0)            ; 0.0 (0.0)                        ; 0.0 (0.0)                                         ; 0.0 (0.0)                        ; 0.0 (0.0)            ; 0 (0)               ; 0 (0)                     ; 0 (0)         ; 65536             ; 8     ; 0          ; 0    ; 0            ; |reloj_soc|reloj_soc_RAM:ram|altsyncram:the_altsyncram                                                                                                                                                                                                                                                                                                       ; altsyncram                                  ; work         ;
;          |altsyncram_ek82:auto_generated|                                                                                               ; 0.0 (0.0)            ; 0.0 (0.0)                        ; 0.0 (0.0)                                         ; 0.0 (0.0)                        ; 0.0 (0.0)            ; 0 (0)               ; 0 (0)                     ; 0 (0)         ; 65536             ; 8     ; 0          ; 0    ; 0            ; |reloj_soc|reloj_soc_RAM:ram|altsyncram:the_altsyncram|altsyncram_ek82:auto_generated                                                                                                                                                                                                                                                                        ; altsyncram_ek82                             ; work         ;
;    |reloj_soc_REG_BUTTON:reg_button|                                                                                                    ; 3.3 (3.3)            ; 12.1 (12.1)                      ; 8.8 (8.8)                                         ; 0.0 (0.0)                        ; 0.0 (0.0)            ; 0 (0)               ; 32 (32)                   ; 0 (0)         ; 0                 ; 0     ; 0          ; 0    ; 0            ; |reloj_soc|reloj_soc_REG_BUTTON:reg_button                                                                                                                                                                                                                                                                                                                   ; reloj_soc_REG_BUTTON                        ; reloj_soc    ;
;    |reloj_soc_REG_LEDS:reg_leds|                                                                                                        ; 7.3 (7.3)            ; 16.2 (16.2)                      ; 8.8 (8.8)                                         ; 0.0 (0.0)                        ; 0.0 (0.0)            ; 3 (3)               ; 40 (40)                   ; 0 (0)         ; 0                 ; 0     ; 0          ; 0    ; 0            ; |reloj_soc|reloj_soc_REG_LEDS:reg_leds                                                                                                                                                                                                                                                                                                                       ; reloj_soc_REG_LEDS                          ; reloj_soc    ;
;    |reloj_soc_TIMER:timer|                                                                                                              ; 36.7 (36.7)          ; 43.0 (43.0)                      ; 6.3 (6.3)                                         ; 0.0 (0.0)                        ; 0.0 (0.0)            ; 71 (71)             ; 57 (57)                   ; 0 (0)         ; 0                 ; 0     ; 0          ; 0    ; 0            ; |reloj_soc|reloj_soc_TIMER:timer                                                                                                                                                                                                                                                                                                                             ; reloj_soc_TIMER                             ; reloj_soc    ;
;    |reloj_soc_UART:uart|                                                                                                                ; 59.4 (15.3)          ; 75.2 (17.3)                      ; 15.7 (2.0)                                        ; 0.0 (0.0)                        ; 0.0 (0.0)            ; 115 (34)            ; 108 (13)                  ; 0 (0)         ; 1024              ; 2     ; 0          ; 0    ; 0            ; |reloj_soc|reloj_soc_UART:uart                                                                                                                                                                                                                                                                                                                               ; reloj_soc_UART                              ; reloj_soc    ;
;       |alt_jtag_atlantic:reloj_soc_UART_alt_jtag_atlantic|                                                                              ; 19.6 (19.6)          ; 31.2 (31.2)                      ; 11.6 (11.6)                                       ; 0.0 (0.0)                        ; 0.0 (0.0)            ; 33 (33)             ; 52 (52)                   ; 0 (0)         ; 0                 ; 0     ; 0          ; 0    ; 0            ; |reloj_soc|reloj_soc_UART:uart|alt_jtag_atlantic:reloj_soc_UART_alt_jtag_atlantic                                                                                                                                                                                                                                                                            ; alt_jtag_atlantic                           ; work         ;
;       |reloj_soc_UART_scfifo_r:the_reloj_soc_UART_scfifo_r|                                                                             ; 12.2 (0.0)           ; 13.7 (0.0)                       ; 1.4 (0.0)                                         ; 0.0 (0.0)                        ; 0.0 (0.0)            ; 24 (0)              ; 23 (0)                    ; 0 (0)         ; 512               ; 1     ; 0          ; 0    ; 0            ; |reloj_soc|reloj_soc_UART:uart|reloj_soc_UART_scfifo_r:the_reloj_soc_UART_scfifo_r                                                                                                                                                                                                                                                                           ; reloj_soc_UART_scfifo_r                     ; reloj_soc    ;
;          |scfifo:rfifo|                                                                                                                 ; 12.2 (0.0)           ; 13.7 (0.0)                       ; 1.4 (0.0)                                         ; 0.0 (0.0)                        ; 0.0 (0.0)            ; 24 (0)              ; 23 (0)                    ; 0 (0)         ; 512               ; 1     ; 0          ; 0    ; 0            ; |reloj_soc|reloj_soc_UART:uart|reloj_soc_UART_scfifo_r:the_reloj_soc_UART_scfifo_r|scfifo:rfifo                                                                                                                                                                                                                                                              ; scfifo                                      ; work         ;
;             |scfifo_3291:auto_generated|                                                                                                ; 12.2 (0.0)           ; 13.7 (0.0)                       ; 1.4 (0.0)                                         ; 0.0 (0.0)                        ; 0.0 (0.0)            ; 24 (0)              ; 23 (0)                    ; 0 (0)         ; 512               ; 1     ; 0          ; 0    ; 0            ; |reloj_soc|reloj_soc_UART:uart|reloj_soc_UART_scfifo_r:the_reloj_soc_UART_scfifo_r|scfifo:rfifo|scfifo_3291:auto_generated                                                                                                                                                                                                                                   ; scfifo_3291                                 ; work         ;
;                |a_dpfifo_5771:dpfifo|                                                                                                   ; 12.2 (0.0)           ; 13.7 (0.0)                       ; 1.4 (0.0)                                         ; 0.0 (0.0)                        ; 0.0 (0.0)            ; 24 (0)              ; 23 (0)                    ; 0 (0)         ; 512               ; 1     ; 0          ; 0    ; 0            ; |reloj_soc|reloj_soc_UART:uart|reloj_soc_UART_scfifo_r:the_reloj_soc_UART_scfifo_r|scfifo:rfifo|scfifo_3291:auto_generated|a_dpfifo_5771:dpfifo                                                                                                                                                                                                              ; a_dpfifo_5771                               ; work         ;
;                   |a_fefifo_7cf:fifo_state|                                                                                             ; 6.2 (3.2)            ; 7.7 (4.7)                        ; 1.4 (1.4)                                         ; 0.0 (0.0)                        ; 0.0 (0.0)            ; 12 (6)              ; 11 (2)                    ; 0 (0)         ; 0                 ; 0     ; 0          ; 0    ; 0            ; |reloj_soc|reloj_soc_UART:uart|reloj_soc_UART_scfifo_r:the_reloj_soc_UART_scfifo_r|scfifo:rfifo|scfifo_3291:auto_generated|a_dpfifo_5771:dpfifo|a_fefifo_7cf:fifo_state                                                                                                                                                                                      ; a_fefifo_7cf                                ; work         ;
;                      |cntr_vg7:count_usedw|                                                                                             ; 3.0 (3.0)            ; 3.0 (3.0)                        ; 0.0 (0.0)                                         ; 0.0 (0.0)                        ; 0.0 (0.0)            ; 6 (6)               ; 9 (9)                     ; 0 (0)         ; 0                 ; 0     ; 0          ; 0    ; 0            ; |reloj_soc|reloj_soc_UART:uart|reloj_soc_UART_scfifo_r:the_reloj_soc_UART_scfifo_r|scfifo:rfifo|scfifo_3291:auto_generated|a_dpfifo_5771:dpfifo|a_fefifo_7cf:fifo_state|cntr_vg7:count_usedw                                                                                                                                                                 ; cntr_vg7                                    ; work         ;
;                   |altsyncram_7pu1:FIFOram|                                                                                             ; 0.0 (0.0)            ; 0.0 (0.0)                        ; 0.0 (0.0)                                         ; 0.0 (0.0)                        ; 0.0 (0.0)            ; 0 (0)               ; 0 (0)                     ; 0 (0)         ; 512               ; 1     ; 0          ; 0    ; 0            ; |reloj_soc|reloj_soc_UART:uart|reloj_soc_UART_scfifo_r:the_reloj_soc_UART_scfifo_r|scfifo:rfifo|scfifo_3291:auto_generated|a_dpfifo_5771:dpfifo|altsyncram_7pu1:FIFOram                                                                                                                                                                                      ; altsyncram_7pu1                             ; work         ;
;                   |cntr_jgb:rd_ptr_count|                                                                                               ; 3.0 (3.0)            ; 3.0 (3.0)                        ; 0.0 (0.0)                                         ; 0.0 (0.0)                        ; 0.0 (0.0)            ; 6 (6)               ; 6 (6)                     ; 0 (0)         ; 0                 ; 0     ; 0          ; 0    ; 0            ; |reloj_soc|reloj_soc_UART:uart|reloj_soc_UART_scfifo_r:the_reloj_soc_UART_scfifo_r|scfifo:rfifo|scfifo_3291:auto_generated|a_dpfifo_5771:dpfifo|cntr_jgb:rd_ptr_count                                                                                                                                                                                        ; cntr_jgb                                    ; work         ;
;                   |cntr_jgb:wr_ptr|                                                                                                     ; 3.0 (3.0)            ; 3.0 (3.0)                        ; 0.0 (0.0)                                         ; 0.0 (0.0)                        ; 0.0 (0.0)            ; 6 (6)               ; 6 (6)                     ; 0 (0)         ; 0                 ; 0     ; 0          ; 0    ; 0            ; |reloj_soc|reloj_soc_UART:uart|reloj_soc_UART_scfifo_r:the_reloj_soc_UART_scfifo_r|scfifo:rfifo|scfifo_3291:auto_generated|a_dpfifo_5771:dpfifo|cntr_jgb:wr_ptr                                                                                                                                                                                              ; cntr_jgb                                    ; work         ;
;       |reloj_soc_UART_scfifo_w:the_reloj_soc_UART_scfifo_w|                                                                             ; 12.2 (0.0)           ; 13.0 (0.0)                       ; 0.8 (0.0)                                         ; 0.0 (0.0)                        ; 0.0 (0.0)            ; 24 (0)              ; 20 (0)                    ; 0 (0)         ; 512               ; 1     ; 0          ; 0    ; 0            ; |reloj_soc|reloj_soc_UART:uart|reloj_soc_UART_scfifo_w:the_reloj_soc_UART_scfifo_w                                                                                                                                                                                                                                                                           ; reloj_soc_UART_scfifo_w                     ; reloj_soc    ;
;          |scfifo:wfifo|                                                                                                                 ; 12.2 (0.0)           ; 13.0 (0.0)                       ; 0.8 (0.0)                                         ; 0.0 (0.0)                        ; 0.0 (0.0)            ; 24 (0)              ; 20 (0)                    ; 0 (0)         ; 512               ; 1     ; 0          ; 0    ; 0            ; |reloj_soc|reloj_soc_UART:uart|reloj_soc_UART_scfifo_w:the_reloj_soc_UART_scfifo_w|scfifo:wfifo                                                                                                                                                                                                                                                              ; scfifo                                      ; work         ;
;             |scfifo_3291:auto_generated|                                                                                                ; 12.2 (0.0)           ; 13.0 (0.0)                       ; 0.8 (0.0)                                         ; 0.0 (0.0)                        ; 0.0 (0.0)            ; 24 (0)              ; 20 (0)                    ; 0 (0)         ; 512               ; 1     ; 0          ; 0    ; 0            ; |reloj_soc|reloj_soc_UART:uart|reloj_soc_UART_scfifo_w:the_reloj_soc_UART_scfifo_w|scfifo:wfifo|scfifo_3291:auto_generated                                                                                                                                                                                                                                   ; scfifo_3291                                 ; work         ;
;                |a_dpfifo_5771:dpfifo|                                                                                                   ; 12.2 (0.0)           ; 13.0 (0.0)                       ; 0.8 (0.0)                                         ; 0.0 (0.0)                        ; 0.0 (0.0)            ; 24 (0)              ; 20 (0)                    ; 0 (0)         ; 512               ; 1     ; 0          ; 0    ; 0            ; |reloj_soc|reloj_soc_UART:uart|reloj_soc_UART_scfifo_w:the_reloj_soc_UART_scfifo_w|scfifo:wfifo|scfifo_3291:auto_generated|a_dpfifo_5771:dpfifo                                                                                                                                                                                                              ; a_dpfifo_5771                               ; work         ;
;                   |a_fefifo_7cf:fifo_state|                                                                                             ; 6.2 (3.2)            ; 7.0 (4.0)                        ; 0.8 (0.8)                                         ; 0.0 (0.0)                        ; 0.0 (0.0)            ; 12 (6)              ; 8 (2)                     ; 0 (0)         ; 0                 ; 0     ; 0          ; 0    ; 0            ; |reloj_soc|reloj_soc_UART:uart|reloj_soc_UART_scfifo_w:the_reloj_soc_UART_scfifo_w|scfifo:wfifo|scfifo_3291:auto_generated|a_dpfifo_5771:dpfifo|a_fefifo_7cf:fifo_state                                                                                                                                                                                      ; a_fefifo_7cf                                ; work         ;
;                      |cntr_vg7:count_usedw|                                                                                             ; 3.0 (3.0)            ; 3.0 (3.0)                        ; 0.0 (0.0)                                         ; 0.0 (0.0)                        ; 0.0 (0.0)            ; 6 (6)               ; 6 (6)                     ; 0 (0)         ; 0                 ; 0     ; 0          ; 0    ; 0            ; |reloj_soc|reloj_soc_UART:uart|reloj_soc_UART_scfifo_w:the_reloj_soc_UART_scfifo_w|scfifo:wfifo|scfifo_3291:auto_generated|a_dpfifo_5771:dpfifo|a_fefifo_7cf:fifo_state|cntr_vg7:count_usedw                                                                                                                                                                 ; cntr_vg7                                    ; work         ;
;                   |altsyncram_7pu1:FIFOram|                                                                                             ; 0.0 (0.0)            ; 0.0 (0.0)                        ; 0.0 (0.0)                                         ; 0.0 (0.0)                        ; 0.0 (0.0)            ; 0 (0)               ; 0 (0)                     ; 0 (0)         ; 512               ; 1     ; 0          ; 0    ; 0            ; |reloj_soc|reloj_soc_UART:uart|reloj_soc_UART_scfifo_w:the_reloj_soc_UART_scfifo_w|scfifo:wfifo|scfifo_3291:auto_generated|a_dpfifo_5771:dpfifo|altsyncram_7pu1:FIFOram                                                                                                                                                                                      ; altsyncram_7pu1                             ; work         ;
;                   |cntr_jgb:rd_ptr_count|                                                                                               ; 3.0 (3.0)            ; 3.0 (3.0)                        ; 0.0 (0.0)                                         ; 0.0 (0.0)                        ; 0.0 (0.0)            ; 6 (6)               ; 6 (6)                     ; 0 (0)         ; 0                 ; 0     ; 0          ; 0    ; 0            ; |reloj_soc|reloj_soc_UART:uart|reloj_soc_UART_scfifo_w:the_reloj_soc_UART_scfifo_w|scfifo:wfifo|scfifo_3291:auto_generated|a_dpfifo_5771:dpfifo|cntr_jgb:rd_ptr_count                                                                                                                                                                                        ; cntr_jgb                                    ; work         ;
;                   |cntr_jgb:wr_ptr|                                                                                                     ; 3.0 (3.0)            ; 3.0 (3.0)                        ; 0.0 (0.0)                                         ; 0.0 (0.0)                        ; 0.0 (0.0)            ; 6 (6)               ; 6 (6)                     ; 0 (0)         ; 0                 ; 0     ; 0          ; 0    ; 0            ; |reloj_soc|reloj_soc_UART:uart|reloj_soc_UART_scfifo_w:the_reloj_soc_UART_scfifo_w|scfifo:wfifo|scfifo_3291:auto_generated|a_dpfifo_5771:dpfifo|cntr_jgb:wr_ptr                                                                                                                                                                                              ; cntr_jgb                                    ; work         ;
;    |reloj_soc_audio_0:audio_0|                                                                                                          ; 82.5 (8.2)           ; 91.7 (12.0)                      ; 9.2 (3.8)                                         ; 0.0 (0.0)                        ; 0.0 (0.0)            ; 152 (13)            ; 130 (24)                  ; 0 (0)         ; 4096              ; 2     ; 0          ; 0    ; 0            ; |reloj_soc|reloj_soc_audio_0:audio_0                                                                                                                                                                                                                                                                                                                         ; reloj_soc_audio_0                           ; reloj_soc    ;
;       |altera_up_audio_out_serializer:Audio_Out_Serializer|                                                                             ; 73.2 (21.8)          ; 78.3 (22.7)                      ; 5.2 (0.9)                                         ; 0.0 (0.0)                        ; 0.0 (0.0)            ; 139 (43)            ; 102 (35)                  ; 0 (0)         ; 4096              ; 2     ; 0          ; 0    ; 0            ; |reloj_soc|reloj_soc_audio_0:audio_0|altera_up_audio_out_serializer:Audio_Out_Serializer                                                                                                                                                                                                                                                                     ; altera_up_audio_out_serializer              ; reloj_soc    ;
;          |altera_up_sync_fifo:Audio_Out_Left_Channel_FIFO|                                                                              ; 24.8 (0.0)           ; 28.7 (0.0)                       ; 3.8 (0.0)                                         ; 0.0 (0.0)                        ; 0.0 (0.0)            ; 48 (0)              ; 33 (0)                    ; 0 (0)         ; 2048              ; 1     ; 0          ; 0    ; 0            ; |reloj_soc|reloj_soc_audio_0:audio_0|altera_up_audio_out_serializer:Audio_Out_Serializer|altera_up_sync_fifo:Audio_Out_Left_Channel_FIFO                                                                                                                                                                                                                     ; altera_up_sync_fifo                         ; reloj_soc    ;
;             |scfifo:Sync_FIFO|                                                                                                          ; 24.8 (0.0)           ; 28.7 (0.0)                       ; 3.8 (0.0)                                         ; 0.0 (0.0)                        ; 0.0 (0.0)            ; 48 (0)              ; 33 (0)                    ; 0 (0)         ; 2048              ; 1     ; 0          ; 0    ; 0            ; |reloj_soc|reloj_soc_audio_0:audio_0|altera_up_audio_out_serializer:Audio_Out_Serializer|altera_up_sync_fifo:Audio_Out_Left_Channel_FIFO|scfifo:Sync_FIFO                                                                                                                                                                                                    ; scfifo                                      ; work         ;
;                |scfifo_9ba1:auto_generated|                                                                                             ; 24.8 (0.0)           ; 28.7 (0.0)                       ; 3.8 (0.0)                                         ; 0.0 (0.0)                        ; 0.0 (0.0)            ; 48 (0)              ; 33 (0)                    ; 0 (0)         ; 2048              ; 1     ; 0          ; 0    ; 0            ; |reloj_soc|reloj_soc_audio_0:audio_0|altera_up_audio_out_serializer:Audio_Out_Serializer|altera_up_sync_fifo:Audio_Out_Left_Channel_FIFO|scfifo:Sync_FIFO|scfifo_9ba1:auto_generated                                                                                                                                                                         ; scfifo_9ba1                                 ; work         ;
;                   |a_dpfifo_s2a1:dpfifo|                                                                                                ; 24.8 (13.5)          ; 28.7 (16.7)                      ; 3.8 (3.2)                                         ; 0.0 (0.0)                        ; 0.0 (0.0)            ; 48 (25)             ; 33 (13)                   ; 0 (0)         ; 2048              ; 1     ; 0          ; 0    ; 0            ; |reloj_soc|reloj_soc_audio_0:audio_0|altera_up_audio_out_serializer:Audio_Out_Serializer|altera_up_sync_fifo:Audio_Out_Left_Channel_FIFO|scfifo:Sync_FIFO|scfifo_9ba1:auto_generated|a_dpfifo_s2a1:dpfifo                                                                                                                                                    ; a_dpfifo_s2a1                               ; work         ;
;                      |altsyncram_r3i1:FIFOram|                                                                                          ; 0.0 (0.0)            ; 0.0 (0.0)                        ; 0.0 (0.0)                                         ; 0.0 (0.0)                        ; 0.0 (0.0)            ; 0 (0)               ; 0 (0)                     ; 0 (0)         ; 2048              ; 1     ; 0          ; 0    ; 0            ; |reloj_soc|reloj_soc_audio_0:audio_0|altera_up_audio_out_serializer:Audio_Out_Serializer|altera_up_sync_fifo:Audio_Out_Left_Channel_FIFO|scfifo:Sync_FIFO|scfifo_9ba1:auto_generated|a_dpfifo_s2a1:dpfifo|altsyncram_r3i1:FIFOram                                                                                                                            ; altsyncram_r3i1                             ; work         ;
;                      |cntr_h2b:rd_ptr_msb|                                                                                              ; 3.3 (3.3)            ; 3.5 (3.5)                        ; 0.2 (0.2)                                         ; 0.0 (0.0)                        ; 0.0 (0.0)            ; 7 (7)               ; 6 (6)                     ; 0 (0)         ; 0                 ; 0     ; 0          ; 0    ; 0            ; |reloj_soc|reloj_soc_audio_0:audio_0|altera_up_audio_out_serializer:Audio_Out_Serializer|altera_up_sync_fifo:Audio_Out_Left_Channel_FIFO|scfifo:Sync_FIFO|scfifo_9ba1:auto_generated|a_dpfifo_s2a1:dpfifo|cntr_h2b:rd_ptr_msb                                                                                                                                ; cntr_h2b                                    ; work         ;
;                      |cntr_i2b:wr_ptr|                                                                                                  ; 4.0 (4.0)            ; 4.0 (4.0)                        ; 0.0 (0.0)                                         ; 0.0 (0.0)                        ; 0.0 (0.0)            ; 8 (8)               ; 7 (7)                     ; 0 (0)         ; 0                 ; 0     ; 0          ; 0    ; 0            ; |reloj_soc|reloj_soc_audio_0:audio_0|altera_up_audio_out_serializer:Audio_Out_Serializer|altera_up_sync_fifo:Audio_Out_Left_Channel_FIFO|scfifo:Sync_FIFO|scfifo_9ba1:auto_generated|a_dpfifo_s2a1:dpfifo|cntr_i2b:wr_ptr                                                                                                                                    ; cntr_i2b                                    ; work         ;
;                      |cntr_u27:usedw_counter|                                                                                           ; 4.0 (4.0)            ; 4.5 (4.5)                        ; 0.5 (0.5)                                         ; 0.0 (0.0)                        ; 0.0 (0.0)            ; 8 (8)               ; 7 (7)                     ; 0 (0)         ; 0                 ; 0     ; 0          ; 0    ; 0            ; |reloj_soc|reloj_soc_audio_0:audio_0|altera_up_audio_out_serializer:Audio_Out_Serializer|altera_up_sync_fifo:Audio_Out_Left_Channel_FIFO|scfifo:Sync_FIFO|scfifo_9ba1:auto_generated|a_dpfifo_s2a1:dpfifo|cntr_u27:usedw_counter                                                                                                                             ; cntr_u27                                    ; work         ;
;          |altera_up_sync_fifo:Audio_Out_Right_Channel_FIFO|                                                                             ; 26.6 (0.0)           ; 27.0 (0.0)                       ; 0.4 (0.0)                                         ; 0.0 (0.0)                        ; 0.0 (0.0)            ; 48 (0)              ; 34 (0)                    ; 0 (0)         ; 2048              ; 1     ; 0          ; 0    ; 0            ; |reloj_soc|reloj_soc_audio_0:audio_0|altera_up_audio_out_serializer:Audio_Out_Serializer|altera_up_sync_fifo:Audio_Out_Right_Channel_FIFO                                                                                                                                                                                                                    ; altera_up_sync_fifo                         ; reloj_soc    ;
;             |scfifo:Sync_FIFO|                                                                                                          ; 26.6 (0.0)           ; 27.0 (0.0)                       ; 0.4 (0.0)                                         ; 0.0 (0.0)                        ; 0.0 (0.0)            ; 48 (0)              ; 34 (0)                    ; 0 (0)         ; 2048              ; 1     ; 0          ; 0    ; 0            ; |reloj_soc|reloj_soc_audio_0:audio_0|altera_up_audio_out_serializer:Audio_Out_Serializer|altera_up_sync_fifo:Audio_Out_Right_Channel_FIFO|scfifo:Sync_FIFO                                                                                                                                                                                                   ; scfifo                                      ; work         ;
;                |scfifo_9ba1:auto_generated|                                                                                             ; 26.6 (0.0)           ; 27.0 (0.0)                       ; 0.4 (0.0)                                         ; 0.0 (0.0)                        ; 0.0 (0.0)            ; 48 (0)              ; 34 (0)                    ; 0 (0)         ; 2048              ; 1     ; 0          ; 0    ; 0            ; |reloj_soc|reloj_soc_audio_0:audio_0|altera_up_audio_out_serializer:Audio_Out_Serializer|altera_up_sync_fifo:Audio_Out_Right_Channel_FIFO|scfifo:Sync_FIFO|scfifo_9ba1:auto_generated                                                                                                                                                                        ; scfifo_9ba1                                 ; work         ;
;                   |a_dpfifo_s2a1:dpfifo|                                                                                                ; 26.6 (14.7)          ; 27.0 (14.8)                      ; 0.4 (0.1)                                         ; 0.0 (0.0)                        ; 0.0 (0.0)            ; 48 (25)             ; 34 (14)                   ; 0 (0)         ; 2048              ; 1     ; 0          ; 0    ; 0            ; |reloj_soc|reloj_soc_audio_0:audio_0|altera_up_audio_out_serializer:Audio_Out_Serializer|altera_up_sync_fifo:Audio_Out_Right_Channel_FIFO|scfifo:Sync_FIFO|scfifo_9ba1:auto_generated|a_dpfifo_s2a1:dpfifo                                                                                                                                                   ; a_dpfifo_s2a1                               ; work         ;
;                      |altsyncram_r3i1:FIFOram|                                                                                          ; 0.0 (0.0)            ; 0.0 (0.0)                        ; 0.0 (0.0)                                         ; 0.0 (0.0)                        ; 0.0 (0.0)            ; 0 (0)               ; 0 (0)                     ; 0 (0)         ; 2048              ; 1     ; 0          ; 0    ; 0            ; |reloj_soc|reloj_soc_audio_0:audio_0|altera_up_audio_out_serializer:Audio_Out_Serializer|altera_up_sync_fifo:Audio_Out_Right_Channel_FIFO|scfifo:Sync_FIFO|scfifo_9ba1:auto_generated|a_dpfifo_s2a1:dpfifo|altsyncram_r3i1:FIFOram                                                                                                                           ; altsyncram_r3i1                             ; work         ;
;                      |cntr_h2b:rd_ptr_msb|                                                                                              ; 3.3 (3.3)            ; 3.5 (3.5)                        ; 0.2 (0.2)                                         ; 0.0 (0.0)                        ; 0.0 (0.0)            ; 7 (7)               ; 6 (6)                     ; 0 (0)         ; 0                 ; 0     ; 0          ; 0    ; 0            ; |reloj_soc|reloj_soc_audio_0:audio_0|altera_up_audio_out_serializer:Audio_Out_Serializer|altera_up_sync_fifo:Audio_Out_Right_Channel_FIFO|scfifo:Sync_FIFO|scfifo_9ba1:auto_generated|a_dpfifo_s2a1:dpfifo|cntr_h2b:rd_ptr_msb                                                                                                                               ; cntr_h2b                                    ; work         ;
;                      |cntr_i2b:wr_ptr|                                                                                                  ; 4.0 (4.0)            ; 4.2 (4.2)                        ; 0.2 (0.2)                                         ; 0.0 (0.0)                        ; 0.0 (0.0)            ; 8 (8)               ; 7 (7)                     ; 0 (0)         ; 0                 ; 0     ; 0          ; 0    ; 0            ; |reloj_soc|reloj_soc_audio_0:audio_0|altera_up_audio_out_serializer:Audio_Out_Serializer|altera_up_sync_fifo:Audio_Out_Right_Channel_FIFO|scfifo:Sync_FIFO|scfifo_9ba1:auto_generated|a_dpfifo_s2a1:dpfifo|cntr_i2b:wr_ptr                                                                                                                                   ; cntr_i2b                                    ; work         ;
;                      |cntr_u27:usedw_counter|                                                                                           ; 4.5 (4.5)            ; 4.5 (4.5)                        ; 0.0 (0.0)                                         ; 0.0 (0.0)                        ; 0.0 (0.0)            ; 8 (8)               ; 7 (7)                     ; 0 (0)         ; 0                 ; 0     ; 0          ; 0    ; 0            ; |reloj_soc|reloj_soc_audio_0:audio_0|altera_up_audio_out_serializer:Audio_Out_Serializer|altera_up_sync_fifo:Audio_Out_Right_Channel_FIFO|scfifo:Sync_FIFO|scfifo_9ba1:auto_generated|a_dpfifo_s2a1:dpfifo|cntr_u27:usedw_counter                                                                                                                            ; cntr_u27                                    ; work         ;
;       |altera_up_clock_edge:Bit_Clock_Edges|                                                                                            ; 0.5 (0.5)            ; 0.7 (0.7)                        ; 0.2 (0.2)                                         ; 0.0 (0.0)                        ; 0.0 (0.0)            ; 0 (0)               ; 2 (2)                     ; 0 (0)         ; 0                 ; 0     ; 0          ; 0    ; 0            ; |reloj_soc|reloj_soc_audio_0:audio_0|altera_up_clock_edge:Bit_Clock_Edges                                                                                                                                                                                                                                                                                    ; altera_up_clock_edge                        ; reloj_soc    ;
;       |altera_up_clock_edge:DAC_Left_Right_Clock_Edges|                                                                                 ; 0.7 (0.7)            ; 0.7 (0.7)                        ; 0.0 (0.0)                                         ; 0.0 (0.0)                        ; 0.0 (0.0)            ; 0 (0)               ; 2 (2)                     ; 0 (0)         ; 0                 ; 0     ; 0          ; 0    ; 0            ; |reloj_soc|reloj_soc_audio_0:audio_0|altera_up_clock_edge:DAC_Left_Right_Clock_Edges                                                                                                                                                                                                                                                                         ; altera_up_clock_edge                        ; reloj_soc    ;
;    |reloj_soc_audio_and_video_config_0:audio_and_video_config_0|                                                                        ; 126.5 (38.7)         ; 137.8 (50.0)                     ; 11.3 (11.3)                                       ; 0.0 (0.0)                        ; 0.0 (0.0)            ; 193 (58)            ; 168 (55)                  ; 0 (0)         ; 0                 ; 0     ; 0          ; 0    ; 0            ; |reloj_soc|reloj_soc_audio_and_video_config_0:audio_and_video_config_0                                                                                                                                                                                                                                                                                       ; reloj_soc_audio_and_video_config_0          ; reloj_soc    ;
;       |altera_up_av_config_auto_init:AV_Config_Auto_Init|                                                                               ; 13.1 (13.1)          ; 13.1 (13.1)                      ; 0.0 (0.0)                                         ; 0.0 (0.0)                        ; 0.0 (0.0)            ; 14 (14)             ; 28 (28)                   ; 0 (0)         ; 0                 ; 0     ; 0          ; 0    ; 0            ; |reloj_soc|reloj_soc_audio_and_video_config_0:audio_and_video_config_0|altera_up_av_config_auto_init:AV_Config_Auto_Init                                                                                                                                                                                                                                     ; altera_up_av_config_auto_init               ; reloj_soc    ;
;       |altera_up_av_config_auto_init_ob_de1_soc:Auto_Init_OB_Devices_ROM|                                                               ; 11.7 (8.0)           ; 11.7 (8.0)                       ; 0.0 (0.0)                                         ; 0.0 (0.0)                        ; 0.0 (0.0)            ; 18 (12)             ; 0 (0)                     ; 0 (0)         ; 0                 ; 0     ; 0          ; 0    ; 0            ; |reloj_soc|reloj_soc_audio_and_video_config_0:audio_and_video_config_0|altera_up_av_config_auto_init_ob_de1_soc:Auto_Init_OB_Devices_ROM                                                                                                                                                                                                                     ; altera_up_av_config_auto_init_ob_de1_soc    ; reloj_soc    ;
;          |altera_up_av_config_auto_init_ob_adv7180:Auto_Init_Video_ROM|                                                                 ; 3.3 (3.3)            ; 3.3 (3.3)                        ; 0.0 (0.0)                                         ; 0.0 (0.0)                        ; 0.0 (0.0)            ; 5 (5)               ; 0 (0)                     ; 0 (0)         ; 0                 ; 0     ; 0          ; 0    ; 0            ; |reloj_soc|reloj_soc_audio_and_video_config_0:audio_and_video_config_0|altera_up_av_config_auto_init_ob_de1_soc:Auto_Init_OB_Devices_ROM|altera_up_av_config_auto_init_ob_adv7180:Auto_Init_Video_ROM                                                                                                                                                        ; altera_up_av_config_auto_init_ob_adv7180    ; reloj_soc    ;
;          |altera_up_av_config_auto_init_ob_audio:Auto_Init_Audio_ROM|                                                                   ; 0.3 (0.3)            ; 0.3 (0.3)                        ; 0.0 (0.0)                                         ; 0.0 (0.0)                        ; 0.0 (0.0)            ; 1 (1)               ; 0 (0)                     ; 0 (0)         ; 0                 ; 0     ; 0          ; 0    ; 0            ; |reloj_soc|reloj_soc_audio_and_video_config_0:audio_and_video_config_0|altera_up_av_config_auto_init_ob_de1_soc:Auto_Init_OB_Devices_ROM|altera_up_av_config_auto_init_ob_audio:Auto_Init_Audio_ROM                                                                                                                                                          ; altera_up_av_config_auto_init_ob_audio      ; reloj_soc    ;
;       |altera_up_av_config_serial_bus_controller:Serial_Bus_Controller|                                                                 ; 63.1 (54.8)          ; 63.1 (54.8)                      ; 0.0 (0.0)                                         ; 0.0 (0.0)                        ; 0.0 (0.0)            ; 103 (87)            ; 85 (70)                   ; 0 (0)         ; 0                 ; 0     ; 0          ; 0    ; 0            ; |reloj_soc|reloj_soc_audio_and_video_config_0:audio_and_video_config_0|altera_up_av_config_serial_bus_controller:Serial_Bus_Controller                                                                                                                                                                                                                       ; altera_up_av_config_serial_bus_controller   ; reloj_soc    ;
;          |altera_up_slow_clock_generator:Serial_Config_Clock_Generator|                                                                 ; 8.2 (8.2)            ; 8.2 (8.2)                        ; 0.0 (0.0)                                         ; 0.0 (0.0)                        ; 0.0 (0.0)            ; 16 (16)             ; 15 (15)                   ; 0 (0)         ; 0                 ; 0     ; 0          ; 0    ; 0            ; |reloj_soc|reloj_soc_audio_and_video_config_0:audio_and_video_config_0|altera_up_av_config_serial_bus_controller:Serial_Bus_Controller|altera_up_slow_clock_generator:Serial_Config_Clock_Generator                                                                                                                                                          ; altera_up_slow_clock_generator              ; reloj_soc    ;
;    |reloj_soc_audio_pll_0:audio_pll_0|                                                                                                  ; 0.0 (0.0)            ; 0.0 (0.0)                        ; 0.0 (0.0)                                         ; 0.0 (0.0)                        ; 0.0 (0.0)            ; 0 (0)               ; 0 (0)                     ; 0 (0)         ; 0                 ; 0     ; 0          ; 0    ; 0            ; |reloj_soc|reloj_soc_audio_pll_0:audio_pll_0                                                                                                                                                                                                                                                                                                                 ; reloj_soc_audio_pll_0                       ; reloj_soc    ;
;       |reloj_soc_audio_pll_0_audio_pll:audio_pll|                                                                                       ; 0.0 (0.0)            ; 0.0 (0.0)                        ; 0.0 (0.0)                                         ; 0.0 (0.0)                        ; 0.0 (0.0)            ; 0 (0)               ; 0 (0)                     ; 0 (0)         ; 0                 ; 0     ; 0          ; 0    ; 0            ; |reloj_soc|reloj_soc_audio_pll_0:audio_pll_0|reloj_soc_audio_pll_0_audio_pll:audio_pll                                                                                                                                                                                                                                                                       ; reloj_soc_audio_pll_0_audio_pll             ; reloj_soc    ;
;          |altera_pll:altera_pll_i|                                                                                                      ; 0.0 (0.0)            ; 0.0 (0.0)                        ; 0.0 (0.0)                                         ; 0.0 (0.0)                        ; 0.0 (0.0)            ; 0 (0)               ; 0 (0)                     ; 0 (0)         ; 0                 ; 0     ; 0          ; 0    ; 0            ; |reloj_soc|reloj_soc_audio_pll_0:audio_pll_0|reloj_soc_audio_pll_0_audio_pll:audio_pll|altera_pll:altera_pll_i                                                                                                                                                                                                                                               ; altera_pll                                  ; work         ;
;    |reloj_soc_mm_interconnect_0:mm_interconnect_0|                                                                                      ; 165.8 (0.0)          ; 183.2 (0.0)                      ; 18.1 (0.0)                                        ; 0.7 (0.0)                        ; 0.0 (0.0)            ; 259 (0)             ; 193 (0)                   ; 0 (0)         ; 0                 ; 0     ; 0          ; 0    ; 0            ; |reloj_soc|reloj_soc_mm_interconnect_0:mm_interconnect_0                                                                                                                                                                                                                                                                                                     ; reloj_soc_mm_interconnect_0                 ; reloj_soc    ;
;       |altera_avalon_sc_fifo:audio_0_avalon_audio_slave_agent_rsp_fifo|                                                                 ; 1.5 (1.5)            ; 1.8 (1.8)                        ; 0.2 (0.2)                                         ; 0.0 (0.0)                        ; 0.0 (0.0)            ; 2 (2)               ; 3 (3)                     ; 0 (0)         ; 0                 ; 0     ; 0          ; 0    ; 0            ; |reloj_soc|reloj_soc_mm_interconnect_0:mm_interconnect_0|altera_avalon_sc_fifo:audio_0_avalon_audio_slave_agent_rsp_fifo                                                                                                                                                                                                                                     ; altera_avalon_sc_fifo                       ; reloj_soc    ;
;       |altera_avalon_sc_fifo:audio_and_video_config_0_avalon_av_config_slave_agent_rsp_fifo|                                            ; 3.1 (3.1)            ; 3.0 (3.0)                        ; 0.0 (0.0)                                         ; 0.1 (0.1)                        ; 0.0 (0.0)            ; 5 (5)               ; 2 (2)                     ; 0 (0)         ; 0                 ; 0     ; 0          ; 0    ; 0            ; |reloj_soc|reloj_soc_mm_interconnect_0:mm_interconnect_0|altera_avalon_sc_fifo:audio_and_video_config_0_avalon_av_config_slave_agent_rsp_fifo                                                                                                                                                                                                                ; altera_avalon_sc_fifo                       ; reloj_soc    ;
;       |altera_avalon_sc_fifo:niosii_debug_mem_slave_agent_rsp_fifo|                                                                     ; 3.8 (3.8)            ; 5.0 (5.0)                        ; 1.2 (1.2)                                         ; 0.0 (0.0)                        ; 0.0 (0.0)            ; 7 (7)               ; 6 (6)                     ; 0 (0)         ; 0                 ; 0     ; 0          ; 0    ; 0            ; |reloj_soc|reloj_soc_mm_interconnect_0:mm_interconnect_0|altera_avalon_sc_fifo:niosii_debug_mem_slave_agent_rsp_fifo                                                                                                                                                                                                                                         ; altera_avalon_sc_fifo                       ; reloj_soc    ;
;       |altera_avalon_sc_fifo:ram_s1_agent_rsp_fifo|                                                                                     ; 4.4 (4.4)            ; 4.4 (4.4)                        ; 0.0 (0.0)                                         ; 0.0 (0.0)                        ; 0.0 (0.0)            ; 9 (9)               ; 6 (6)                     ; 0 (0)         ; 0                 ; 0     ; 0          ; 0    ; 0            ; |reloj_soc|reloj_soc_mm_interconnect_0:mm_interconnect_0|altera_avalon_sc_fifo:ram_s1_agent_rsp_fifo                                                                                                                                                                                                                                                         ; altera_avalon_sc_fifo                       ; reloj_soc    ;
;       |altera_avalon_sc_fifo:reg_button_s1_agent_rsp_fifo|                                                                              ; 1.0 (1.0)            ; 1.0 (1.0)                        ; 0.0 (0.0)                                         ; 0.0 (0.0)                        ; 0.0 (0.0)            ; 2 (2)               ; 2 (2)                     ; 0 (0)         ; 0                 ; 0     ; 0          ; 0    ; 0            ; |reloj_soc|reloj_soc_mm_interconnect_0:mm_interconnect_0|altera_avalon_sc_fifo:reg_button_s1_agent_rsp_fifo                                                                                                                                                                                                                                                  ; altera_avalon_sc_fifo                       ; reloj_soc    ;
;       |altera_avalon_sc_fifo:reg_leds_s1_agent_rsp_fifo|                                                                                ; 1.7 (1.7)            ; 1.7 (1.7)                        ; 0.0 (0.0)                                         ; 0.0 (0.0)                        ; 0.0 (0.0)            ; 2 (2)               ; 2 (2)                     ; 0 (0)         ; 0                 ; 0     ; 0          ; 0    ; 0            ; |reloj_soc|reloj_soc_mm_interconnect_0:mm_interconnect_0|altera_avalon_sc_fifo:reg_leds_s1_agent_rsp_fifo                                                                                                                                                                                                                                                    ; altera_avalon_sc_fifo                       ; reloj_soc    ;
;       |altera_avalon_sc_fifo:timer_s1_agent_rsp_fifo|                                                                                   ; 1.8 (1.8)            ; 2.0 (2.0)                        ; 0.2 (0.2)                                         ; 0.0 (0.0)                        ; 0.0 (0.0)            ; 2 (2)               ; 2 (2)                     ; 0 (0)         ; 0                 ; 0     ; 0          ; 0    ; 0            ; |reloj_soc|reloj_soc_mm_interconnect_0:mm_interconnect_0|altera_avalon_sc_fifo:timer_s1_agent_rsp_fifo                                                                                                                                                                                                                                                       ; altera_avalon_sc_fifo                       ; reloj_soc    ;
;       |altera_avalon_sc_fifo:uart_avalon_jtag_slave_agent_rsp_fifo|                                                                     ; 1.2 (1.2)            ; 1.2 (1.2)                        ; 0.0 (0.0)                                         ; 0.0 (0.0)                        ; 0.0 (0.0)            ; 2 (2)               ; 2 (2)                     ; 0 (0)         ; 0                 ; 0     ; 0          ; 0    ; 0            ; |reloj_soc|reloj_soc_mm_interconnect_0:mm_interconnect_0|altera_avalon_sc_fifo:uart_avalon_jtag_slave_agent_rsp_fifo                                                                                                                                                                                                                                         ; altera_avalon_sc_fifo                       ; reloj_soc    ;
;       |altera_merlin_master_agent:niosii_data_master_agent|                                                                             ; 0.5 (0.5)            ; 0.5 (0.5)                        ; 0.0 (0.0)                                         ; 0.0 (0.0)                        ; 0.0 (0.0)            ; 1 (1)               ; 0 (0)                     ; 0 (0)         ; 0                 ; 0     ; 0          ; 0    ; 0            ; |reloj_soc|reloj_soc_mm_interconnect_0:mm_interconnect_0|altera_merlin_master_agent:niosii_data_master_agent                                                                                                                                                                                                                                                 ; altera_merlin_master_agent                  ; reloj_soc    ;
;       |altera_merlin_master_agent:niosii_instruction_master_agent|                                                                      ; 0.3 (0.3)            ; 0.5 (0.5)                        ; 0.2 (0.2)                                         ; 0.0 (0.0)                        ; 0.0 (0.0)            ; 1 (1)               ; 0 (0)                     ; 0 (0)         ; 0                 ; 0     ; 0          ; 0    ; 0            ; |reloj_soc|reloj_soc_mm_interconnect_0:mm_interconnect_0|altera_merlin_master_agent:niosii_instruction_master_agent                                                                                                                                                                                                                                          ; altera_merlin_master_agent                  ; reloj_soc    ;
;       |altera_merlin_master_translator:niosii_data_master_translator|                                                                   ; 5.3 (5.3)            ; 5.7 (5.7)                        ; 0.3 (0.3)                                         ; 0.0 (0.0)                        ; 0.0 (0.0)            ; 8 (8)               ; 3 (3)                     ; 0 (0)         ; 0                 ; 0     ; 0          ; 0    ; 0            ; |reloj_soc|reloj_soc_mm_interconnect_0:mm_interconnect_0|altera_merlin_master_translator:niosii_data_master_translator                                                                                                                                                                                                                                       ; altera_merlin_master_translator             ; reloj_soc    ;
;       |altera_merlin_master_translator:niosii_instruction_master_translator|                                                            ; 1.1 (1.1)            ; 1.2 (1.2)                        ; 0.2 (0.2)                                         ; 0.0 (0.0)                        ; 0.0 (0.0)            ; 2 (2)               ; 1 (1)                     ; 0 (0)         ; 0                 ; 0     ; 0          ; 0    ; 0            ; |reloj_soc|reloj_soc_mm_interconnect_0:mm_interconnect_0|altera_merlin_master_translator:niosii_instruction_master_translator                                                                                                                                                                                                                                ; altera_merlin_master_translator             ; reloj_soc    ;
;       |altera_merlin_slave_agent:audio_and_video_config_0_avalon_av_config_slave_agent|                                                 ; 1.0 (1.0)            ; 1.0 (1.0)                        ; 0.0 (0.0)                                         ; 0.0 (0.0)                        ; 0.0 (0.0)            ; 2 (2)               ; 0 (0)                     ; 0 (0)         ; 0                 ; 0     ; 0          ; 0    ; 0            ; |reloj_soc|reloj_soc_mm_interconnect_0:mm_interconnect_0|altera_merlin_slave_agent:audio_and_video_config_0_avalon_av_config_slave_agent                                                                                                                                                                                                                     ; altera_merlin_slave_agent                   ; reloj_soc    ;
;       |altera_merlin_slave_agent:niosii_debug_mem_slave_agent|                                                                          ; 0.0 (0.0)            ; 0.5 (0.5)                        ; 0.5 (0.5)                                         ; 0.0 (0.0)                        ; 0.0 (0.0)            ; 1 (1)               ; 0 (0)                     ; 0 (0)         ; 0                 ; 0     ; 0          ; 0    ; 0            ; |reloj_soc|reloj_soc_mm_interconnect_0:mm_interconnect_0|altera_merlin_slave_agent:niosii_debug_mem_slave_agent                                                                                                                                                                                                                                              ; altera_merlin_slave_agent                   ; reloj_soc    ;
;       |altera_merlin_slave_agent:reg_button_s1_agent|                                                                                   ; 0.5 (0.5)            ; 0.5 (0.5)                        ; 0.0 (0.0)                                         ; 0.0 (0.0)                        ; 0.0 (0.0)            ; 1 (1)               ; 0 (0)                     ; 0 (0)         ; 0                 ; 0     ; 0          ; 0    ; 0            ; |reloj_soc|reloj_soc_mm_interconnect_0:mm_interconnect_0|altera_merlin_slave_agent:reg_button_s1_agent                                                                                                                                                                                                                                                       ; altera_merlin_slave_agent                   ; reloj_soc    ;
;       |altera_merlin_slave_translator:audio_0_avalon_audio_slave_translator|                                                            ; 1.4 (1.4)            ; 1.8 (1.8)                        ; 0.5 (0.5)                                         ; 0.1 (0.1)                        ; 0.0 (0.0)            ; 3 (3)               ; 1 (1)                     ; 0 (0)         ; 0                 ; 0     ; 0          ; 0    ; 0            ; |reloj_soc|reloj_soc_mm_interconnect_0:mm_interconnect_0|altera_merlin_slave_translator:audio_0_avalon_audio_slave_translator                                                                                                                                                                                                                                ; altera_merlin_slave_translator              ; reloj_soc    ;
;       |altera_merlin_slave_translator:audio_and_video_config_0_avalon_av_config_slave_translator|                                       ; 1.5 (1.5)            ; 2.0 (2.0)                        ; 0.5 (0.5)                                         ; 0.0 (0.0)                        ; 0.0 (0.0)            ; 3 (3)               ; 1 (1)                     ; 0 (0)         ; 0                 ; 0     ; 0          ; 0    ; 0            ; |reloj_soc|reloj_soc_mm_interconnect_0:mm_interconnect_0|altera_merlin_slave_translator:audio_and_video_config_0_avalon_av_config_slave_translator                                                                                                                                                                                                           ; altera_merlin_slave_translator              ; reloj_soc    ;
;       |altera_merlin_slave_translator:niosii_debug_mem_slave_translator|                                                                ; 8.1 (8.1)            ; 12.5 (12.5)                      ; 4.5 (4.5)                                         ; 0.1 (0.1)                        ; 0.0 (0.0)            ; 1 (1)               ; 38 (38)                   ; 0 (0)         ; 0                 ; 0     ; 0          ; 0    ; 0            ; |reloj_soc|reloj_soc_mm_interconnect_0:mm_interconnect_0|altera_merlin_slave_translator:niosii_debug_mem_slave_translator                                                                                                                                                                                                                                    ; altera_merlin_slave_translator              ; reloj_soc    ;
;       |altera_merlin_slave_translator:ram_s1_translator|                                                                                ; 1.3 (1.3)            ; 1.3 (1.3)                        ; 0.0 (0.0)                                         ; 0.0 (0.0)                        ; 0.0 (0.0)            ; 2 (2)               ; 2 (2)                     ; 0 (0)         ; 0                 ; 0     ; 0          ; 0    ; 0            ; |reloj_soc|reloj_soc_mm_interconnect_0:mm_interconnect_0|altera_merlin_slave_translator:ram_s1_translator                                                                                                                                                                                                                                                    ; altera_merlin_slave_translator              ; reloj_soc    ;
;       |altera_merlin_slave_translator:reg_button_s1_translator|                                                                         ; 10.9 (10.9)          ; 10.9 (10.9)                      ; 0.0 (0.0)                                         ; 0.1 (0.1)                        ; 0.0 (0.0)            ; 3 (3)               ; 35 (35)                   ; 0 (0)         ; 0                 ; 0     ; 0          ; 0    ; 0            ; |reloj_soc|reloj_soc_mm_interconnect_0:mm_interconnect_0|altera_merlin_slave_translator:reg_button_s1_translator                                                                                                                                                                                                                                             ; altera_merlin_slave_translator              ; reloj_soc    ;
;       |altera_merlin_slave_translator:reg_leds_s1_translator|                                                                           ; 10.1 (10.1)          ; 14.1 (14.1)                      ; 4.0 (4.0)                                         ; 0.0 (0.0)                        ; 0.0 (0.0)            ; 5 (5)               ; 35 (35)                   ; 0 (0)         ; 0                 ; 0     ; 0          ; 0    ; 0            ; |reloj_soc|reloj_soc_mm_interconnect_0:mm_interconnect_0|altera_merlin_slave_translator:reg_leds_s1_translator                                                                                                                                                                                                                                               ; altera_merlin_slave_translator              ; reloj_soc    ;
;       |altera_merlin_slave_translator:timer_s1_translator|                                                                              ; 7.3 (7.3)            ; 7.2 (7.2)                        ; 0.1 (0.1)                                         ; 0.2 (0.2)                        ; 0.0 (0.0)            ; 5 (5)               ; 19 (19)                   ; 0 (0)         ; 0                 ; 0     ; 0          ; 0    ; 0            ; |reloj_soc|reloj_soc_mm_interconnect_0:mm_interconnect_0|altera_merlin_slave_translator:timer_s1_translator                                                                                                                                                                                                                                                  ; altera_merlin_slave_translator              ; reloj_soc    ;
;       |altera_merlin_slave_translator:uart_avalon_jtag_slave_translator|                                                                ; 8.4 (8.4)            ; 8.5 (8.5)                        ; 0.1 (0.1)                                         ; 0.0 (0.0)                        ; 0.0 (0.0)            ; 2 (2)               ; 23 (23)                   ; 0 (0)         ; 0                 ; 0     ; 0          ; 0    ; 0            ; |reloj_soc|reloj_soc_mm_interconnect_0:mm_interconnect_0|altera_merlin_slave_translator:uart_avalon_jtag_slave_translator                                                                                                                                                                                                                                    ; altera_merlin_slave_translator              ; reloj_soc    ;
;       |reloj_soc_mm_interconnect_0_cmd_demux:cmd_demux|                                                                                 ; 8.0 (8.0)            ; 8.7 (8.7)                        ; 0.7 (0.7)                                         ; 0.0 (0.0)                        ; 0.0 (0.0)            ; 10 (10)             ; 0 (0)                     ; 0 (0)         ; 0                 ; 0     ; 0          ; 0    ; 0            ; |reloj_soc|reloj_soc_mm_interconnect_0:mm_interconnect_0|reloj_soc_mm_interconnect_0_cmd_demux:cmd_demux                                                                                                                                                                                                                                                     ; reloj_soc_mm_interconnect_0_cmd_demux       ; reloj_soc    ;
;       |reloj_soc_mm_interconnect_0_cmd_demux_001:cmd_demux_001|                                                                         ; 1.5 (1.5)            ; 1.5 (1.5)                        ; 0.0 (0.0)                                         ; 0.0 (0.0)                        ; 0.0 (0.0)            ; 2 (2)               ; 0 (0)                     ; 0 (0)         ; 0                 ; 0     ; 0          ; 0    ; 0            ; |reloj_soc|reloj_soc_mm_interconnect_0:mm_interconnect_0|reloj_soc_mm_interconnect_0_cmd_demux_001:cmd_demux_001                                                                                                                                                                                                                                             ; reloj_soc_mm_interconnect_0_cmd_demux_001   ; reloj_soc    ;
;       |reloj_soc_mm_interconnect_0_cmd_demux_001:rsp_demux_003|                                                                         ; 0.5 (0.5)            ; 0.5 (0.5)                        ; 0.0 (0.0)                                         ; 0.0 (0.0)                        ; 0.0 (0.0)            ; 2 (2)               ; 0 (0)                     ; 0 (0)         ; 0                 ; 0     ; 0          ; 0    ; 0            ; |reloj_soc|reloj_soc_mm_interconnect_0:mm_interconnect_0|reloj_soc_mm_interconnect_0_cmd_demux_001:rsp_demux_003                                                                                                                                                                                                                                             ; reloj_soc_mm_interconnect_0_cmd_demux_001   ; reloj_soc    ;
;       |reloj_soc_mm_interconnect_0_cmd_demux_001:rsp_demux_004|                                                                         ; 0.7 (0.7)            ; 0.7 (0.7)                        ; 0.0 (0.0)                                         ; 0.0 (0.0)                        ; 0.0 (0.0)            ; 2 (2)               ; 0 (0)                     ; 0 (0)         ; 0                 ; 0     ; 0          ; 0    ; 0            ; |reloj_soc|reloj_soc_mm_interconnect_0:mm_interconnect_0|reloj_soc_mm_interconnect_0_cmd_demux_001:rsp_demux_004                                                                                                                                                                                                                                             ; reloj_soc_mm_interconnect_0_cmd_demux_001   ; reloj_soc    ;
;       |reloj_soc_mm_interconnect_0_cmd_mux_003:cmd_mux_003|                                                                             ; 19.2 (17.2)          ; 19.2 (17.2)                      ; 0.0 (0.0)                                         ; 0.0 (0.0)                        ; 0.0 (0.0)            ; 54 (50)             ; 5 (3)                     ; 0 (0)         ; 0                 ; 0     ; 0          ; 0    ; 0            ; |reloj_soc|reloj_soc_mm_interconnect_0:mm_interconnect_0|reloj_soc_mm_interconnect_0_cmd_mux_003:cmd_mux_003                                                                                                                                                                                                                                                 ; reloj_soc_mm_interconnect_0_cmd_mux_003     ; reloj_soc    ;
;          |altera_merlin_arbitrator:arb|                                                                                                 ; 2.0 (2.0)            ; 2.0 (2.0)                        ; 0.0 (0.0)                                         ; 0.0 (0.0)                        ; 0.0 (0.0)            ; 4 (4)               ; 2 (2)                     ; 0 (0)         ; 0                 ; 0     ; 0          ; 0    ; 0            ; |reloj_soc|reloj_soc_mm_interconnect_0:mm_interconnect_0|reloj_soc_mm_interconnect_0_cmd_mux_003:cmd_mux_003|altera_merlin_arbitrator:arb                                                                                                                                                                                                                    ; altera_merlin_arbitrator                    ; reloj_soc    ;
;       |reloj_soc_mm_interconnect_0_cmd_mux_003:cmd_mux_004|                                                                             ; 21.8 (18.8)          ; 25.3 (22.1)                      ; 3.5 (3.3)                                         ; 0.0 (0.0)                        ; 0.0 (0.0)            ; 54 (50)             ; 5 (3)                     ; 0 (0)         ; 0                 ; 0     ; 0          ; 0    ; 0            ; |reloj_soc|reloj_soc_mm_interconnect_0:mm_interconnect_0|reloj_soc_mm_interconnect_0_cmd_mux_003:cmd_mux_004                                                                                                                                                                                                                                                 ; reloj_soc_mm_interconnect_0_cmd_mux_003     ; reloj_soc    ;
;          |altera_merlin_arbitrator:arb|                                                                                                 ; 3.0 (3.0)            ; 3.2 (3.2)                        ; 0.2 (0.2)                                         ; 0.0 (0.0)                        ; 0.0 (0.0)            ; 4 (4)               ; 2 (2)                     ; 0 (0)         ; 0                 ; 0     ; 0          ; 0    ; 0            ; |reloj_soc|reloj_soc_mm_interconnect_0:mm_interconnect_0|reloj_soc_mm_interconnect_0_cmd_mux_003:cmd_mux_004|altera_merlin_arbitrator:arb                                                                                                                                                                                                                    ; altera_merlin_arbitrator                    ; reloj_soc    ;
;       |reloj_soc_mm_interconnect_0_router:router|                                                                                       ; 12.8 (12.8)          ; 14.3 (14.3)                      ; 1.5 (1.5)                                         ; 0.0 (0.0)                        ; 0.0 (0.0)            ; 21 (21)             ; 0 (0)                     ; 0 (0)         ; 0                 ; 0     ; 0          ; 0    ; 0            ; |reloj_soc|reloj_soc_mm_interconnect_0:mm_interconnect_0|reloj_soc_mm_interconnect_0_router:router                                                                                                                                                                                                                                                           ; reloj_soc_mm_interconnect_0_router          ; reloj_soc    ;
;       |reloj_soc_mm_interconnect_0_router_001:router_001|                                                                               ; 0.5 (0.5)            ; 0.5 (0.5)                        ; 0.0 (0.0)                                         ; 0.0 (0.0)                        ; 0.0 (0.0)            ; 1 (1)               ; 0 (0)                     ; 0 (0)         ; 0                 ; 0     ; 0          ; 0    ; 0            ; |reloj_soc|reloj_soc_mm_interconnect_0:mm_interconnect_0|reloj_soc_mm_interconnect_0_router_001:router_001                                                                                                                                                                                                                                                   ; reloj_soc_mm_interconnect_0_router_001      ; reloj_soc    ;
;       |reloj_soc_mm_interconnect_0_rsp_mux:rsp_mux|                                                                                     ; 23.5 (23.5)          ; 24.3 (24.3)                      ; 1.0 (1.0)                                         ; 0.2 (0.2)                        ; 0.0 (0.0)            ; 42 (42)             ; 0 (0)                     ; 0 (0)         ; 0                 ; 0     ; 0          ; 0    ; 0            ; |reloj_soc|reloj_soc_mm_interconnect_0:mm_interconnect_0|reloj_soc_mm_interconnect_0_rsp_mux:rsp_mux                                                                                                                                                                                                                                                         ; reloj_soc_mm_interconnect_0_rsp_mux         ; reloj_soc    ;
;    |sld_hub:auto_hub|                                                                                                                   ; 68.5 (0.5)           ; 83.0 (0.5)                       ; 14.5 (0.0)                                        ; 0.0 (0.0)                        ; 0.0 (0.0)            ; 113 (1)             ; 95 (0)                    ; 0 (0)         ; 0                 ; 0     ; 0          ; 0    ; 0            ; |reloj_soc|sld_hub:auto_hub                                                                                                                                                                                                                                                                                                                                  ; sld_hub                                     ; altera_sld   ;
;       |alt_sld_fab_with_jtag_input:\instrumentation_fabric_with_node_gen:fabric_gen_new_way:with_jtag_input_gen:instrumentation_fabric| ; 68.0 (0.0)           ; 82.5 (0.0)                       ; 14.5 (0.0)                                        ; 0.0 (0.0)                        ; 0.0 (0.0)            ; 112 (0)             ; 95 (0)                    ; 0 (0)         ; 0                 ; 0     ; 0          ; 0    ; 0            ; |reloj_soc|sld_hub:auto_hub|alt_sld_fab_with_jtag_input:\instrumentation_fabric_with_node_gen:fabric_gen_new_way:with_jtag_input_gen:instrumentation_fabric                                                                                                                                                                                                  ; alt_sld_fab_with_jtag_input                 ; altera_sld   ;
;          |alt_sld_fab:instrumentation_fabric|                                                                                           ; 68.0 (0.0)           ; 82.5 (0.0)                       ; 14.5 (0.0)                                        ; 0.0 (0.0)                        ; 0.0 (0.0)            ; 112 (0)             ; 95 (0)                    ; 0 (0)         ; 0                 ; 0     ; 0          ; 0    ; 0            ; |reloj_soc|sld_hub:auto_hub|alt_sld_fab_with_jtag_input:\instrumentation_fabric_with_node_gen:fabric_gen_new_way:with_jtag_input_gen:instrumentation_fabric|alt_sld_fab:instrumentation_fabric                                                                                                                                                               ; alt_sld_fab                                 ; alt_sld_fab  ;
;             |alt_sld_fab_alt_sld_fab:alt_sld_fab|                                                                                       ; 68.0 (1.2)           ; 82.5 (3.2)                       ; 14.5 (2.0)                                        ; 0.0 (0.0)                        ; 0.0 (0.0)            ; 112 (1)             ; 95 (6)                    ; 0 (0)         ; 0                 ; 0     ; 0          ; 0    ; 0            ; |reloj_soc|sld_hub:auto_hub|alt_sld_fab_with_jtag_input:\instrumentation_fabric_with_node_gen:fabric_gen_new_way:with_jtag_input_gen:instrumentation_fabric|alt_sld_fab:instrumentation_fabric|alt_sld_fab_alt_sld_fab:alt_sld_fab                                                                                                                           ; alt_sld_fab_alt_sld_fab                     ; alt_sld_fab  ;
;                |alt_sld_fab_alt_sld_fab_sldfabric:sldfabric|                                                                            ; 66.8 (0.0)           ; 79.3 (0.0)                       ; 12.5 (0.0)                                        ; 0.0 (0.0)                        ; 0.0 (0.0)            ; 111 (0)             ; 89 (0)                    ; 0 (0)         ; 0                 ; 0     ; 0          ; 0    ; 0            ; |reloj_soc|sld_hub:auto_hub|alt_sld_fab_with_jtag_input:\instrumentation_fabric_with_node_gen:fabric_gen_new_way:with_jtag_input_gen:instrumentation_fabric|alt_sld_fab:instrumentation_fabric|alt_sld_fab_alt_sld_fab:alt_sld_fab|alt_sld_fab_alt_sld_fab_sldfabric:sldfabric                                                                               ; alt_sld_fab_alt_sld_fab_sldfabric           ; alt_sld_fab  ;
;                   |sld_jtag_hub:\jtag_hub_gen:real_sld_jtag_hub|                                                                        ; 66.8 (43.9)          ; 79.3 (55.2)                      ; 12.5 (11.2)                                       ; 0.0 (0.0)                        ; 0.0 (0.0)            ; 111 (76)            ; 89 (59)                   ; 0 (0)         ; 0                 ; 0     ; 0          ; 0    ; 0            ; |reloj_soc|sld_hub:auto_hub|alt_sld_fab_with_jtag_input:\instrumentation_fabric_with_node_gen:fabric_gen_new_way:with_jtag_input_gen:instrumentation_fabric|alt_sld_fab:instrumentation_fabric|alt_sld_fab_alt_sld_fab:alt_sld_fab|alt_sld_fab_alt_sld_fab_sldfabric:sldfabric|sld_jtag_hub:\jtag_hub_gen:real_sld_jtag_hub                                  ; sld_jtag_hub                                ; work         ;
;                      |sld_rom_sr:hub_info_reg|                                                                                          ; 10.8 (10.8)          ; 10.8 (10.8)                      ; 0.0 (0.0)                                         ; 0.0 (0.0)                        ; 0.0 (0.0)            ; 16 (16)             ; 11 (11)                   ; 0 (0)         ; 0                 ; 0     ; 0          ; 0    ; 0            ; |reloj_soc|sld_hub:auto_hub|alt_sld_fab_with_jtag_input:\instrumentation_fabric_with_node_gen:fabric_gen_new_way:with_jtag_input_gen:instrumentation_fabric|alt_sld_fab:instrumentation_fabric|alt_sld_fab_alt_sld_fab:alt_sld_fab|alt_sld_fab_alt_sld_fab_sldfabric:sldfabric|sld_jtag_hub:\jtag_hub_gen:real_sld_jtag_hub|sld_rom_sr:hub_info_reg          ; sld_rom_sr                                  ; work         ;
;                      |sld_shadow_jsm:shadow_jsm|                                                                                        ; 10.9 (10.9)          ; 13.4 (13.4)                      ; 2.5 (2.5)                                         ; 0.0 (0.0)                        ; 0.0 (0.0)            ; 19 (19)             ; 19 (19)                   ; 0 (0)         ; 0                 ; 0     ; 0          ; 0    ; 0            ; |reloj_soc|sld_hub:auto_hub|alt_sld_fab_with_jtag_input:\instrumentation_fabric_with_node_gen:fabric_gen_new_way:with_jtag_input_gen:instrumentation_fabric|alt_sld_fab:instrumentation_fabric|alt_sld_fab_alt_sld_fab:alt_sld_fab|alt_sld_fab_alt_sld_fab_sldfabric:sldfabric|sld_jtag_hub:\jtag_hub_gen:real_sld_jtag_hub|sld_shadow_jsm:shadow_jsm        ; sld_shadow_jsm                              ; altera_sld   ;
+-----------------------------------------------------------------------------------------------------------------------------------------+----------------------+----------------------------------+---------------------------------------------------+----------------------------------+----------------------+---------------------+---------------------------+---------------+-------------------+-------+------------+------+--------------+--------------------------------------------------------------------------------------------------------------------------------------------------------------------------------------------------------------------------------------------------------------------------------------------------------------------------------------------------------------+---------------------------------------------+--------------+
Note: For table entries with two numbers listed, the numbers in parentheses indicate the number of resources of the given type used by the specific entity alone. The numbers listed outside of parentheses indicate the total resources of the given type used by the specific entity and all of its sub-entities in the hierarchy.


+-----------------------------------------------------------------------------------------------------------------------------------------------------------------+
; Delay Chain Summary                                                                                                                                             ;
+--------------------------------------------------+----------+----+------+------+----+------+-------+--------+------------------------+--------------------------+
; Name                                             ; Pin Type ; D1 ; D3_0 ; D3_1 ; D4 ; D5   ; D5 OE ; D5 OCT ; T11 (Postamble Gating) ; T11 (Postamble Ungating) ;
+--------------------------------------------------+----------+----+------+------+----+------+-------+--------+------------------------+--------------------------+
; audio_0_external_interface_DACDAT                ; Output   ; -- ; --   ; --   ; -- ; (0)  ; (31)  ; --     ; --                     ; --                       ;
; audio_and_video_config_0_external_interface_SCLK ; Output   ; -- ; --   ; --   ; -- ; (0)  ; (31)  ; --     ; --                     ; --                       ;
; audio_pll_0_audio_clk_clk                        ; Output   ; -- ; --   ; --   ; -- ; (0)  ; (31)  ; --     ; --                     ; --                       ;
; leds_export[0]                                   ; Output   ; -- ; --   ; --   ; -- ; (0)  ; (31)  ; --     ; --                     ; --                       ;
; leds_export[1]                                   ; Output   ; -- ; --   ; --   ; -- ; (0)  ; (31)  ; --     ; --                     ; --                       ;
; leds_export[2]                                   ; Output   ; -- ; --   ; --   ; -- ; (0)  ; (31)  ; --     ; --                     ; --                       ;
; leds_export[3]                                   ; Output   ; -- ; --   ; --   ; -- ; (0)  ; (31)  ; --     ; --                     ; --                       ;
; leds_export[4]                                   ; Output   ; -- ; --   ; --   ; -- ; (0)  ; (31)  ; --     ; --                     ; --                       ;
; leds_export[5]                                   ; Output   ; -- ; --   ; --   ; -- ; (0)  ; (31)  ; --     ; --                     ; --                       ;
; leds_export[6]                                   ; Output   ; -- ; --   ; --   ; -- ; (0)  ; (31)  ; --     ; --                     ; --                       ;
; leds_export[7]                                   ; Output   ; -- ; --   ; --   ; -- ; (0)  ; (31)  ; --     ; --                     ; --                       ;
; leds_export[8]                                   ; Output   ; -- ; --   ; --   ; -- ; (0)  ; (31)  ; --     ; --                     ; --                       ;
; leds_export[9]                                   ; Output   ; -- ; --   ; --   ; -- ; (0)  ; (31)  ; --     ; --                     ; --                       ;
; leds_export[10]                                  ; Output   ; -- ; --   ; --   ; -- ; (0)  ; (31)  ; --     ; --                     ; --                       ;
; leds_export[11]                                  ; Output   ; -- ; --   ; --   ; -- ; (0)  ; (31)  ; --     ; --                     ; --                       ;
; leds_export[12]                                  ; Output   ; -- ; --   ; --   ; -- ; (0)  ; (31)  ; --     ; --                     ; --                       ;
; leds_export[13]                                  ; Output   ; -- ; --   ; --   ; -- ; (0)  ; (31)  ; --     ; --                     ; --                       ;
; leds_export[14]                                  ; Output   ; -- ; --   ; --   ; -- ; (0)  ; (31)  ; --     ; --                     ; --                       ;
; leds_export[15]                                  ; Output   ; -- ; --   ; --   ; -- ; (0)  ; (31)  ; --     ; --                     ; --                       ;
; leds_export[16]                                  ; Output   ; -- ; --   ; --   ; -- ; (0)  ; (31)  ; --     ; --                     ; --                       ;
; leds_export[17]                                  ; Output   ; -- ; --   ; --   ; -- ; (0)  ; (31)  ; --     ; --                     ; --                       ;
; leds_export[18]                                  ; Output   ; -- ; --   ; --   ; -- ; (0)  ; (31)  ; --     ; --                     ; --                       ;
; leds_export[19]                                  ; Output   ; -- ; --   ; --   ; -- ; (0)  ; (31)  ; --     ; --                     ; --                       ;
; leds_export[20]                                  ; Output   ; -- ; --   ; --   ; -- ; (0)  ; (31)  ; --     ; --                     ; --                       ;
; leds_export[21]                                  ; Output   ; -- ; --   ; --   ; -- ; (0)  ; (31)  ; --     ; --                     ; --                       ;
; leds_export[22]                                  ; Output   ; -- ; --   ; --   ; -- ; (0)  ; (31)  ; --     ; --                     ; --                       ;
; leds_export[23]                                  ; Output   ; -- ; --   ; --   ; -- ; (0)  ; (31)  ; --     ; --                     ; --                       ;
; leds_export[24]                                  ; Output   ; -- ; --   ; --   ; -- ; (0)  ; (31)  ; --     ; --                     ; --                       ;
; leds_export[25]                                  ; Output   ; -- ; --   ; --   ; -- ; (0)  ; (31)  ; --     ; --                     ; --                       ;
; leds_export[26]                                  ; Output   ; -- ; --   ; --   ; -- ; (0)  ; (31)  ; --     ; --                     ; --                       ;
; leds_export[27]                                  ; Output   ; -- ; --   ; --   ; -- ; (0)  ; (31)  ; --     ; --                     ; --                       ;
; leds_export[28]                                  ; Output   ; -- ; --   ; --   ; -- ; (0)  ; (31)  ; --     ; --                     ; --                       ;
; leds_export[29]                                  ; Output   ; -- ; --   ; --   ; -- ; (0)  ; (31)  ; --     ; --                     ; --                       ;
; leds_export[30]                                  ; Output   ; -- ; --   ; --   ; -- ; (0)  ; (31)  ; --     ; --                     ; --                       ;
; leds_export[31]                                  ; Output   ; -- ; --   ; --   ; -- ; (0)  ; (31)  ; --     ; --                     ; --                       ;
; audio_and_video_config_0_external_interface_SDAT ; Bidir    ; -- ; (0)  ; --   ; -- ; (0)  ; (31)  ; --     ; --                     ; --                       ;
; clk_clk                                          ; Input    ; -- ; (0)  ; --   ; -- ; --   ; --    ; --     ; --                     ; --                       ;
; reset_reset_n                                    ; Input    ; -- ; (0)  ; --   ; -- ; --   ; --    ; --     ; --                     ; --                       ;
; audio_0_external_interface_DACLRCK               ; Input    ; -- ; (0)  ; --   ; -- ; --   ; --    ; --     ; --                     ; --                       ;
; audio_0_external_interface_BCLK                  ; Input    ; -- ; (0)  ; --   ; -- ; --   ; --    ; --     ; --                     ; --                       ;
; buttons_export[0]                                ; Input    ; -- ; --   ; (0)  ; -- ; --   ; --    ; --     ; --                     ; --                       ;
; buttons_export[1]                                ; Input    ; -- ; (0)  ; --   ; -- ; --   ; --    ; --     ; --                     ; --                       ;
; buttons_export[2]                                ; Input    ; -- ; --   ; (0)  ; -- ; --   ; --    ; --     ; --                     ; --                       ;
; buttons_export[3]                                ; Input    ; -- ; (0)  ; --   ; -- ; --   ; --    ; --     ; --                     ; --                       ;
; buttons_export[4]                                ; Input    ; -- ; (0)  ; --   ; -- ; --   ; --    ; --     ; --                     ; --                       ;
; buttons_export[5]                                ; Input    ; -- ; --   ; (0)  ; -- ; --   ; --    ; --     ; --                     ; --                       ;
; buttons_export[6]                                ; Input    ; -- ; --   ; (0)  ; -- ; --   ; --    ; --     ; --                     ; --                       ;
; buttons_export[7]                                ; Input    ; -- ; (0)  ; --   ; -- ; --   ; --    ; --     ; --                     ; --                       ;
; buttons_export[8]                                ; Input    ; -- ; --   ; (0)  ; -- ; --   ; --    ; --     ; --                     ; --                       ;
; buttons_export[9]                                ; Input    ; -- ; --   ; (0)  ; -- ; --   ; --    ; --     ; --                     ; --                       ;
; buttons_export[10]                               ; Input    ; -- ; (0)  ; --   ; -- ; --   ; --    ; --     ; --                     ; --                       ;
; buttons_export[11]                               ; Input    ; -- ; (0)  ; --   ; -- ; --   ; --    ; --     ; --                     ; --                       ;
; buttons_export[12]                               ; Input    ; -- ; (0)  ; --   ; -- ; --   ; --    ; --     ; --                     ; --                       ;
; buttons_export[13]                               ; Input    ; -- ; (0)  ; --   ; -- ; --   ; --    ; --     ; --                     ; --                       ;
; buttons_export[14]                               ; Input    ; -- ; (0)  ; --   ; -- ; --   ; --    ; --     ; --                     ; --                       ;
; buttons_export[15]                               ; Input    ; -- ; (0)  ; --   ; -- ; --   ; --    ; --     ; --                     ; --                       ;
; buttons_export[16]                               ; Input    ; -- ; (0)  ; --   ; -- ; --   ; --    ; --     ; --                     ; --                       ;
; buttons_export[17]                               ; Input    ; -- ; (0)  ; --   ; -- ; --   ; --    ; --     ; --                     ; --                       ;
; buttons_export[18]                               ; Input    ; -- ; (0)  ; --   ; -- ; --   ; --    ; --     ; --                     ; --                       ;
; buttons_export[19]                               ; Input    ; -- ; --   ; (0)  ; -- ; --   ; --    ; --     ; --                     ; --                       ;
; buttons_export[20]                               ; Input    ; -- ; (0)  ; --   ; -- ; --   ; --    ; --     ; --                     ; --                       ;
; buttons_export[21]                               ; Input    ; -- ; (0)  ; --   ; -- ; --   ; --    ; --     ; --                     ; --                       ;
; buttons_export[22]                               ; Input    ; -- ; --   ; (0)  ; -- ; --   ; --    ; --     ; --                     ; --                       ;
; buttons_export[23]                               ; Input    ; -- ; --   ; (0)  ; -- ; --   ; --    ; --     ; --                     ; --                       ;
; buttons_export[24]                               ; Input    ; -- ; (0)  ; --   ; -- ; --   ; --    ; --     ; --                     ; --                       ;
; buttons_export[25]                               ; Input    ; -- ; (0)  ; --   ; -- ; --   ; --    ; --     ; --                     ; --                       ;
; buttons_export[26]                               ; Input    ; -- ; (0)  ; --   ; -- ; --   ; --    ; --     ; --                     ; --                       ;
; buttons_export[27]                               ; Input    ; -- ; --   ; (0)  ; -- ; --   ; --    ; --     ; --                     ; --                       ;
; buttons_export[28]                               ; Input    ; -- ; (0)  ; --   ; -- ; --   ; --    ; --     ; --                     ; --                       ;
; buttons_export[29]                               ; Input    ; -- ; --   ; (0)  ; -- ; --   ; --    ; --     ; --                     ; --                       ;
; buttons_export[30]                               ; Input    ; -- ; --   ; (0)  ; -- ; --   ; --    ; --     ; --                     ; --                       ;
; buttons_export[31]                               ; Input    ; -- ; (0)  ; --   ; -- ; --   ; --    ; --     ; --                     ; --                       ;
+--------------------------------------------------+----------+----+------+------+----+------+-------+--------+------------------------+--------------------------+


+-----------------------------------------------------------------------------------------------------------------------------------------------------------------------------+
; Pad To Core Delay Chain Fanout                                                                                                                                              ;
+-----------------------------------------------------------------------------------------------------------------------------------------------+-------------------+---------+
; Source Pin / Fanout                                                                                                                           ; Pad To Core Index ; Setting ;
+-----------------------------------------------------------------------------------------------------------------------------------------------+-------------------+---------+
; audio_and_video_config_0_external_interface_SDAT                                                                                              ;                   ;         ;
;      - reloj_soc_audio_and_video_config_0:audio_and_video_config_0|altera_up_av_config_serial_bus_controller:Serial_Bus_Controller|new_data~0 ; 0                 ; 0       ;
; clk_clk                                                                                                                                       ;                   ;         ;
; reset_reset_n                                                                                                                                 ;                   ;         ;
;      - altera_reset_controller:rst_controller|altera_reset_synchronizer:alt_rst_sync_uq1|altera_reset_synchronizer_int_chain_out              ; 0                 ; 0       ;
;      - altera_reset_controller:rst_controller|altera_reset_synchronizer:alt_rst_sync_uq1|altera_reset_synchronizer_int_chain[0]               ; 0                 ; 0       ;
;      - altera_reset_controller:rst_controller|altera_reset_synchronizer:alt_rst_sync_uq1|altera_reset_synchronizer_int_chain[1]               ; 0                 ; 0       ;
;      - reloj_soc_audio_pll_0:audio_pll_0|reloj_soc_audio_pll_0_audio_pll:audio_pll|altera_pll:altera_pll_i|general[0].gpll~FRACTIONAL_PLL     ; 0                 ; 0       ;
; audio_0_external_interface_DACLRCK                                                                                                            ;                   ;         ;
;      - reloj_soc_audio_0:audio_0|altera_up_clock_edge:DAC_Left_Right_Clock_Edges|cur_test_clk                                                 ; 0                 ; 0       ;
; audio_0_external_interface_BCLK                                                                                                               ;                   ;         ;
;      - reloj_soc_audio_0:audio_0|altera_up_clock_edge:Bit_Clock_Edges|cur_test_clk                                                            ; 0                 ; 0       ;
; buttons_export[0]                                                                                                                             ;                   ;         ;
;      - reloj_soc_REG_BUTTON:reg_button|readdata[0]                                                                                            ; 1                 ; 0       ;
; buttons_export[1]                                                                                                                             ;                   ;         ;
;      - reloj_soc_REG_BUTTON:reg_button|readdata[1]                                                                                            ; 0                 ; 0       ;
; buttons_export[2]                                                                                                                             ;                   ;         ;
;      - reloj_soc_REG_BUTTON:reg_button|readdata[2]~feeder                                                                                     ; 1                 ; 0       ;
; buttons_export[3]                                                                                                                             ;                   ;         ;
;      - reloj_soc_REG_BUTTON:reg_button|readdata[3]                                                                                            ; 0                 ; 0       ;
; buttons_export[4]                                                                                                                             ;                   ;         ;
;      - reloj_soc_REG_BUTTON:reg_button|readdata[4]~feeder                                                                                     ; 0                 ; 0       ;
; buttons_export[5]                                                                                                                             ;                   ;         ;
;      - reloj_soc_REG_BUTTON:reg_button|readdata[5]~feeder                                                                                     ; 1                 ; 0       ;
; buttons_export[6]                                                                                                                             ;                   ;         ;
;      - reloj_soc_REG_BUTTON:reg_button|readdata[6]                                                                                            ; 1                 ; 0       ;
; buttons_export[7]                                                                                                                             ;                   ;         ;
;      - reloj_soc_REG_BUTTON:reg_button|readdata[7]                                                                                            ; 0                 ; 0       ;
; buttons_export[8]                                                                                                                             ;                   ;         ;
;      - reloj_soc_REG_BUTTON:reg_button|readdata[8]                                                                                            ; 1                 ; 0       ;
; buttons_export[9]                                                                                                                             ;                   ;         ;
;      - reloj_soc_REG_BUTTON:reg_button|readdata[9]                                                                                            ; 1                 ; 0       ;
; buttons_export[10]                                                                                                                            ;                   ;         ;
;      - reloj_soc_REG_BUTTON:reg_button|readdata[10]                                                                                           ; 0                 ; 0       ;
; buttons_export[11]                                                                                                                            ;                   ;         ;
;      - reloj_soc_REG_BUTTON:reg_button|readdata[11]                                                                                           ; 0                 ; 0       ;
; buttons_export[12]                                                                                                                            ;                   ;         ;
;      - reloj_soc_REG_BUTTON:reg_button|readdata[12]~feeder                                                                                    ; 0                 ; 0       ;
; buttons_export[13]                                                                                                                            ;                   ;         ;
;      - reloj_soc_REG_BUTTON:reg_button|readdata[13]~feeder                                                                                    ; 0                 ; 0       ;
; buttons_export[14]                                                                                                                            ;                   ;         ;
;      - reloj_soc_REG_BUTTON:reg_button|readdata[14]                                                                                           ; 0                 ; 0       ;
; buttons_export[15]                                                                                                                            ;                   ;         ;
;      - reloj_soc_REG_BUTTON:reg_button|readdata[15]                                                                                           ; 0                 ; 0       ;
; buttons_export[16]                                                                                                                            ;                   ;         ;
;      - reloj_soc_REG_BUTTON:reg_button|readdata[16]                                                                                           ; 0                 ; 0       ;
; buttons_export[17]                                                                                                                            ;                   ;         ;
;      - reloj_soc_REG_BUTTON:reg_button|readdata[17]                                                                                           ; 0                 ; 0       ;
; buttons_export[18]                                                                                                                            ;                   ;         ;
;      - reloj_soc_REG_BUTTON:reg_button|readdata[18]                                                                                           ; 0                 ; 0       ;
; buttons_export[19]                                                                                                                            ;                   ;         ;
;      - reloj_soc_REG_BUTTON:reg_button|readdata[19]                                                                                           ; 1                 ; 0       ;
; buttons_export[20]                                                                                                                            ;                   ;         ;
;      - reloj_soc_REG_BUTTON:reg_button|readdata[20]                                                                                           ; 0                 ; 0       ;
; buttons_export[21]                                                                                                                            ;                   ;         ;
;      - reloj_soc_REG_BUTTON:reg_button|readdata[21]~feeder                                                                                    ; 0                 ; 0       ;
; buttons_export[22]                                                                                                                            ;                   ;         ;
;      - reloj_soc_REG_BUTTON:reg_button|readdata[22]                                                                                           ; 1                 ; 0       ;
; buttons_export[23]                                                                                                                            ;                   ;         ;
;      - reloj_soc_REG_BUTTON:reg_button|readdata[23]~feeder                                                                                    ; 1                 ; 0       ;
; buttons_export[24]                                                                                                                            ;                   ;         ;
;      - reloj_soc_REG_BUTTON:reg_button|readdata[24]                                                                                           ; 0                 ; 0       ;
; buttons_export[25]                                                                                                                            ;                   ;         ;
;      - reloj_soc_REG_BUTTON:reg_button|readdata[25]                                                                                           ; 0                 ; 0       ;
; buttons_export[26]                                                                                                                            ;                   ;         ;
;      - reloj_soc_REG_BUTTON:reg_button|readdata[26]                                                                                           ; 0                 ; 0       ;
; buttons_export[27]                                                                                                                            ;                   ;         ;
;      - reloj_soc_REG_BUTTON:reg_button|readdata[27]                                                                                           ; 1                 ; 0       ;
; buttons_export[28]                                                                                                                            ;                   ;         ;
;      - reloj_soc_REG_BUTTON:reg_button|readdata[28]                                                                                           ; 0                 ; 0       ;
; buttons_export[29]                                                                                                                            ;                   ;         ;
;      - reloj_soc_REG_BUTTON:reg_button|readdata[29]~feeder                                                                                    ; 1                 ; 0       ;
; buttons_export[30]                                                                                                                            ;                   ;         ;
;      - reloj_soc_REG_BUTTON:reg_button|readdata[30]                                                                                           ; 1                 ; 0       ;
; buttons_export[31]                                                                                                                            ;                   ;         ;
;      - reloj_soc_REG_BUTTON:reg_button|readdata[31]~feeder                                                                                    ; 0                 ; 0       ;
+-----------------------------------------------------------------------------------------------------------------------------------------------+-------------------+---------+


+---------------------------------------------------------------------------------------------------------------------------------------------------------------------------------------------------------------------------------------------------------------------------------------------------------------------------------------------------------------------------------------------------------------------------------------------------------------------------------------------------------+
; Control Signals                                                                                                                                                                                                                                                                                                                                                                                                                                                                                         ;
+------------------------------------------------------------------------------------------------------------------------------------------------------------------------------------------------------------------------------------------------------------------------------------------------------------------------------------------------------------+----------------------+---------+----------------------------+--------+----------------------+------------------+---------------------------+
; Name                                                                                                                                                                                                                                                                                                                                                       ; Location             ; Fan-Out ; Usage                      ; Global ; Global Resource Used ; Global Line Name ; Enable Signal Source Name ;
+------------------------------------------------------------------------------------------------------------------------------------------------------------------------------------------------------------------------------------------------------------------------------------------------------------------------------------------------------------+----------------------+---------+----------------------------+--------+----------------------+------------------+---------------------------+
; altera_internal_jtag~TCKUTAP                                                                                                                                                                                                                                                                                                                               ; JTAG_X0_Y2_N3        ; 181     ; Clock                      ; no     ; --                   ; --               ; --                        ;
; altera_internal_jtag~TMSUTAP                                                                                                                                                                                                                                                                                                                               ; JTAG_X0_Y2_N3        ; 28      ; Sync. clear                ; no     ; --                   ; --               ; --                        ;
; altera_reset_controller:rst_controller|r_early_rst                                                                                                                                                                                                                                                                                                         ; FF_X8_Y7_N22         ; 9       ; Clock enable               ; no     ; --                   ; --               ; --                        ;
; altera_reset_controller:rst_controller|r_sync_rst                                                                                                                                                                                                                                                                                                          ; FF_X8_Y7_N29         ; 776     ; Async. clear, Sync. clear  ; no     ; --                   ; --               ; --                        ;
; clk_clk                                                                                                                                                                                                                                                                                                                                                    ; PIN_AF14             ; 1285    ; Clock                      ; yes    ; Global Clock         ; GCLK4            ; --                        ;
; reloj_soc_NIOSII:niosii|reloj_soc_NIOSII_cpu:cpu|D_ctrl_mem8~1                                                                                                                                                                                                                                                                                             ; LABCELL_X16_Y7_N15   ; 20      ; Sync. load                 ; no     ; --                   ; --               ; --                        ;
; reloj_soc_NIOSII:niosii|reloj_soc_NIOSII_cpu:cpu|D_iw[2]                                                                                                                                                                                                                                                                                                   ; FF_X17_Y6_N14        ; 35      ; Sync. clear                ; no     ; --                   ; --               ; --                        ;
; reloj_soc_NIOSII:niosii|reloj_soc_NIOSII_cpu:cpu|E_alu_result~1                                                                                                                                                                                                                                                                                            ; LABCELL_X22_Y6_N48   ; 32      ; Sync. clear                ; no     ; --                   ; --               ; --                        ;
; reloj_soc_NIOSII:niosii|reloj_soc_NIOSII_cpu:cpu|E_new_inst                                                                                                                                                                                                                                                                                                ; FF_X17_Y7_N56        ; 53      ; Sync. load                 ; no     ; --                   ; --               ; --                        ;
; reloj_soc_NIOSII:niosii|reloj_soc_NIOSII_cpu:cpu|E_src1[0]~0                                                                                                                                                                                                                                                                                               ; MLABCELL_X25_Y5_N33  ; 20      ; Sync. clear                ; no     ; --                   ; --               ; --                        ;
; reloj_soc_NIOSII:niosii|reloj_soc_NIOSII_cpu:cpu|E_src2[14]~0                                                                                                                                                                                                                                                                                              ; LABCELL_X19_Y7_N9    ; 11      ; Sync. clear                ; no     ; --                   ; --               ; --                        ;
; reloj_soc_NIOSII:niosii|reloj_soc_NIOSII_cpu:cpu|E_st_data[23]~0                                                                                                                                                                                                                                                                                           ; LABCELL_X16_Y7_N12   ; 8       ; Sync. load                 ; no     ; --                   ; --               ; --                        ;
; reloj_soc_NIOSII:niosii|reloj_soc_NIOSII_cpu:cpu|E_valid_from_R                                                                                                                                                                                                                                                                                            ; FF_X15_Y9_N8         ; 10      ; Clock enable               ; no     ; --                   ; --               ; --                        ;
; reloj_soc_NIOSII:niosii|reloj_soc_NIOSII_cpu:cpu|F_valid~0                                                                                                                                                                                                                                                                                                 ; LABCELL_X17_Y8_N6    ; 34      ; Clock enable               ; no     ; --                   ; --               ; --                        ;
; reloj_soc_NIOSII:niosii|reloj_soc_NIOSII_cpu:cpu|R_ctrl_exception                                                                                                                                                                                                                                                                                          ; FF_X23_Y5_N26        ; 17      ; Sync. clear, Sync. load    ; no     ; --                   ; --               ; --                        ;
; reloj_soc_NIOSII:niosii|reloj_soc_NIOSII_cpu:cpu|R_src2_hi~1                                                                                                                                                                                                                                                                                               ; LABCELL_X19_Y7_N42   ; 16      ; Sync. clear                ; no     ; --                   ; --               ; --                        ;
; reloj_soc_NIOSII:niosii|reloj_soc_NIOSII_cpu:cpu|R_src2_use_imm                                                                                                                                                                                                                                                                                            ; FF_X24_Y4_N47        ; 28      ; Sync. load                 ; no     ; --                   ; --               ; --                        ;
; reloj_soc_NIOSII:niosii|reloj_soc_NIOSII_cpu:cpu|W_ienable_reg_nxt~0                                                                                                                                                                                                                                                                                       ; MLABCELL_X21_Y8_N3   ; 3       ; Clock enable               ; no     ; --                   ; --               ; --                        ;
; reloj_soc_NIOSII:niosii|reloj_soc_NIOSII_cpu:cpu|W_rf_wren                                                                                                                                                                                                                                                                                                 ; LABCELL_X23_Y4_N45   ; 2       ; Clock enable, Write enable ; no     ; --                   ; --               ; --                        ;
; reloj_soc_NIOSII:niosii|reloj_soc_NIOSII_cpu:cpu|W_valid                                                                                                                                                                                                                                                                                                   ; FF_X15_Y9_N32        ; 16      ; Clock enable               ; no     ; --                   ; --               ; --                        ;
; reloj_soc_NIOSII:niosii|reloj_soc_NIOSII_cpu:cpu|av_ld_aligning_data                                                                                                                                                                                                                                                                                       ; FF_X17_Y7_N14        ; 54      ; Sync. load                 ; no     ; --                   ; --               ; --                        ;
; reloj_soc_NIOSII:niosii|reloj_soc_NIOSII_cpu:cpu|av_ld_byte0_data[0]~0                                                                                                                                                                                                                                                                                     ; LABCELL_X17_Y7_N33   ; 9       ; Clock enable               ; no     ; --                   ; --               ; --                        ;
; reloj_soc_NIOSII:niosii|reloj_soc_NIOSII_cpu:cpu|av_ld_byte1_data_en~0                                                                                                                                                                                                                                                                                     ; LABCELL_X17_Y7_N45   ; 9       ; Clock enable               ; no     ; --                   ; --               ; --                        ;
; reloj_soc_NIOSII:niosii|reloj_soc_NIOSII_cpu:cpu|av_ld_rshift8~0                                                                                                                                                                                                                                                                                           ; LABCELL_X17_Y7_N30   ; 16      ; Clock enable, Sync. load   ; no     ; --                   ; --               ; --                        ;
; reloj_soc_NIOSII:niosii|reloj_soc_NIOSII_cpu:cpu|hbreak_req~0                                                                                                                                                                                                                                                                                              ; LABCELL_X17_Y6_N3    ; 23      ; Sync. clear                ; no     ; --                   ; --               ; --                        ;
; reloj_soc_NIOSII:niosii|reloj_soc_NIOSII_cpu:cpu|reloj_soc_NIOSII_cpu_nios2_oci:the_reloj_soc_NIOSII_cpu_nios2_oci|address[8]                                                                                                                                                                                                                              ; FF_X22_Y5_N47        ; 34      ; Sync. load                 ; no     ; --                   ; --               ; --                        ;
; reloj_soc_NIOSII:niosii|reloj_soc_NIOSII_cpu:cpu|reloj_soc_NIOSII_cpu_nios2_oci:the_reloj_soc_NIOSII_cpu_nios2_oci|reloj_soc_NIOSII_cpu_debug_slave_wrapper:the_reloj_soc_NIOSII_cpu_debug_slave_wrapper|reloj_soc_NIOSII_cpu_debug_slave_sysclk:the_reloj_soc_NIOSII_cpu_debug_slave_sysclk|jxuir                                                         ; FF_X8_Y4_N37         ; 2       ; Clock enable               ; no     ; --                   ; --               ; --                        ;
; reloj_soc_NIOSII:niosii|reloj_soc_NIOSII_cpu:cpu|reloj_soc_NIOSII_cpu_nios2_oci:the_reloj_soc_NIOSII_cpu_nios2_oci|reloj_soc_NIOSII_cpu_debug_slave_wrapper:the_reloj_soc_NIOSII_cpu_debug_slave_wrapper|reloj_soc_NIOSII_cpu_debug_slave_sysclk:the_reloj_soc_NIOSII_cpu_debug_slave_sysclk|take_action_ocimem_a                                          ; LABCELL_X7_Y4_N24    ; 14      ; Sync. load                 ; no     ; --                   ; --               ; --                        ;
; reloj_soc_NIOSII:niosii|reloj_soc_NIOSII_cpu:cpu|reloj_soc_NIOSII_cpu_nios2_oci:the_reloj_soc_NIOSII_cpu_nios2_oci|reloj_soc_NIOSII_cpu_debug_slave_wrapper:the_reloj_soc_NIOSII_cpu_debug_slave_wrapper|reloj_soc_NIOSII_cpu_debug_slave_sysclk:the_reloj_soc_NIOSII_cpu_debug_slave_sysclk|take_action_ocimem_a~0                                        ; MLABCELL_X8_Y4_N39   ; 14      ; Clock enable               ; no     ; --                   ; --               ; --                        ;
; reloj_soc_NIOSII:niosii|reloj_soc_NIOSII_cpu:cpu|reloj_soc_NIOSII_cpu_nios2_oci:the_reloj_soc_NIOSII_cpu_nios2_oci|reloj_soc_NIOSII_cpu_debug_slave_wrapper:the_reloj_soc_NIOSII_cpu_debug_slave_wrapper|reloj_soc_NIOSII_cpu_debug_slave_sysclk:the_reloj_soc_NIOSII_cpu_debug_slave_sysclk|take_action_ocimem_b                                          ; LABCELL_X9_Y5_N57    ; 38      ; Clock enable, Sync. load   ; no     ; --                   ; --               ; --                        ;
; reloj_soc_NIOSII:niosii|reloj_soc_NIOSII_cpu:cpu|reloj_soc_NIOSII_cpu_nios2_oci:the_reloj_soc_NIOSII_cpu_nios2_oci|reloj_soc_NIOSII_cpu_debug_slave_wrapper:the_reloj_soc_NIOSII_cpu_debug_slave_wrapper|reloj_soc_NIOSII_cpu_debug_slave_sysclk:the_reloj_soc_NIOSII_cpu_debug_slave_sysclk|update_jdo_strobe                                             ; FF_X2_Y4_N59         ; 39      ; Clock enable               ; no     ; --                   ; --               ; --                        ;
; reloj_soc_NIOSII:niosii|reloj_soc_NIOSII_cpu:cpu|reloj_soc_NIOSII_cpu_nios2_oci:the_reloj_soc_NIOSII_cpu_nios2_oci|reloj_soc_NIOSII_cpu_debug_slave_wrapper:the_reloj_soc_NIOSII_cpu_debug_slave_wrapper|reloj_soc_NIOSII_cpu_debug_slave_tck:the_reloj_soc_NIOSII_cpu_debug_slave_tck|sr[22]~19                                                           ; MLABCELL_X6_Y2_N21   ; 18      ; Clock enable               ; no     ; --                   ; --               ; --                        ;
; reloj_soc_NIOSII:niosii|reloj_soc_NIOSII_cpu:cpu|reloj_soc_NIOSII_cpu_nios2_oci:the_reloj_soc_NIOSII_cpu_nios2_oci|reloj_soc_NIOSII_cpu_debug_slave_wrapper:the_reloj_soc_NIOSII_cpu_debug_slave_wrapper|reloj_soc_NIOSII_cpu_debug_slave_tck:the_reloj_soc_NIOSII_cpu_debug_slave_tck|sr[22]~21                                                           ; MLABCELL_X3_Y4_N48   ; 16      ; Sync. clear                ; no     ; --                   ; --               ; --                        ;
; reloj_soc_NIOSII:niosii|reloj_soc_NIOSII_cpu:cpu|reloj_soc_NIOSII_cpu_nios2_oci:the_reloj_soc_NIOSII_cpu_nios2_oci|reloj_soc_NIOSII_cpu_debug_slave_wrapper:the_reloj_soc_NIOSII_cpu_debug_slave_wrapper|reloj_soc_NIOSII_cpu_debug_slave_tck:the_reloj_soc_NIOSII_cpu_debug_slave_tck|sr[37]~15                                                           ; MLABCELL_X3_Y4_N0    ; 2       ; Clock enable               ; no     ; --                   ; --               ; --                        ;
; reloj_soc_NIOSII:niosii|reloj_soc_NIOSII_cpu:cpu|reloj_soc_NIOSII_cpu_nios2_oci:the_reloj_soc_NIOSII_cpu_nios2_oci|reloj_soc_NIOSII_cpu_debug_slave_wrapper:the_reloj_soc_NIOSII_cpu_debug_slave_wrapper|reloj_soc_NIOSII_cpu_debug_slave_tck:the_reloj_soc_NIOSII_cpu_debug_slave_tck|sr[4]~10                                                            ; LABCELL_X4_Y3_N45    ; 13      ; Clock enable               ; no     ; --                   ; --               ; --                        ;
; reloj_soc_NIOSII:niosii|reloj_soc_NIOSII_cpu:cpu|reloj_soc_NIOSII_cpu_nios2_oci:the_reloj_soc_NIOSII_cpu_nios2_oci|reloj_soc_NIOSII_cpu_debug_slave_wrapper:the_reloj_soc_NIOSII_cpu_debug_slave_wrapper|reloj_soc_NIOSII_cpu_debug_slave_tck:the_reloj_soc_NIOSII_cpu_debug_slave_tck|sr[4]~9                                                             ; MLABCELL_X6_Y2_N42   ; 13      ; Sync. clear                ; no     ; --                   ; --               ; --                        ;
; reloj_soc_NIOSII:niosii|reloj_soc_NIOSII_cpu:cpu|reloj_soc_NIOSII_cpu_nios2_oci:the_reloj_soc_NIOSII_cpu_nios2_oci|reloj_soc_NIOSII_cpu_debug_slave_wrapper:the_reloj_soc_NIOSII_cpu_debug_slave_wrapper|sld_virtual_jtag_basic:reloj_soc_NIOSII_cpu_debug_slave_phy|virtual_state_uir                                                                     ; LABCELL_X2_Y4_N3     ; 4       ; Clock enable               ; no     ; --                   ; --               ; --                        ;
; reloj_soc_NIOSII:niosii|reloj_soc_NIOSII_cpu:cpu|reloj_soc_NIOSII_cpu_nios2_oci:the_reloj_soc_NIOSII_cpu_nios2_oci|reloj_soc_NIOSII_cpu_nios2_avalon_reg:the_reloj_soc_NIOSII_cpu_nios2_avalon_reg|take_action_oci_intr_mask_reg~0                                                                                                                         ; MLABCELL_X8_Y5_N18   ; 5       ; Clock enable               ; no     ; --                   ; --               ; --                        ;
; reloj_soc_NIOSII:niosii|reloj_soc_NIOSII_cpu:cpu|reloj_soc_NIOSII_cpu_nios2_oci:the_reloj_soc_NIOSII_cpu_nios2_oci|reloj_soc_NIOSII_cpu_nios2_oci_break:the_reloj_soc_NIOSII_cpu_nios2_oci_break|break_readreg[2]~0                                                                                                                                        ; MLABCELL_X8_Y4_N57   ; 33      ; Clock enable               ; no     ; --                   ; --               ; --                        ;
; reloj_soc_NIOSII:niosii|reloj_soc_NIOSII_cpu:cpu|reloj_soc_NIOSII_cpu_nios2_oci:the_reloj_soc_NIOSII_cpu_nios2_oci|reloj_soc_NIOSII_cpu_nios2_oci_break:the_reloj_soc_NIOSII_cpu_nios2_oci_break|break_readreg[2]~1                                                                                                                                        ; LABCELL_X7_Y2_N9     ; 32      ; Sync. clear                ; no     ; --                   ; --               ; --                        ;
; reloj_soc_NIOSII:niosii|reloj_soc_NIOSII_cpu:cpu|reloj_soc_NIOSII_cpu_nios2_oci:the_reloj_soc_NIOSII_cpu_nios2_oci|reloj_soc_NIOSII_cpu_nios2_ocimem:the_reloj_soc_NIOSII_cpu_nios2_ocimem|MonDReg[0]~2                                                                                                                                                    ; LABCELL_X9_Y5_N3     ; 34      ; Clock enable               ; no     ; --                   ; --               ; --                        ;
; reloj_soc_NIOSII:niosii|reloj_soc_NIOSII_cpu:cpu|reloj_soc_NIOSII_cpu_nios2_oci:the_reloj_soc_NIOSII_cpu_nios2_oci|reloj_soc_NIOSII_cpu_nios2_ocimem:the_reloj_soc_NIOSII_cpu_nios2_ocimem|MonDReg[13]~9                                                                                                                                                   ; LABCELL_X9_Y5_N0     ; 3       ; Clock enable               ; no     ; --                   ; --               ; --                        ;
; reloj_soc_NIOSII:niosii|reloj_soc_NIOSII_cpu:cpu|reloj_soc_NIOSII_cpu_nios2_oci:the_reloj_soc_NIOSII_cpu_nios2_oci|reloj_soc_NIOSII_cpu_nios2_ocimem:the_reloj_soc_NIOSII_cpu_nios2_ocimem|MonDReg[7]~6                                                                                                                                                    ; LABCELL_X7_Y5_N3     ; 23      ; Sync. clear                ; no     ; --                   ; --               ; --                        ;
; reloj_soc_NIOSII:niosii|reloj_soc_NIOSII_cpu:cpu|reloj_soc_NIOSII_cpu_nios2_oci:the_reloj_soc_NIOSII_cpu_nios2_oci|reloj_soc_NIOSII_cpu_nios2_ocimem:the_reloj_soc_NIOSII_cpu_nios2_ocimem|ociram_reset_req                                                                                                                                                ; MLABCELL_X6_Y6_N39   ; 2       ; Clock enable               ; no     ; --                   ; --               ; --                        ;
; reloj_soc_NIOSII:niosii|reloj_soc_NIOSII_cpu:cpu|reloj_soc_NIOSII_cpu_nios2_oci:the_reloj_soc_NIOSII_cpu_nios2_oci|reloj_soc_NIOSII_cpu_nios2_ocimem:the_reloj_soc_NIOSII_cpu_nios2_ocimem|ociram_wr_en~1                                                                                                                                                  ; LABCELL_X11_Y4_N45   ; 2       ; Read enable, Write enable  ; no     ; --                   ; --               ; --                        ;
; reloj_soc_RAM:ram|wren~1                                                                                                                                                                                                                                                                                                                                   ; LABCELL_X12_Y8_N18   ; 8       ; Write enable               ; no     ; --                   ; --               ; --                        ;
; reloj_soc_REG_LEDS:reg_leds|always0~1                                                                                                                                                                                                                                                                                                                      ; LABCELL_X13_Y6_N27   ; 40      ; Clock enable               ; no     ; --                   ; --               ; --                        ;
; reloj_soc_TIMER:timer|always0~0                                                                                                                                                                                                                                                                                                                            ; LABCELL_X19_Y10_N27  ; 16      ; Clock enable               ; no     ; --                   ; --               ; --                        ;
; reloj_soc_TIMER:timer|control_wr_strobe                                                                                                                                                                                                                                                                                                                    ; LABCELL_X16_Y10_N30  ; 5       ; Clock enable               ; no     ; --                   ; --               ; --                        ;
; reloj_soc_TIMER:timer|snap_strobe~0                                                                                                                                                                                                                                                                                                                        ; LABCELL_X16_Y10_N57  ; 16      ; Clock enable               ; no     ; --                   ; --               ; --                        ;
; reloj_soc_UART:uart|alt_jtag_atlantic:reloj_soc_UART_alt_jtag_atlantic|r_ena~0                                                                                                                                                                                                                                                                             ; MLABCELL_X6_Y5_N57   ; 1       ; Clock enable               ; no     ; --                   ; --               ; --                        ;
; reloj_soc_UART:uart|alt_jtag_atlantic:reloj_soc_UART_alt_jtag_atlantic|td_shift[0]~2                                                                                                                                                                                                                                                                       ; LABCELL_X2_Y3_N48    ; 21      ; Clock enable               ; no     ; --                   ; --               ; --                        ;
; reloj_soc_UART:uart|alt_jtag_atlantic:reloj_soc_UART_alt_jtag_atlantic|wdata[1]~0                                                                                                                                                                                                                                                                          ; MLABCELL_X3_Y3_N18   ; 8       ; Clock enable               ; no     ; --                   ; --               ; --                        ;
; reloj_soc_UART:uart|alt_jtag_atlantic:reloj_soc_UART_alt_jtag_atlantic|write_stalled~1                                                                                                                                                                                                                                                                     ; LABCELL_X4_Y3_N36    ; 5       ; Clock enable               ; no     ; --                   ; --               ; --                        ;
; reloj_soc_UART:uart|fifo_rd~1                                                                                                                                                                                                                                                                                                                              ; LABCELL_X12_Y7_N0    ; 9       ; Clock enable               ; no     ; --                   ; --               ; --                        ;
; reloj_soc_UART:uart|fifo_wr                                                                                                                                                                                                                                                                                                                                ; FF_X12_Y7_N32        ; 15      ; Clock enable, Write enable ; no     ; --                   ; --               ; --                        ;
; reloj_soc_UART:uart|ien_AE~0                                                                                                                                                                                                                                                                                                                               ; LABCELL_X12_Y7_N27   ; 3       ; Clock enable               ; no     ; --                   ; --               ; --                        ;
; reloj_soc_UART:uart|r_val~0                                                                                                                                                                                                                                                                                                                                ; MLABCELL_X6_Y5_N39   ; 11      ; Clock enable               ; no     ; --                   ; --               ; --                        ;
; reloj_soc_UART:uart|read_0                                                                                                                                                                                                                                                                                                                                 ; FF_X12_Y7_N5         ; 16      ; Sync. load                 ; no     ; --                   ; --               ; --                        ;
; reloj_soc_UART:uart|reloj_soc_UART_scfifo_r:the_reloj_soc_UART_scfifo_r|scfifo:rfifo|scfifo_3291:auto_generated|a_dpfifo_5771:dpfifo|a_fefifo_7cf:fifo_state|_~2                                                                                                                                                                                           ; LABCELL_X12_Y7_N18   ; 9       ; Clock enable               ; no     ; --                   ; --               ; --                        ;
; reloj_soc_UART:uart|reloj_soc_UART_scfifo_w:the_reloj_soc_UART_scfifo_w|scfifo:wfifo|scfifo_3291:auto_generated|a_dpfifo_5771:dpfifo|a_fefifo_7cf:fifo_state|_~0                                                                                                                                                                                           ; LABCELL_X9_Y8_N48    ; 6       ; Clock enable               ; no     ; --                   ; --               ; --                        ;
; reloj_soc_UART:uart|wr_rfifo                                                                                                                                                                                                                                                                                                                               ; MLABCELL_X8_Y8_N33   ; 14      ; Clock enable, Write enable ; no     ; --                   ; --               ; --                        ;
; reloj_soc_audio_0:audio_0|altera_up_audio_out_serializer:Audio_Out_Serializer|altera_up_sync_fifo:Audio_Out_Left_Channel_FIFO|scfifo:Sync_FIFO|scfifo_9ba1:auto_generated|a_dpfifo_s2a1:dpfifo|cntr_h2b:rd_ptr_msb|_~0                                                                                                                                     ; LABCELL_X7_Y10_N6    ; 6       ; Clock enable               ; no     ; --                   ; --               ; --                        ;
; reloj_soc_audio_0:audio_0|altera_up_audio_out_serializer:Audio_Out_Serializer|altera_up_sync_fifo:Audio_Out_Left_Channel_FIFO|scfifo:Sync_FIFO|scfifo_9ba1:auto_generated|a_dpfifo_s2a1:dpfifo|cntr_i2b:wr_ptr|_~0                                                                                                                                         ; LABCELL_X7_Y9_N15    ; 7       ; Clock enable               ; no     ; --                   ; --               ; --                        ;
; reloj_soc_audio_0:audio_0|altera_up_audio_out_serializer:Audio_Out_Serializer|altera_up_sync_fifo:Audio_Out_Left_Channel_FIFO|scfifo:Sync_FIFO|scfifo_9ba1:auto_generated|a_dpfifo_s2a1:dpfifo|cntr_u27:usedw_counter|_~0                                                                                                                                  ; LABCELL_X7_Y9_N54    ; 7       ; Clock enable               ; no     ; --                   ; --               ; --                        ;
; reloj_soc_audio_0:audio_0|altera_up_audio_out_serializer:Audio_Out_Serializer|altera_up_sync_fifo:Audio_Out_Left_Channel_FIFO|scfifo:Sync_FIFO|scfifo_9ba1:auto_generated|a_dpfifo_s2a1:dpfifo|rd_ptr_lsb~1                                                                                                                                                ; LABCELL_X7_Y10_N12   ; 1       ; Clock enable               ; no     ; --                   ; --               ; --                        ;
; reloj_soc_audio_0:audio_0|altera_up_audio_out_serializer:Audio_Out_Serializer|altera_up_sync_fifo:Audio_Out_Right_Channel_FIFO|scfifo:Sync_FIFO|scfifo_9ba1:auto_generated|a_dpfifo_s2a1:dpfifo|cntr_h2b:rd_ptr_msb|_~0                                                                                                                                    ; LABCELL_X7_Y11_N0    ; 6       ; Clock enable               ; no     ; --                   ; --               ; --                        ;
; reloj_soc_audio_0:audio_0|altera_up_audio_out_serializer:Audio_Out_Serializer|altera_up_sync_fifo:Audio_Out_Right_Channel_FIFO|scfifo:Sync_FIFO|scfifo_9ba1:auto_generated|a_dpfifo_s2a1:dpfifo|cntr_i2b:wr_ptr|_~0                                                                                                                                        ; LABCELL_X10_Y9_N24   ; 7       ; Clock enable               ; no     ; --                   ; --               ; --                        ;
; reloj_soc_audio_0:audio_0|altera_up_audio_out_serializer:Audio_Out_Serializer|altera_up_sync_fifo:Audio_Out_Right_Channel_FIFO|scfifo:Sync_FIFO|scfifo_9ba1:auto_generated|a_dpfifo_s2a1:dpfifo|cntr_u27:usedw_counter|_~0                                                                                                                                 ; LABCELL_X10_Y9_N54   ; 7       ; Clock enable               ; no     ; --                   ; --               ; --                        ;
; reloj_soc_audio_0:audio_0|altera_up_audio_out_serializer:Audio_Out_Serializer|altera_up_sync_fifo:Audio_Out_Right_Channel_FIFO|scfifo:Sync_FIFO|scfifo_9ba1:auto_generated|a_dpfifo_s2a1:dpfifo|rd_ptr_lsb~1                                                                                                                                               ; LABCELL_X7_Y11_N6    ; 1       ; Clock enable               ; no     ; --                   ; --               ; --                        ;
; reloj_soc_audio_0:audio_0|altera_up_audio_out_serializer:Audio_Out_Serializer|comb~1                                                                                                                                                                                                                                                                       ; LABCELL_X7_Y9_N24    ; 12      ; Clock enable, Write enable ; no     ; --                   ; --               ; --                        ;
; reloj_soc_audio_0:audio_0|altera_up_audio_out_serializer:Audio_Out_Serializer|comb~2                                                                                                                                                                                                                                                                       ; LABCELL_X7_Y9_N6     ; 12      ; Clock enable, Write enable ; no     ; --                   ; --               ; --                        ;
; reloj_soc_audio_0:audio_0|altera_up_audio_out_serializer:Audio_Out_Serializer|data_out_shift_reg[4]~1                                                                                                                                                                                                                                                      ; MLABCELL_X6_Y9_N30   ; 15      ; Sync. clear                ; no     ; --                   ; --               ; --                        ;
; reloj_soc_audio_0:audio_0|altera_up_audio_out_serializer:Audio_Out_Serializer|data_out_shift_reg[4]~3                                                                                                                                                                                                                                                      ; MLABCELL_X6_Y9_N21   ; 15      ; Clock enable               ; no     ; --                   ; --               ; --                        ;
; reloj_soc_audio_0:audio_0|comb~0                                                                                                                                                                                                                                                                                                                           ; LABCELL_X10_Y10_N6   ; 96      ; Sync. clear                ; no     ; --                   ; --               ; --                        ;
; reloj_soc_audio_0:audio_0|readdata[1]~1                                                                                                                                                                                                                                                                                                                    ; LABCELL_X12_Y9_N12   ; 19      ; Clock enable               ; no     ; --                   ; --               ; --                        ;
; reloj_soc_audio_0:audio_0|readdata[30]~4                                                                                                                                                                                                                                                                                                                   ; MLABCELL_X8_Y9_N42   ; 16      ; Sync. clear                ; no     ; --                   ; --               ; --                        ;
; reloj_soc_audio_0:audio_0|write_interrupt_en~0                                                                                                                                                                                                                                                                                                             ; LABCELL_X9_Y10_N54   ; 2       ; Clock enable               ; no     ; --                   ; --               ; --                        ;
; reloj_soc_audio_and_video_config_0:audio_and_video_config_0|Equal0~0                                                                                                                                                                                                                                                                                       ; LABCELL_X17_Y11_N24  ; 74      ; Sync. clear                ; no     ; --                   ; --               ; --                        ;
; reloj_soc_audio_and_video_config_0:audio_and_video_config_0|address_reg[1]~0                                                                                                                                                                                                                                                                               ; LABCELL_X13_Y9_N24   ; 8       ; Clock enable               ; no     ; --                   ; --               ; --                        ;
; reloj_soc_audio_and_video_config_0:audio_and_video_config_0|altera_up_av_config_auto_init:AV_Config_Auto_Init|rom_address[5]~0                                                                                                                                                                                                                             ; LABCELL_X16_Y13_N9   ; 7       ; Clock enable               ; no     ; --                   ; --               ; --                        ;
; reloj_soc_audio_and_video_config_0:audio_and_video_config_0|altera_up_av_config_serial_bus_controller:Serial_Bus_Controller|s_serial_protocol.STATE_1_INITIALIZE                                                                                                                                                                                           ; FF_X16_Y13_N23       ; 29      ; Sync. clear                ; no     ; --                   ; --               ; --                        ;
; reloj_soc_audio_and_video_config_0:audio_and_video_config_0|altera_up_av_config_serial_bus_controller:Serial_Bus_Controller|serial_data~2                                                                                                                                                                                                                  ; MLABCELL_X15_Y13_N39 ; 1       ; Output enable              ; no     ; --                   ; --               ; --                        ;
; reloj_soc_audio_and_video_config_0:audio_and_video_config_0|altera_up_av_config_serial_bus_controller:Serial_Bus_Controller|shiftreg_data[10]~24                                                                                                                                                                                                           ; LABCELL_X16_Y13_N6   ; 8       ; Sync. clear                ; no     ; --                   ; --               ; --                        ;
; reloj_soc_audio_and_video_config_0:audio_and_video_config_0|altera_up_av_config_serial_bus_controller:Serial_Bus_Controller|shiftreg_data[26]~1                                                                                                                                                                                                            ; LABCELL_X16_Y13_N0   ; 61      ; Clock enable               ; no     ; --                   ; --               ; --                        ;
; reloj_soc_audio_and_video_config_0:audio_and_video_config_0|control_reg[17]~1                                                                                                                                                                                                                                                                              ; LABCELL_X13_Y9_N18   ; 3       ; Clock enable               ; no     ; --                   ; --               ; --                        ;
; reloj_soc_audio_and_video_config_0:audio_and_video_config_0|control_reg[2]~4                                                                                                                                                                                                                                                                               ; LABCELL_X13_Y9_N21   ; 2       ; Clock enable               ; no     ; --                   ; --               ; --                        ;
; reloj_soc_audio_and_video_config_0:audio_and_video_config_0|data_reg[4]~0                                                                                                                                                                                                                                                                                  ; LABCELL_X13_Y9_N6    ; 8       ; Clock enable               ; no     ; --                   ; --               ; --                        ;
; reloj_soc_audio_and_video_config_0:audio_and_video_config_0|device_for_transfer[1]~2                                                                                                                                                                                                                                                                       ; MLABCELL_X15_Y13_N33 ; 2       ; Clock enable               ; no     ; --                   ; --               ; --                        ;
; reloj_soc_audio_and_video_config_0:audio_and_video_config_0|external_read_transfer~1                                                                                                                                                                                                                                                                       ; LABCELL_X12_Y12_N45  ; 9       ; Clock enable               ; no     ; --                   ; --               ; --                        ;
; reloj_soc_audio_and_video_config_0:audio_and_video_config_0|internal_reset                                                                                                                                                                                                                                                                                 ; LABCELL_X13_Y9_N36   ; 130     ; Sync. clear                ; no     ; --                   ; --               ; --                        ;
; reloj_soc_audio_and_video_config_0:audio_and_video_config_0|readdata[5]~6                                                                                                                                                                                                                                                                                  ; LABCELL_X16_Y13_N42  ; 7       ; Clock enable               ; no     ; --                   ; --               ; --                        ;
; reloj_soc_audio_and_video_config_0:audio_and_video_config_0|s_serial_transfer~20                                                                                                                                                                                                                                                                           ; LABCELL_X16_Y13_N48  ; 8       ; Sync. clear                ; no     ; --                   ; --               ; --                        ;
; reloj_soc_mm_interconnect_0:mm_interconnect_0|altera_avalon_sc_fifo:niosii_debug_mem_slave_agent_rsp_fifo|mem_used[1]~0                                                                                                                                                                                                                                    ; LABCELL_X12_Y6_N12   ; 2       ; Clock enable               ; no     ; --                   ; --               ; --                        ;
; reloj_soc_mm_interconnect_0:mm_interconnect_0|altera_avalon_sc_fifo:ram_s1_agent_rsp_fifo|mem_used[1]~0                                                                                                                                                                                                                                                    ; LABCELL_X11_Y8_N27   ; 3       ; Clock enable               ; no     ; --                   ; --               ; --                        ;
; reloj_soc_mm_interconnect_0:mm_interconnect_0|reloj_soc_mm_interconnect_0_cmd_mux_003:cmd_mux_003|altera_merlin_arbitrator:arb|top_priority_reg[0]~0                                                                                                                                                                                                       ; LABCELL_X11_Y6_N0    ; 2       ; Clock enable               ; no     ; --                   ; --               ; --                        ;
; reloj_soc_mm_interconnect_0:mm_interconnect_0|reloj_soc_mm_interconnect_0_cmd_mux_003:cmd_mux_003|update_grant~0                                                                                                                                                                                                                                           ; LABCELL_X11_Y6_N30   ; 3       ; Clock enable               ; no     ; --                   ; --               ; --                        ;
; reloj_soc_mm_interconnect_0:mm_interconnect_0|reloj_soc_mm_interconnect_0_cmd_mux_003:cmd_mux_004|altera_merlin_arbitrator:arb|top_priority_reg[0]~0                                                                                                                                                                                                       ; LABCELL_X11_Y8_N42   ; 2       ; Clock enable               ; no     ; --                   ; --               ; --                        ;
; reloj_soc_mm_interconnect_0:mm_interconnect_0|reloj_soc_mm_interconnect_0_cmd_mux_003:cmd_mux_004|update_grant~0                                                                                                                                                                                                                                           ; LABCELL_X11_Y8_N36   ; 3       ; Clock enable               ; no     ; --                   ; --               ; --                        ;
; reset_reset_n                                                                                                                                                                                                                                                                                                                                              ; PIN_Y16              ; 4       ; Async. clear               ; no     ; --                   ; --               ; --                        ;
; sld_hub:auto_hub|alt_sld_fab_with_jtag_input:\instrumentation_fabric_with_node_gen:fabric_gen_new_way:with_jtag_input_gen:instrumentation_fabric|alt_sld_fab:instrumentation_fabric|alt_sld_fab_alt_sld_fab:alt_sld_fab|alt_sld_fab_alt_sld_fab_sldfabric:sldfabric|sld_jtag_hub:\jtag_hub_gen:real_sld_jtag_hub|clr_reg                                   ; FF_X2_Y2_N50         ; 61      ; Async. clear               ; no     ; --                   ; --               ; --                        ;
; sld_hub:auto_hub|alt_sld_fab_with_jtag_input:\instrumentation_fabric_with_node_gen:fabric_gen_new_way:with_jtag_input_gen:instrumentation_fabric|alt_sld_fab:instrumentation_fabric|alt_sld_fab_alt_sld_fab:alt_sld_fab|alt_sld_fab_alt_sld_fab_sldfabric:sldfabric|sld_jtag_hub:\jtag_hub_gen:real_sld_jtag_hub|design_hash_reg[1]~3                      ; LABCELL_X4_Y2_N45    ; 4       ; Clock enable               ; no     ; --                   ; --               ; --                        ;
; sld_hub:auto_hub|alt_sld_fab_with_jtag_input:\instrumentation_fabric_with_node_gen:fabric_gen_new_way:with_jtag_input_gen:instrumentation_fabric|alt_sld_fab:instrumentation_fabric|alt_sld_fab_alt_sld_fab:alt_sld_fab|alt_sld_fab_alt_sld_fab_sldfabric:sldfabric|sld_jtag_hub:\jtag_hub_gen:real_sld_jtag_hub|hub_info_reg_ena~0                        ; LABCELL_X1_Y2_N9     ; 6       ; Clock enable               ; no     ; --                   ; --               ; --                        ;
; sld_hub:auto_hub|alt_sld_fab_with_jtag_input:\instrumentation_fabric_with_node_gen:fabric_gen_new_way:with_jtag_input_gen:instrumentation_fabric|alt_sld_fab:instrumentation_fabric|alt_sld_fab_alt_sld_fab:alt_sld_fab|alt_sld_fab_alt_sld_fab_sldfabric:sldfabric|sld_jtag_hub:\jtag_hub_gen:real_sld_jtag_hub|identity_contrib_shift_reg[0]~0           ; LABCELL_X2_Y3_N54    ; 4       ; Clock enable               ; no     ; --                   ; --               ; --                        ;
; sld_hub:auto_hub|alt_sld_fab_with_jtag_input:\instrumentation_fabric_with_node_gen:fabric_gen_new_way:with_jtag_input_gen:instrumentation_fabric|alt_sld_fab:instrumentation_fabric|alt_sld_fab_alt_sld_fab:alt_sld_fab|alt_sld_fab_alt_sld_fab_sldfabric:sldfabric|sld_jtag_hub:\jtag_hub_gen:real_sld_jtag_hub|irf_reg[1][0]~2                           ; LABCELL_X4_Y3_N0     ; 2       ; Clock enable               ; no     ; --                   ; --               ; --                        ;
; sld_hub:auto_hub|alt_sld_fab_with_jtag_input:\instrumentation_fabric_with_node_gen:fabric_gen_new_way:with_jtag_input_gen:instrumentation_fabric|alt_sld_fab:instrumentation_fabric|alt_sld_fab_alt_sld_fab:alt_sld_fab|alt_sld_fab_alt_sld_fab_sldfabric:sldfabric|sld_jtag_hub:\jtag_hub_gen:real_sld_jtag_hub|irsr_reg[2]~2                             ; LABCELL_X1_Y3_N3     ; 7       ; Clock enable               ; no     ; --                   ; --               ; --                        ;
; sld_hub:auto_hub|alt_sld_fab_with_jtag_input:\instrumentation_fabric_with_node_gen:fabric_gen_new_way:with_jtag_input_gen:instrumentation_fabric|alt_sld_fab:instrumentation_fabric|alt_sld_fab_alt_sld_fab:alt_sld_fab|alt_sld_fab_alt_sld_fab_sldfabric:sldfabric|sld_jtag_hub:\jtag_hub_gen:real_sld_jtag_hub|mixer_addr_reg_internal[4]~1              ; LABCELL_X4_Y2_N15    ; 10      ; Clock enable               ; no     ; --                   ; --               ; --                        ;
; sld_hub:auto_hub|alt_sld_fab_with_jtag_input:\instrumentation_fabric_with_node_gen:fabric_gen_new_way:with_jtag_input_gen:instrumentation_fabric|alt_sld_fab:instrumentation_fabric|alt_sld_fab_alt_sld_fab:alt_sld_fab|alt_sld_fab_alt_sld_fab_sldfabric:sldfabric|sld_jtag_hub:\jtag_hub_gen:real_sld_jtag_hub|node_ena~2                                ; MLABCELL_X3_Y2_N48   ; 2       ; Clock enable               ; no     ; --                   ; --               ; --                        ;
; sld_hub:auto_hub|alt_sld_fab_with_jtag_input:\instrumentation_fabric_with_node_gen:fabric_gen_new_way:with_jtag_input_gen:instrumentation_fabric|alt_sld_fab:instrumentation_fabric|alt_sld_fab_alt_sld_fab:alt_sld_fab|alt_sld_fab_alt_sld_fab_sldfabric:sldfabric|sld_jtag_hub:\jtag_hub_gen:real_sld_jtag_hub|reset_ena_reg_proc~0                      ; LABCELL_X1_Y2_N3     ; 5       ; Clock enable               ; no     ; --                   ; --               ; --                        ;
; sld_hub:auto_hub|alt_sld_fab_with_jtag_input:\instrumentation_fabric_with_node_gen:fabric_gen_new_way:with_jtag_input_gen:instrumentation_fabric|alt_sld_fab:instrumentation_fabric|alt_sld_fab_alt_sld_fab:alt_sld_fab|alt_sld_fab_alt_sld_fab_sldfabric:sldfabric|sld_jtag_hub:\jtag_hub_gen:real_sld_jtag_hub|shadow_irf_reg[1][0]~3                    ; LABCELL_X1_Y3_N9     ; 2       ; Clock enable               ; no     ; --                   ; --               ; --                        ;
; sld_hub:auto_hub|alt_sld_fab_with_jtag_input:\instrumentation_fabric_with_node_gen:fabric_gen_new_way:with_jtag_input_gen:instrumentation_fabric|alt_sld_fab:instrumentation_fabric|alt_sld_fab_alt_sld_fab:alt_sld_fab|alt_sld_fab_alt_sld_fab_sldfabric:sldfabric|sld_jtag_hub:\jtag_hub_gen:real_sld_jtag_hub|sld_rom_sr:hub_info_reg|WORD_SR[0]~2      ; MLABCELL_X3_Y2_N36   ; 4       ; Clock enable               ; no     ; --                   ; --               ; --                        ;
; sld_hub:auto_hub|alt_sld_fab_with_jtag_input:\instrumentation_fabric_with_node_gen:fabric_gen_new_way:with_jtag_input_gen:instrumentation_fabric|alt_sld_fab:instrumentation_fabric|alt_sld_fab_alt_sld_fab:alt_sld_fab|alt_sld_fab_alt_sld_fab_sldfabric:sldfabric|sld_jtag_hub:\jtag_hub_gen:real_sld_jtag_hub|sld_rom_sr:hub_info_reg|word_counter[1]~1 ; LABCELL_X1_Y2_N12    ; 7       ; Clock enable               ; no     ; --                   ; --               ; --                        ;
; sld_hub:auto_hub|alt_sld_fab_with_jtag_input:\instrumentation_fabric_with_node_gen:fabric_gen_new_way:with_jtag_input_gen:instrumentation_fabric|alt_sld_fab:instrumentation_fabric|alt_sld_fab_alt_sld_fab:alt_sld_fab|alt_sld_fab_alt_sld_fab_sldfabric:sldfabric|sld_jtag_hub:\jtag_hub_gen:real_sld_jtag_hub|sld_shadow_jsm:shadow_jsm|state[0]        ; FF_X3_Y2_N29         ; 16      ; Async. clear               ; no     ; --                   ; --               ; --                        ;
; sld_hub:auto_hub|alt_sld_fab_with_jtag_input:\instrumentation_fabric_with_node_gen:fabric_gen_new_way:with_jtag_input_gen:instrumentation_fabric|alt_sld_fab:instrumentation_fabric|alt_sld_fab_alt_sld_fab:alt_sld_fab|alt_sld_fab_alt_sld_fab_sldfabric:sldfabric|sld_jtag_hub:\jtag_hub_gen:real_sld_jtag_hub|sld_shadow_jsm:shadow_jsm|state[11]       ; FF_X3_Y2_N53         ; 13      ; Clock enable               ; no     ; --                   ; --               ; --                        ;
; sld_hub:auto_hub|alt_sld_fab_with_jtag_input:\instrumentation_fabric_with_node_gen:fabric_gen_new_way:with_jtag_input_gen:instrumentation_fabric|alt_sld_fab:instrumentation_fabric|alt_sld_fab_alt_sld_fab:alt_sld_fab|alt_sld_fab_alt_sld_fab_sldfabric:sldfabric|sld_jtag_hub:\jtag_hub_gen:real_sld_jtag_hub|sld_shadow_jsm:shadow_jsm|state[3]        ; FF_X2_Y2_N26         ; 39      ; Sync. load                 ; no     ; --                   ; --               ; --                        ;
; sld_hub:auto_hub|alt_sld_fab_with_jtag_input:\instrumentation_fabric_with_node_gen:fabric_gen_new_way:with_jtag_input_gen:instrumentation_fabric|alt_sld_fab:instrumentation_fabric|alt_sld_fab_alt_sld_fab:alt_sld_fab|alt_sld_fab_alt_sld_fab_sldfabric:sldfabric|sld_jtag_hub:\jtag_hub_gen:real_sld_jtag_hub|sld_shadow_jsm:shadow_jsm|state[4]        ; FF_X2_Y2_N29         ; 54      ; Sync. clear                ; no     ; --                   ; --               ; --                        ;
; sld_hub:auto_hub|alt_sld_fab_with_jtag_input:\instrumentation_fabric_with_node_gen:fabric_gen_new_way:with_jtag_input_gen:instrumentation_fabric|alt_sld_fab:instrumentation_fabric|alt_sld_fab_alt_sld_fab:alt_sld_fab|alt_sld_fab_alt_sld_fab_sldfabric:sldfabric|sld_jtag_hub:\jtag_hub_gen:real_sld_jtag_hub|virtual_ir_dr_scan_proc~0                 ; MLABCELL_X3_Y2_N6    ; 3       ; Clock enable               ; no     ; --                   ; --               ; --                        ;
; sld_hub:auto_hub|alt_sld_fab_with_jtag_input:\instrumentation_fabric_with_node_gen:fabric_gen_new_way:with_jtag_input_gen:instrumentation_fabric|alt_sld_fab:instrumentation_fabric|alt_sld_fab_alt_sld_fab:alt_sld_fab|alt_sld_fab_alt_sld_fab_sldfabric:sldfabric|sld_jtag_hub:\jtag_hub_gen:real_sld_jtag_hub|virtual_ir_scan_reg                       ; FF_X3_Y2_N56         ; 40      ; Async. clear               ; no     ; --                   ; --               ; --                        ;
; sld_hub:auto_hub|alt_sld_fab_with_jtag_input:\instrumentation_fabric_with_node_gen:fabric_gen_new_way:with_jtag_input_gen:instrumentation_fabric|alt_sld_fab:instrumentation_fabric|alt_sld_fab_alt_sld_fab:alt_sld_fab|sldfabric_ident_writedata[0]~0                                                                                                     ; MLABCELL_X3_Y2_N33   ; 4       ; Clock enable               ; no     ; --                   ; --               ; --                        ;
+------------------------------------------------------------------------------------------------------------------------------------------------------------------------------------------------------------------------------------------------------------------------------------------------------------------------------------------------------------+----------------------+---------+----------------------------+--------+----------------------+------------------+---------------------------+


+---------------------------------------------------------------------------------------------------------------------------------------------------------------------------------------------------------------------------------+
; Global & Other Fast Signals                                                                                                                                                                                                     ;
+--------------------------------------------------------------------------------------------------------------------+----------------------------+---------+----------------------+------------------+---------------------------+
; Name                                                                                                               ; Location                   ; Fan-Out ; Global Resource Used ; Global Line Name ; Enable Signal Source Name ;
+--------------------------------------------------------------------------------------------------------------------+----------------------------+---------+----------------------+------------------+---------------------------+
; clk_clk                                                                                                            ; PIN_AF14                   ; 1285    ; Global Clock         ; GCLK4            ; --                        ;
; reloj_soc_audio_pll_0:audio_pll_0|reloj_soc_audio_pll_0_audio_pll:audio_pll|altera_pll:altera_pll_i|outclk_wire[0] ; PLLOUTPUTCOUNTER_X0_Y20_N1 ; 1       ; Global Clock         ; GCLK0            ; --                        ;
+--------------------------------------------------------------------------------------------------------------------+----------------------------+---------+----------------------+------------------+---------------------------+


+-------------------------------------------------------------+
; Non-Global High Fan-Out Signals                             ;
+---------------------------------------------------+---------+
; Name                                              ; Fan-Out ;
+---------------------------------------------------+---------+
; altera_reset_controller:rst_controller|r_sync_rst ; 776     ;
+---------------------------------------------------+---------+


+------------------------------------------------------------------------------------------------------------------------------------------------------------------------------------------------------------------------------------------------------------------------------------------------------------------------------------------------------------------------------------------------------------------------------------------------------------------------------------------------------------------------------------------------------------------------------------------------------------------------------------------------------------------------------------------------------------------------------------------------------------------------------------------------------------------------------------------------------------------------------------------------------------------------------------------------------------------------------------------------------------------+
; Fitter RAM Summary                                                                                                                                                                                                                                                                                                                                                                                                                                                                                                                                                                                                                                                                                                                                                                                                                                                                                                                                                                                               ;
+---------------------------------------------------------------------------------------------------------------------------------------------------------------------------------------------------------------------------------------------------------------------------------------------------------------------------------------------+------+------------------+--------------+--------------+--------------+--------------+--------------+------------------------+-------------------------+------------------------+-------------------------+-------+-----------------------------+-----------------------------+-----------------------------+-----------------------------+---------------------+-------------+-------+-------------------+------------------------------------------------------------------------------------------------------------------------------+----------------------+-----------------+-----------------+----------+------------------------+---------------------------+
; Name                                                                                                                                                                                                                                                                                                                                        ; Type ; Mode             ; Clock Mode   ; Port A Depth ; Port A Width ; Port B Depth ; Port B Width ; Port A Input Registers ; Port A Output Registers ; Port B Input Registers ; Port B Output Registers ; Size  ; Implementation Port A Depth ; Implementation Port A Width ; Implementation Port B Depth ; Implementation Port B Width ; Implementation Bits ; M10K blocks ; MLABs ; MIF               ; Location                                                                                                                     ; Mixed Width RDW Mode ; Port A RDW Mode ; Port B RDW Mode ; ECC Mode ; ECC Pipeline Registers ; Fits in MLABs             ;
+---------------------------------------------------------------------------------------------------------------------------------------------------------------------------------------------------------------------------------------------------------------------------------------------------------------------------------------------+------+------------------+--------------+--------------+--------------+--------------+--------------+------------------------+-------------------------+------------------------+-------------------------+-------+-----------------------------+-----------------------------+-----------------------------+-----------------------------+---------------------+-------------+-------+-------------------+------------------------------------------------------------------------------------------------------------------------------+----------------------+-----------------+-----------------+----------+------------------------+---------------------------+
; reloj_soc_NIOSII:niosii|reloj_soc_NIOSII_cpu:cpu|reloj_soc_NIOSII_cpu_nios2_oci:the_reloj_soc_NIOSII_cpu_nios2_oci|reloj_soc_NIOSII_cpu_nios2_ocimem:the_reloj_soc_NIOSII_cpu_nios2_ocimem|reloj_soc_NIOSII_cpu_ociram_sp_ram_module:reloj_soc_NIOSII_cpu_ociram_sp_ram|altsyncram:the_altsyncram|altsyncram_qid1:auto_generated|ALTSYNCRAM ; AUTO ; Single Port      ; Single Clock ; 256          ; 32           ; --           ; --           ; yes                    ; no                      ; --                     ; --                      ; 8192  ; 256                         ; 32                          ; --                          ; --                          ; 8192                ; 1           ; 0     ; None              ; M10K_X5_Y4_N0                                                                                                                ; Don't care           ; Don't care      ; New data        ; Off      ; No                     ; No - Unsupported Depth    ;
; reloj_soc_NIOSII:niosii|reloj_soc_NIOSII_cpu:cpu|reloj_soc_NIOSII_cpu_register_bank_a_module:reloj_soc_NIOSII_cpu_register_bank_a|altsyncram:the_altsyncram|altsyncram_msi1:auto_generated|ALTSYNCRAM                                                                                                                                       ; AUTO ; Simple Dual Port ; Single Clock ; 32           ; 32           ; 32           ; 32           ; yes                    ; no                      ; yes                    ; no                      ; 1024  ; 32                          ; 32                          ; 32                          ; 32                          ; 1024                ; 1           ; 0     ; None              ; M10K_X26_Y6_N0                                                                                                               ; Don't care           ; New data        ; New data        ; Off      ; No                     ; Yes                       ;
; reloj_soc_NIOSII:niosii|reloj_soc_NIOSII_cpu:cpu|reloj_soc_NIOSII_cpu_register_bank_b_module:reloj_soc_NIOSII_cpu_register_bank_b|altsyncram:the_altsyncram|altsyncram_msi1:auto_generated|ALTSYNCRAM                                                                                                                                       ; AUTO ; Simple Dual Port ; Single Clock ; 32           ; 32           ; 32           ; 32           ; yes                    ; no                      ; yes                    ; no                      ; 1024  ; 32                          ; 32                          ; 32                          ; 32                          ; 1024                ; 1           ; 0     ; None              ; M10K_X26_Y7_N0                                                                                                               ; Don't care           ; New data        ; New data        ; Off      ; No                     ; Yes                       ;
; reloj_soc_RAM:ram|altsyncram:the_altsyncram|altsyncram_ek82:auto_generated|ALTSYNCRAM                                                                                                                                                                                                                                                       ; AUTO ; True Dual Port   ; Single Clock ; 2048         ; 32           ; 2048         ; 32           ; yes                    ; no                      ; yes                    ; no                      ; 65536 ; 2048                        ; 32                          ; 2048                        ; 32                          ; 65536               ; 8           ; 0     ; reloj_soc_RAM.hex ; M10K_X14_Y7_N0, M10K_X14_Y6_N0, M10K_X14_Y8_N0, M10K_X14_Y9_N0, M10K_X14_Y4_N0, M10K_X5_Y6_N0, M10K_X14_Y5_N0, M10K_X5_Y8_N0 ; Don't care           ; New data        ; New data        ; Off      ; No                     ; No - Unsupported Mode     ;
; reloj_soc_UART:uart|reloj_soc_UART_scfifo_r:the_reloj_soc_UART_scfifo_r|scfifo:rfifo|scfifo_3291:auto_generated|a_dpfifo_5771:dpfifo|altsyncram_7pu1:FIFOram|ALTSYNCRAM                                                                                                                                                                     ; AUTO ; Simple Dual Port ; Single Clock ; 64           ; 8            ; 64           ; 8            ; yes                    ; no                      ; yes                    ; no                      ; 512   ; 64                          ; 8                           ; 64                          ; 8                           ; 512                 ; 1           ; 0     ; None              ; M10K_X5_Y7_N0                                                                                                                ; Don't care           ; New data        ; New data        ; Off      ; No                     ; No - Latch Type Behaviour ;
; reloj_soc_UART:uart|reloj_soc_UART_scfifo_w:the_reloj_soc_UART_scfifo_w|scfifo:wfifo|scfifo_3291:auto_generated|a_dpfifo_5771:dpfifo|altsyncram_7pu1:FIFOram|ALTSYNCRAM                                                                                                                                                                     ; AUTO ; Simple Dual Port ; Single Clock ; 64           ; 8            ; 64           ; 8            ; yes                    ; no                      ; yes                    ; yes                     ; 512   ; 64                          ; 8                           ; 64                          ; 8                           ; 512                 ; 1           ; 0     ; None              ; M10K_X5_Y5_N0                                                                                                                ; Don't care           ; New data        ; New data        ; Off      ; No                     ; No - Latch Type Behaviour ;
; reloj_soc_audio_0:audio_0|altera_up_audio_out_serializer:Audio_Out_Serializer|altera_up_sync_fifo:Audio_Out_Left_Channel_FIFO|scfifo:Sync_FIFO|scfifo_9ba1:auto_generated|a_dpfifo_s2a1:dpfifo|altsyncram_r3i1:FIFOram|ALTSYNCRAM                                                                                                           ; AUTO ; Simple Dual Port ; Single Clock ; 128          ; 16           ; 128          ; 16           ; yes                    ; no                      ; yes                    ; no                      ; 2048  ; 128                         ; 16                          ; 128                         ; 16                          ; 2048                ; 1           ; 0     ; None              ; M10K_X5_Y10_N0                                                                                                               ; Don't care           ; New data        ; New data        ; Off      ; No                     ; Yes                       ;
; reloj_soc_audio_0:audio_0|altera_up_audio_out_serializer:Audio_Out_Serializer|altera_up_sync_fifo:Audio_Out_Right_Channel_FIFO|scfifo:Sync_FIFO|scfifo_9ba1:auto_generated|a_dpfifo_s2a1:dpfifo|altsyncram_r3i1:FIFOram|ALTSYNCRAM                                                                                                          ; AUTO ; Simple Dual Port ; Single Clock ; 128          ; 16           ; 128          ; 16           ; yes                    ; no                      ; yes                    ; no                      ; 2048  ; 128                         ; 16                          ; 128                         ; 16                          ; 2048                ; 1           ; 0     ; None              ; M10K_X5_Y9_N0                                                                                                                ; Don't care           ; New data        ; New data        ; Off      ; No                     ; Yes                       ;
+---------------------------------------------------------------------------------------------------------------------------------------------------------------------------------------------------------------------------------------------------------------------------------------------------------------------------------------------+------+------------------+--------------+--------------+--------------+--------------+--------------+------------------------+-------------------------+------------------------+-------------------------+-------+-----------------------------+-----------------------------+-----------------------------+-----------------------------+---------------------+-------------+-------+-------------------+------------------------------------------------------------------------------------------------------------------------------+----------------------+-----------------+-----------------+----------+------------------------+---------------------------+
Note: Fitter may spread logical memories into multiple blocks to improve timing. The actual required RAM blocks can be found in the Fitter Resource Usage section.


+-------------------------------------------------------------------------+
; Routing Usage Summary                                                   ;
+---------------------------------------------+---------------------------+
; Routing Resource Type                       ; Usage                     ;
+---------------------------------------------+---------------------------+
; Block interconnects                         ; 3,718 / 289,320 ( 1 % )   ;
; C12 interconnects                           ; 54 / 13,420 ( < 1 % )     ;
; C2 interconnects                            ; 1,182 / 119,108 ( < 1 % ) ;
; C4 interconnects                            ; 586 / 56,300 ( 1 % )      ;
; DQS bus muxes                               ; 0 / 25 ( 0 % )            ;
; DQS-18 I/O buses                            ; 0 / 25 ( 0 % )            ;
; DQS-9 I/O buses                             ; 0 / 25 ( 0 % )            ;
; Direct links                                ; 412 / 289,320 ( < 1 % )   ;
; Global clocks                               ; 2 / 16 ( 13 % )           ;
; HPS SDRAM PLL inputs                        ; 0 / 1 ( 0 % )             ;
; HPS SDRAM PLL outputs                       ; 0 / 1 ( 0 % )             ;
; HPS_INTERFACE_BOOT_FROM_FPGA_INPUTs         ; 0 / 9 ( 0 % )             ;
; HPS_INTERFACE_CLOCKS_RESETS_INPUTs          ; 0 / 7 ( 0 % )             ;
; HPS_INTERFACE_CLOCKS_RESETS_OUTPUTs         ; 0 / 6 ( 0 % )             ;
; HPS_INTERFACE_CROSS_TRIGGER_INPUTs          ; 0 / 18 ( 0 % )            ;
; HPS_INTERFACE_CROSS_TRIGGER_OUTPUTs         ; 0 / 24 ( 0 % )            ;
; HPS_INTERFACE_DBG_APB_INPUTs                ; 0 / 37 ( 0 % )            ;
; HPS_INTERFACE_DBG_APB_OUTPUTs               ; 0 / 55 ( 0 % )            ;
; HPS_INTERFACE_DMA_INPUTs                    ; 0 / 16 ( 0 % )            ;
; HPS_INTERFACE_DMA_OUTPUTs                   ; 0 / 8 ( 0 % )             ;
; HPS_INTERFACE_FPGA2HPS_INPUTs               ; 0 / 287 ( 0 % )           ;
; HPS_INTERFACE_FPGA2HPS_OUTPUTs              ; 0 / 154 ( 0 % )           ;
; HPS_INTERFACE_FPGA2SDRAM_INPUTs             ; 0 / 852 ( 0 % )           ;
; HPS_INTERFACE_FPGA2SDRAM_OUTPUTs            ; 0 / 408 ( 0 % )           ;
; HPS_INTERFACE_HPS2FPGA_INPUTs               ; 0 / 165 ( 0 % )           ;
; HPS_INTERFACE_HPS2FPGA_LIGHT_WEIGHT_INPUTs  ; 0 / 67 ( 0 % )            ;
; HPS_INTERFACE_HPS2FPGA_LIGHT_WEIGHT_OUTPUTs ; 0 / 156 ( 0 % )           ;
; HPS_INTERFACE_HPS2FPGA_OUTPUTs              ; 0 / 282 ( 0 % )           ;
; HPS_INTERFACE_INTERRUPTS_INPUTs             ; 0 / 64 ( 0 % )            ;
; HPS_INTERFACE_INTERRUPTS_OUTPUTs            ; 0 / 42 ( 0 % )            ;
; HPS_INTERFACE_JTAG_OUTPUTs                  ; 0 / 5 ( 0 % )             ;
; HPS_INTERFACE_LOAN_IO_INPUTs                ; 0 / 142 ( 0 % )           ;
; HPS_INTERFACE_LOAN_IO_OUTPUTs               ; 0 / 85 ( 0 % )            ;
; HPS_INTERFACE_MPU_EVENT_STANDBY_INPUTs      ; 0 / 1 ( 0 % )             ;
; HPS_INTERFACE_MPU_EVENT_STANDBY_OUTPUTs     ; 0 / 5 ( 0 % )             ;
; HPS_INTERFACE_MPU_GENERAL_PURPOSE_INPUTs    ; 0 / 32 ( 0 % )            ;
; HPS_INTERFACE_MPU_GENERAL_PURPOSE_OUTPUTs   ; 0 / 32 ( 0 % )            ;
; HPS_INTERFACE_PERIPHERAL_CAN_INPUTs         ; 0 / 2 ( 0 % )             ;
; HPS_INTERFACE_PERIPHERAL_CAN_OUTPUTs        ; 0 / 2 ( 0 % )             ;
; HPS_INTERFACE_PERIPHERAL_EMAC_INPUTs        ; 0 / 32 ( 0 % )            ;
; HPS_INTERFACE_PERIPHERAL_EMAC_OUTPUTs       ; 0 / 34 ( 0 % )            ;
; HPS_INTERFACE_PERIPHERAL_I2C_INPUTs         ; 0 / 8 ( 0 % )             ;
; HPS_INTERFACE_PERIPHERAL_I2C_OUTPUTs        ; 0 / 8 ( 0 % )             ;
; HPS_INTERFACE_PERIPHERAL_NAND_INPUTs        ; 0 / 12 ( 0 % )            ;
; HPS_INTERFACE_PERIPHERAL_NAND_OUTPUTs       ; 0 / 18 ( 0 % )            ;
; HPS_INTERFACE_PERIPHERAL_QSPI_INPUTs        ; 0 / 4 ( 0 % )             ;
; HPS_INTERFACE_PERIPHERAL_QSPI_OUTPUTs       ; 0 / 13 ( 0 % )            ;
; HPS_INTERFACE_PERIPHERAL_SDMMC_INPUTs       ; 0 / 13 ( 0 % )            ;
; HPS_INTERFACE_PERIPHERAL_SDMMC_OUTPUTs      ; 0 / 22 ( 0 % )            ;
; HPS_INTERFACE_PERIPHERAL_SPI_MASTER_INPUTs  ; 0 / 4 ( 0 % )             ;
; HPS_INTERFACE_PERIPHERAL_SPI_MASTER_OUTPUTs ; 0 / 14 ( 0 % )            ;
; HPS_INTERFACE_PERIPHERAL_SPI_SLAVE_INPUTs   ; 0 / 6 ( 0 % )             ;
; HPS_INTERFACE_PERIPHERAL_SPI_SLAVE_OUTPUTs  ; 0 / 4 ( 0 % )             ;
; HPS_INTERFACE_PERIPHERAL_UART_INPUTs        ; 0 / 10 ( 0 % )            ;
; HPS_INTERFACE_PERIPHERAL_UART_OUTPUTs       ; 0 / 10 ( 0 % )            ;
; HPS_INTERFACE_PERIPHERAL_USB_INPUTs         ; 0 / 22 ( 0 % )            ;
; HPS_INTERFACE_PERIPHERAL_USB_OUTPUTs        ; 0 / 34 ( 0 % )            ;
; HPS_INTERFACE_STM_EVENT_INPUTs              ; 0 / 28 ( 0 % )            ;
; HPS_INTERFACE_TEST_INPUTs                   ; 0 / 610 ( 0 % )           ;
; HPS_INTERFACE_TEST_OUTPUTs                  ; 0 / 513 ( 0 % )           ;
; HPS_INTERFACE_TPIU_TRACE_INPUTs             ; 0 / 2 ( 0 % )             ;
; HPS_INTERFACE_TPIU_TRACE_OUTPUTs            ; 0 / 33 ( 0 % )            ;
; Horizontal periphery clocks                 ; 0 / 72 ( 0 % )            ;
; Local interconnects                         ; 679 / 84,580 ( < 1 % )    ;
; Quadrant clocks                             ; 0 / 66 ( 0 % )            ;
; R14 interconnects                           ; 37 / 12,676 ( < 1 % )     ;
; R14/C12 interconnect drivers                ; 60 / 20,720 ( < 1 % )     ;
; R3 interconnects                            ; 1,354 / 130,992 ( 1 % )   ;
; R6 interconnects                            ; 2,262 / 266,960 ( < 1 % ) ;
; Spine clocks                                ; 3 / 360 ( < 1 % )         ;
; Wire stub REs                               ; 0 / 15,858 ( 0 % )        ;
+---------------------------------------------+---------------------------+


+------------------------------------------+
; I/O Rules Summary                        ;
+----------------------------------+-------+
; I/O Rules Statistic              ; Total ;
+----------------------------------+-------+
; Total I/O Rules                  ; 28    ;
; Number of I/O Rules Passed       ; 9     ;
; Number of I/O Rules Failed       ; 0     ;
; Number of I/O Rules Unchecked    ; 0     ;
; Number of I/O Rules Inapplicable ; 19    ;
+----------------------------------+-------+


+-----------------------------------------------------------------------------------------------------------------------------------------------------------------------------------------------------------------------------------------------------------------------------------+
; I/O Rules Details                                                                                                                                                                                                                                                                 ;
+--------------+-----------+-----------------------------------+------------------------------------------------------------------------------------+----------+--------------------------------------------------------------------------+---------------------+-------------------+
; Status       ; ID        ; Category                          ; Rule Description                                                                   ; Severity ; Information                                                              ; Area                ; Extra Information ;
+--------------+-----------+-----------------------------------+------------------------------------------------------------------------------------+----------+--------------------------------------------------------------------------+---------------------+-------------------+
; Inapplicable ; IO_000002 ; Capacity Checks                   ; Number of clocks in an I/O bank should not exceed the number of clocks available.  ; Critical ; No Global Signal assignments found.                                      ; I/O                 ;                   ;
; Pass         ; IO_000003 ; Capacity Checks                   ; Number of pins in a Vrefgroup should not exceed the number of locations available. ; Critical ; 0 such failures found.                                                   ; I/O                 ;                   ;
; Pass         ; IO_000001 ; Capacity Checks                   ; Number of pins in an I/O bank should not exceed the number of locations available. ; Critical ; 0 such failures found.                                                   ; I/O                 ;                   ;
; Inapplicable ; IO_000004 ; Voltage Compatibility Checks      ; The I/O bank should support the requested VCCIO.                                   ; Critical ; No IOBANK_VCCIO assignments found.                                       ; I/O                 ;                   ;
; Inapplicable ; IO_000005 ; Voltage Compatibility Checks      ; The I/O bank should not have competing VREF values.                                ; Critical ; No VREF I/O Standard assignments found.                                  ; I/O                 ;                   ;
; Pass         ; IO_000006 ; Voltage Compatibility Checks      ; The I/O bank should not have competing VCCIO values.                               ; Critical ; 0 such failures found.                                                   ; I/O                 ;                   ;
; Pass         ; IO_000007 ; Valid Location Checks             ; Checks for unavailable locations.                                                  ; Critical ; 0 such failures found.                                                   ; I/O                 ;                   ;
; Inapplicable ; IO_000008 ; Valid Location Checks             ; Checks for reserved locations.                                                     ; Critical ; No reserved LogicLock region found.                                      ; I/O                 ;                   ;
; Inapplicable ; IO_000022 ; I/O Properties Checks for One I/O ; The I/O standard should support the requested Bus Hold value.                      ; Critical ; No Enable Bus-Hold Circuitry assignments found.                          ; I/O                 ;                   ;
; Inapplicable ; IO_000021 ; I/O Properties Checks for One I/O ; The I/O standard should support the requested Weak Pull Up value.                  ; Critical ; No Weak Pull-Up Resistor assignments found.                              ; I/O                 ;                   ;
; Inapplicable ; IO_000046 ; I/O Properties Checks for One I/O ; The location should support the requested Slew Rate value.                         ; Critical ; No Slew Rate assignments found.                                          ; I/O                 ;                   ;
; Inapplicable ; IO_000023 ; I/O Properties Checks for One I/O ; The I/O standard should support the Open Drain value.                              ; Critical ; No open drain assignments found.                                         ; I/O                 ;                   ;
; Pass         ; IO_000024 ; I/O Properties Checks for One I/O ; The I/O direction should support the On Chip Termination value.                    ; Critical ; 0 such failures found.                                                   ; I/O                 ;                   ;
; Inapplicable ; IO_000026 ; I/O Properties Checks for One I/O ; On Chip Termination and Current Strength should not be used at the same time.      ; Critical ; No Current Strength assignments found.                                   ; I/O                 ;                   ;
; Inapplicable ; IO_000027 ; I/O Properties Checks for One I/O ; Weak Pull Up and Bus Hold should not be used at the same time.                     ; Critical ; No Enable Bus-Hold Circuitry or Weak Pull-Up Resistor assignments found. ; I/O                 ;                   ;
; Inapplicable ; IO_000045 ; I/O Properties Checks for One I/O ; The I/O standard should support the requested Slew Rate value.                     ; Critical ; No Slew Rate assignments found.                                          ; I/O                 ;                   ;
; Inapplicable ; IO_000047 ; I/O Properties Checks for One I/O ; On Chip Termination and Slew Rate should not be used at the same time.             ; Critical ; No Slew Rate assignments found.                                          ; I/O                 ;                   ;
; Inapplicable ; IO_000020 ; I/O Properties Checks for One I/O ; The I/O standard should support the requested PCI Clamp Diode.                     ; Critical ; No Clamping Diode assignments found.                                     ; I/O                 ;                   ;
; Pass         ; IO_000019 ; I/O Properties Checks for One I/O ; The I/O standard should support the requested On Chip Termination value.           ; Critical ; 0 such failures found.                                                   ; I/O                 ;                   ;
; Inapplicable ; IO_000018 ; I/O Properties Checks for One I/O ; The I/O standard should support the requested Current Strength.                    ; Critical ; No Current Strength assignments found.                                   ; I/O                 ;                   ;
; Inapplicable ; IO_000015 ; I/O Properties Checks for One I/O ; The location should support the requested PCI Clamp Diode.                         ; Critical ; No Clamping Diode assignments found.                                     ; I/O                 ;                   ;
; Inapplicable ; IO_000014 ; I/O Properties Checks for One I/O ; The location should support the requested Weak Pull Up value.                      ; Critical ; No Weak Pull-Up Resistor assignments found.                              ; I/O                 ;                   ;
; Inapplicable ; IO_000013 ; I/O Properties Checks for One I/O ; The location should support the requested Bus Hold value.                          ; Critical ; No Enable Bus-Hold Circuitry assignments found.                          ; I/O                 ;                   ;
; Pass         ; IO_000012 ; I/O Properties Checks for One I/O ; The location should support the requested On Chip Termination value.               ; Critical ; 0 such failures found.                                                   ; I/O                 ;                   ;
; Inapplicable ; IO_000011 ; I/O Properties Checks for One I/O ; The location should support the requested Current Strength.                        ; Critical ; No Current Strength assignments found.                                   ; I/O                 ;                   ;
; Pass         ; IO_000010 ; I/O Properties Checks for One I/O ; The location should support the requested I/O direction.                           ; Critical ; 0 such failures found.                                                   ; I/O                 ;                   ;
; Pass         ; IO_000009 ; I/O Properties Checks for One I/O ; The location should support the requested I/O standard.                            ; Critical ; 0 such failures found.                                                   ; I/O                 ;                   ;
; Inapplicable ; IO_000034 ; SI Related Distance Checks        ; Single-ended outputs should be 0 LAB row(s) away from a differential I/O.          ; High     ; No Differential I/O Standard assignments found.                          ; I/O                 ;                   ;
; ----         ; ----      ; Disclaimer                        ; OCT rules are checked but not reported.                                            ; None     ; ----                                                                     ; On Chip Termination ;                   ;
+--------------+-----------+-----------------------------------+------------------------------------------------------------------------------------+----------+--------------------------------------------------------------------------+---------------------+-------------------+


+-----------------------------------------------------------------------------------------------------------------------------------------------------------------------------------------------------------------------------------------------------------------------------------------------------------------------------------------------------------------------------------------------------------------------------------------------------------------------------+
; I/O Rules Matrix                                                                                                                                                                                                                                                                                                                                                                                                                                                            ;
+--------------------------------------------------+--------------+--------------+--------------+--------------+--------------+-----------+--------------+--------------+--------------+--------------+--------------+--------------+--------------+--------------+--------------+--------------+--------------+--------------+--------------+--------------+--------------+--------------+--------------+--------------+--------------+-----------+-----------+--------------+
; Pin/Rules                                        ; IO_000002    ; IO_000003    ; IO_000001    ; IO_000004    ; IO_000005    ; IO_000006 ; IO_000007    ; IO_000008    ; IO_000022    ; IO_000021    ; IO_000046    ; IO_000023    ; IO_000024    ; IO_000026    ; IO_000027    ; IO_000045    ; IO_000047    ; IO_000020    ; IO_000019    ; IO_000018    ; IO_000015    ; IO_000014    ; IO_000013    ; IO_000012    ; IO_000011    ; IO_000010 ; IO_000009 ; IO_000034    ;
+--------------------------------------------------+--------------+--------------+--------------+--------------+--------------+-----------+--------------+--------------+--------------+--------------+--------------+--------------+--------------+--------------+--------------+--------------+--------------+--------------+--------------+--------------+--------------+--------------+--------------+--------------+--------------+-----------+-----------+--------------+
; Total Pass                                       ; 0            ; 7            ; 7            ; 0            ; 0            ; 76        ; 7            ; 0            ; 0            ; 0            ; 0            ; 0            ; 36           ; 0            ; 0            ; 0            ; 0            ; 0            ; 36           ; 0            ; 0            ; 0            ; 0            ; 36           ; 0            ; 76        ; 76        ; 0            ;
; Total Unchecked                                  ; 0            ; 0            ; 0            ; 0            ; 0            ; 0         ; 0            ; 0            ; 0            ; 0            ; 0            ; 0            ; 0            ; 0            ; 0            ; 0            ; 0            ; 0            ; 0            ; 0            ; 0            ; 0            ; 0            ; 0            ; 0            ; 0         ; 0         ; 0            ;
; Total Inapplicable                               ; 76           ; 69           ; 69           ; 76           ; 76           ; 0         ; 69           ; 76           ; 76           ; 76           ; 76           ; 76           ; 40           ; 76           ; 76           ; 76           ; 76           ; 76           ; 40           ; 76           ; 76           ; 76           ; 76           ; 40           ; 76           ; 0         ; 0         ; 76           ;
; Total Fail                                       ; 0            ; 0            ; 0            ; 0            ; 0            ; 0         ; 0            ; 0            ; 0            ; 0            ; 0            ; 0            ; 0            ; 0            ; 0            ; 0            ; 0            ; 0            ; 0            ; 0            ; 0            ; 0            ; 0            ; 0            ; 0            ; 0         ; 0         ; 0            ;
; audio_0_external_interface_DACDAT                ; Inapplicable ; Pass         ; Pass         ; Inapplicable ; Inapplicable ; Pass      ; Pass         ; Inapplicable ; Inapplicable ; Inapplicable ; Inapplicable ; Inapplicable ; Pass         ; Inapplicable ; Inapplicable ; Inapplicable ; Inapplicable ; Inapplicable ; Pass         ; Inapplicable ; Inapplicable ; Inapplicable ; Inapplicable ; Pass         ; Inapplicable ; Pass      ; Pass      ; Inapplicable ;
; audio_and_video_config_0_external_interface_SCLK ; Inapplicable ; Pass         ; Pass         ; Inapplicable ; Inapplicable ; Pass      ; Pass         ; Inapplicable ; Inapplicable ; Inapplicable ; Inapplicable ; Inapplicable ; Pass         ; Inapplicable ; Inapplicable ; Inapplicable ; Inapplicable ; Inapplicable ; Pass         ; Inapplicable ; Inapplicable ; Inapplicable ; Inapplicable ; Pass         ; Inapplicable ; Pass      ; Pass      ; Inapplicable ;
; audio_pll_0_audio_clk_clk                        ; Inapplicable ; Inapplicable ; Inapplicable ; Inapplicable ; Inapplicable ; Pass      ; Inapplicable ; Inapplicable ; Inapplicable ; Inapplicable ; Inapplicable ; Inapplicable ; Pass         ; Inapplicable ; Inapplicable ; Inapplicable ; Inapplicable ; Inapplicable ; Pass         ; Inapplicable ; Inapplicable ; Inapplicable ; Inapplicable ; Pass         ; Inapplicable ; Pass      ; Pass      ; Inapplicable ;
; leds_export[0]                                   ; Inapplicable ; Inapplicable ; Inapplicable ; Inapplicable ; Inapplicable ; Pass      ; Inapplicable ; Inapplicable ; Inapplicable ; Inapplicable ; Inapplicable ; Inapplicable ; Pass         ; Inapplicable ; Inapplicable ; Inapplicable ; Inapplicable ; Inapplicable ; Pass         ; Inapplicable ; Inapplicable ; Inapplicable ; Inapplicable ; Pass         ; Inapplicable ; Pass      ; Pass      ; Inapplicable ;
; leds_export[1]                                   ; Inapplicable ; Inapplicable ; Inapplicable ; Inapplicable ; Inapplicable ; Pass      ; Inapplicable ; Inapplicable ; Inapplicable ; Inapplicable ; Inapplicable ; Inapplicable ; Pass         ; Inapplicable ; Inapplicable ; Inapplicable ; Inapplicable ; Inapplicable ; Pass         ; Inapplicable ; Inapplicable ; Inapplicable ; Inapplicable ; Pass         ; Inapplicable ; Pass      ; Pass      ; Inapplicable ;
; leds_export[2]                                   ; Inapplicable ; Inapplicable ; Inapplicable ; Inapplicable ; Inapplicable ; Pass      ; Inapplicable ; Inapplicable ; Inapplicable ; Inapplicable ; Inapplicable ; Inapplicable ; Pass         ; Inapplicable ; Inapplicable ; Inapplicable ; Inapplicable ; Inapplicable ; Pass         ; Inapplicable ; Inapplicable ; Inapplicable ; Inapplicable ; Pass         ; Inapplicable ; Pass      ; Pass      ; Inapplicable ;
; leds_export[3]                                   ; Inapplicable ; Inapplicable ; Inapplicable ; Inapplicable ; Inapplicable ; Pass      ; Inapplicable ; Inapplicable ; Inapplicable ; Inapplicable ; Inapplicable ; Inapplicable ; Pass         ; Inapplicable ; Inapplicable ; Inapplicable ; Inapplicable ; Inapplicable ; Pass         ; Inapplicable ; Inapplicable ; Inapplicable ; Inapplicable ; Pass         ; Inapplicable ; Pass      ; Pass      ; Inapplicable ;
; leds_export[4]                                   ; Inapplicable ; Inapplicable ; Inapplicable ; Inapplicable ; Inapplicable ; Pass      ; Inapplicable ; Inapplicable ; Inapplicable ; Inapplicable ; Inapplicable ; Inapplicable ; Pass         ; Inapplicable ; Inapplicable ; Inapplicable ; Inapplicable ; Inapplicable ; Pass         ; Inapplicable ; Inapplicable ; Inapplicable ; Inapplicable ; Pass         ; Inapplicable ; Pass      ; Pass      ; Inapplicable ;
; leds_export[5]                                   ; Inapplicable ; Inapplicable ; Inapplicable ; Inapplicable ; Inapplicable ; Pass      ; Inapplicable ; Inapplicable ; Inapplicable ; Inapplicable ; Inapplicable ; Inapplicable ; Pass         ; Inapplicable ; Inapplicable ; Inapplicable ; Inapplicable ; Inapplicable ; Pass         ; Inapplicable ; Inapplicable ; Inapplicable ; Inapplicable ; Pass         ; Inapplicable ; Pass      ; Pass      ; Inapplicable ;
; leds_export[6]                                   ; Inapplicable ; Inapplicable ; Inapplicable ; Inapplicable ; Inapplicable ; Pass      ; Inapplicable ; Inapplicable ; Inapplicable ; Inapplicable ; Inapplicable ; Inapplicable ; Pass         ; Inapplicable ; Inapplicable ; Inapplicable ; Inapplicable ; Inapplicable ; Pass         ; Inapplicable ; Inapplicable ; Inapplicable ; Inapplicable ; Pass         ; Inapplicable ; Pass      ; Pass      ; Inapplicable ;
; leds_export[7]                                   ; Inapplicable ; Inapplicable ; Inapplicable ; Inapplicable ; Inapplicable ; Pass      ; Inapplicable ; Inapplicable ; Inapplicable ; Inapplicable ; Inapplicable ; Inapplicable ; Pass         ; Inapplicable ; Inapplicable ; Inapplicable ; Inapplicable ; Inapplicable ; Pass         ; Inapplicable ; Inapplicable ; Inapplicable ; Inapplicable ; Pass         ; Inapplicable ; Pass      ; Pass      ; Inapplicable ;
; leds_export[8]                                   ; Inapplicable ; Inapplicable ; Inapplicable ; Inapplicable ; Inapplicable ; Pass      ; Inapplicable ; Inapplicable ; Inapplicable ; Inapplicable ; Inapplicable ; Inapplicable ; Pass         ; Inapplicable ; Inapplicable ; Inapplicable ; Inapplicable ; Inapplicable ; Pass         ; Inapplicable ; Inapplicable ; Inapplicable ; Inapplicable ; Pass         ; Inapplicable ; Pass      ; Pass      ; Inapplicable ;
; leds_export[9]                                   ; Inapplicable ; Inapplicable ; Inapplicable ; Inapplicable ; Inapplicable ; Pass      ; Inapplicable ; Inapplicable ; Inapplicable ; Inapplicable ; Inapplicable ; Inapplicable ; Pass         ; Inapplicable ; Inapplicable ; Inapplicable ; Inapplicable ; Inapplicable ; Pass         ; Inapplicable ; Inapplicable ; Inapplicable ; Inapplicable ; Pass         ; Inapplicable ; Pass      ; Pass      ; Inapplicable ;
; leds_export[10]                                  ; Inapplicable ; Inapplicable ; Inapplicable ; Inapplicable ; Inapplicable ; Pass      ; Inapplicable ; Inapplicable ; Inapplicable ; Inapplicable ; Inapplicable ; Inapplicable ; Pass         ; Inapplicable ; Inapplicable ; Inapplicable ; Inapplicable ; Inapplicable ; Pass         ; Inapplicable ; Inapplicable ; Inapplicable ; Inapplicable ; Pass         ; Inapplicable ; Pass      ; Pass      ; Inapplicable ;
; leds_export[11]                                  ; Inapplicable ; Inapplicable ; Inapplicable ; Inapplicable ; Inapplicable ; Pass      ; Inapplicable ; Inapplicable ; Inapplicable ; Inapplicable ; Inapplicable ; Inapplicable ; Pass         ; Inapplicable ; Inapplicable ; Inapplicable ; Inapplicable ; Inapplicable ; Pass         ; Inapplicable ; Inapplicable ; Inapplicable ; Inapplicable ; Pass         ; Inapplicable ; Pass      ; Pass      ; Inapplicable ;
; leds_export[12]                                  ; Inapplicable ; Inapplicable ; Inapplicable ; Inapplicable ; Inapplicable ; Pass      ; Inapplicable ; Inapplicable ; Inapplicable ; Inapplicable ; Inapplicable ; Inapplicable ; Pass         ; Inapplicable ; Inapplicable ; Inapplicable ; Inapplicable ; Inapplicable ; Pass         ; Inapplicable ; Inapplicable ; Inapplicable ; Inapplicable ; Pass         ; Inapplicable ; Pass      ; Pass      ; Inapplicable ;
; leds_export[13]                                  ; Inapplicable ; Inapplicable ; Inapplicable ; Inapplicable ; Inapplicable ; Pass      ; Inapplicable ; Inapplicable ; Inapplicable ; Inapplicable ; Inapplicable ; Inapplicable ; Pass         ; Inapplicable ; Inapplicable ; Inapplicable ; Inapplicable ; Inapplicable ; Pass         ; Inapplicable ; Inapplicable ; Inapplicable ; Inapplicable ; Pass         ; Inapplicable ; Pass      ; Pass      ; Inapplicable ;
; leds_export[14]                                  ; Inapplicable ; Inapplicable ; Inapplicable ; Inapplicable ; Inapplicable ; Pass      ; Inapplicable ; Inapplicable ; Inapplicable ; Inapplicable ; Inapplicable ; Inapplicable ; Pass         ; Inapplicable ; Inapplicable ; Inapplicable ; Inapplicable ; Inapplicable ; Pass         ; Inapplicable ; Inapplicable ; Inapplicable ; Inapplicable ; Pass         ; Inapplicable ; Pass      ; Pass      ; Inapplicable ;
; leds_export[15]                                  ; Inapplicable ; Inapplicable ; Inapplicable ; Inapplicable ; Inapplicable ; Pass      ; Inapplicable ; Inapplicable ; Inapplicable ; Inapplicable ; Inapplicable ; Inapplicable ; Pass         ; Inapplicable ; Inapplicable ; Inapplicable ; Inapplicable ; Inapplicable ; Pass         ; Inapplicable ; Inapplicable ; Inapplicable ; Inapplicable ; Pass         ; Inapplicable ; Pass      ; Pass      ; Inapplicable ;
; leds_export[16]                                  ; Inapplicable ; Inapplicable ; Inapplicable ; Inapplicable ; Inapplicable ; Pass      ; Inapplicable ; Inapplicable ; Inapplicable ; Inapplicable ; Inapplicable ; Inapplicable ; Pass         ; Inapplicable ; Inapplicable ; Inapplicable ; Inapplicable ; Inapplicable ; Pass         ; Inapplicable ; Inapplicable ; Inapplicable ; Inapplicable ; Pass         ; Inapplicable ; Pass      ; Pass      ; Inapplicable ;
; leds_export[17]                                  ; Inapplicable ; Inapplicable ; Inapplicable ; Inapplicable ; Inapplicable ; Pass      ; Inapplicable ; Inapplicable ; Inapplicable ; Inapplicable ; Inapplicable ; Inapplicable ; Pass         ; Inapplicable ; Inapplicable ; Inapplicable ; Inapplicable ; Inapplicable ; Pass         ; Inapplicable ; Inapplicable ; Inapplicable ; Inapplicable ; Pass         ; Inapplicable ; Pass      ; Pass      ; Inapplicable ;
; leds_export[18]                                  ; Inapplicable ; Inapplicable ; Inapplicable ; Inapplicable ; Inapplicable ; Pass      ; Inapplicable ; Inapplicable ; Inapplicable ; Inapplicable ; Inapplicable ; Inapplicable ; Pass         ; Inapplicable ; Inapplicable ; Inapplicable ; Inapplicable ; Inapplicable ; Pass         ; Inapplicable ; Inapplicable ; Inapplicable ; Inapplicable ; Pass         ; Inapplicable ; Pass      ; Pass      ; Inapplicable ;
; leds_export[19]                                  ; Inapplicable ; Inapplicable ; Inapplicable ; Inapplicable ; Inapplicable ; Pass      ; Inapplicable ; Inapplicable ; Inapplicable ; Inapplicable ; Inapplicable ; Inapplicable ; Pass         ; Inapplicable ; Inapplicable ; Inapplicable ; Inapplicable ; Inapplicable ; Pass         ; Inapplicable ; Inapplicable ; Inapplicable ; Inapplicable ; Pass         ; Inapplicable ; Pass      ; Pass      ; Inapplicable ;
; leds_export[20]                                  ; Inapplicable ; Inapplicable ; Inapplicable ; Inapplicable ; Inapplicable ; Pass      ; Inapplicable ; Inapplicable ; Inapplicable ; Inapplicable ; Inapplicable ; Inapplicable ; Pass         ; Inapplicable ; Inapplicable ; Inapplicable ; Inapplicable ; Inapplicable ; Pass         ; Inapplicable ; Inapplicable ; Inapplicable ; Inapplicable ; Pass         ; Inapplicable ; Pass      ; Pass      ; Inapplicable ;
; leds_export[21]                                  ; Inapplicable ; Inapplicable ; Inapplicable ; Inapplicable ; Inapplicable ; Pass      ; Inapplicable ; Inapplicable ; Inapplicable ; Inapplicable ; Inapplicable ; Inapplicable ; Pass         ; Inapplicable ; Inapplicable ; Inapplicable ; Inapplicable ; Inapplicable ; Pass         ; Inapplicable ; Inapplicable ; Inapplicable ; Inapplicable ; Pass         ; Inapplicable ; Pass      ; Pass      ; Inapplicable ;
; leds_export[22]                                  ; Inapplicable ; Inapplicable ; Inapplicable ; Inapplicable ; Inapplicable ; Pass      ; Inapplicable ; Inapplicable ; Inapplicable ; Inapplicable ; Inapplicable ; Inapplicable ; Pass         ; Inapplicable ; Inapplicable ; Inapplicable ; Inapplicable ; Inapplicable ; Pass         ; Inapplicable ; Inapplicable ; Inapplicable ; Inapplicable ; Pass         ; Inapplicable ; Pass      ; Pass      ; Inapplicable ;
; leds_export[23]                                  ; Inapplicable ; Inapplicable ; Inapplicable ; Inapplicable ; Inapplicable ; Pass      ; Inapplicable ; Inapplicable ; Inapplicable ; Inapplicable ; Inapplicable ; Inapplicable ; Pass         ; Inapplicable ; Inapplicable ; Inapplicable ; Inapplicable ; Inapplicable ; Pass         ; Inapplicable ; Inapplicable ; Inapplicable ; Inapplicable ; Pass         ; Inapplicable ; Pass      ; Pass      ; Inapplicable ;
; leds_export[24]                                  ; Inapplicable ; Inapplicable ; Inapplicable ; Inapplicable ; Inapplicable ; Pass      ; Inapplicable ; Inapplicable ; Inapplicable ; Inapplicable ; Inapplicable ; Inapplicable ; Pass         ; Inapplicable ; Inapplicable ; Inapplicable ; Inapplicable ; Inapplicable ; Pass         ; Inapplicable ; Inapplicable ; Inapplicable ; Inapplicable ; Pass         ; Inapplicable ; Pass      ; Pass      ; Inapplicable ;
; leds_export[25]                                  ; Inapplicable ; Inapplicable ; Inapplicable ; Inapplicable ; Inapplicable ; Pass      ; Inapplicable ; Inapplicable ; Inapplicable ; Inapplicable ; Inapplicable ; Inapplicable ; Pass         ; Inapplicable ; Inapplicable ; Inapplicable ; Inapplicable ; Inapplicable ; Pass         ; Inapplicable ; Inapplicable ; Inapplicable ; Inapplicable ; Pass         ; Inapplicable ; Pass      ; Pass      ; Inapplicable ;
; leds_export[26]                                  ; Inapplicable ; Inapplicable ; Inapplicable ; Inapplicable ; Inapplicable ; Pass      ; Inapplicable ; Inapplicable ; Inapplicable ; Inapplicable ; Inapplicable ; Inapplicable ; Pass         ; Inapplicable ; Inapplicable ; Inapplicable ; Inapplicable ; Inapplicable ; Pass         ; Inapplicable ; Inapplicable ; Inapplicable ; Inapplicable ; Pass         ; Inapplicable ; Pass      ; Pass      ; Inapplicable ;
; leds_export[27]                                  ; Inapplicable ; Inapplicable ; Inapplicable ; Inapplicable ; Inapplicable ; Pass      ; Inapplicable ; Inapplicable ; Inapplicable ; Inapplicable ; Inapplicable ; Inapplicable ; Pass         ; Inapplicable ; Inapplicable ; Inapplicable ; Inapplicable ; Inapplicable ; Pass         ; Inapplicable ; Inapplicable ; Inapplicable ; Inapplicable ; Pass         ; Inapplicable ; Pass      ; Pass      ; Inapplicable ;
; leds_export[28]                                  ; Inapplicable ; Inapplicable ; Inapplicable ; Inapplicable ; Inapplicable ; Pass      ; Inapplicable ; Inapplicable ; Inapplicable ; Inapplicable ; Inapplicable ; Inapplicable ; Pass         ; Inapplicable ; Inapplicable ; Inapplicable ; Inapplicable ; Inapplicable ; Pass         ; Inapplicable ; Inapplicable ; Inapplicable ; Inapplicable ; Pass         ; Inapplicable ; Pass      ; Pass      ; Inapplicable ;
; leds_export[29]                                  ; Inapplicable ; Inapplicable ; Inapplicable ; Inapplicable ; Inapplicable ; Pass      ; Inapplicable ; Inapplicable ; Inapplicable ; Inapplicable ; Inapplicable ; Inapplicable ; Pass         ; Inapplicable ; Inapplicable ; Inapplicable ; Inapplicable ; Inapplicable ; Pass         ; Inapplicable ; Inapplicable ; Inapplicable ; Inapplicable ; Pass         ; Inapplicable ; Pass      ; Pass      ; Inapplicable ;
; leds_export[30]                                  ; Inapplicable ; Inapplicable ; Inapplicable ; Inapplicable ; Inapplicable ; Pass      ; Inapplicable ; Inapplicable ; Inapplicable ; Inapplicable ; Inapplicable ; Inapplicable ; Pass         ; Inapplicable ; Inapplicable ; Inapplicable ; Inapplicable ; Inapplicable ; Pass         ; Inapplicable ; Inapplicable ; Inapplicable ; Inapplicable ; Pass         ; Inapplicable ; Pass      ; Pass      ; Inapplicable ;
; leds_export[31]                                  ; Inapplicable ; Inapplicable ; Inapplicable ; Inapplicable ; Inapplicable ; Pass      ; Inapplicable ; Inapplicable ; Inapplicable ; Inapplicable ; Inapplicable ; Inapplicable ; Pass         ; Inapplicable ; Inapplicable ; Inapplicable ; Inapplicable ; Inapplicable ; Pass         ; Inapplicable ; Inapplicable ; Inapplicable ; Inapplicable ; Pass         ; Inapplicable ; Pass      ; Pass      ; Inapplicable ;
; audio_and_video_config_0_external_interface_SDAT ; Inapplicable ; Pass         ; Pass         ; Inapplicable ; Inapplicable ; Pass      ; Pass         ; Inapplicable ; Inapplicable ; Inapplicable ; Inapplicable ; Inapplicable ; Pass         ; Inapplicable ; Inapplicable ; Inapplicable ; Inapplicable ; Inapplicable ; Pass         ; Inapplicable ; Inapplicable ; Inapplicable ; Inapplicable ; Pass         ; Inapplicable ; Pass      ; Pass      ; Inapplicable ;
; clk_clk                                          ; Inapplicable ; Pass         ; Pass         ; Inapplicable ; Inapplicable ; Pass      ; Pass         ; Inapplicable ; Inapplicable ; Inapplicable ; Inapplicable ; Inapplicable ; Inapplicable ; Inapplicable ; Inapplicable ; Inapplicable ; Inapplicable ; Inapplicable ; Inapplicable ; Inapplicable ; Inapplicable ; Inapplicable ; Inapplicable ; Inapplicable ; Inapplicable ; Pass      ; Pass      ; Inapplicable ;
; reset_reset_n                                    ; Inapplicable ; Pass         ; Pass         ; Inapplicable ; Inapplicable ; Pass      ; Pass         ; Inapplicable ; Inapplicable ; Inapplicable ; Inapplicable ; Inapplicable ; Inapplicable ; Inapplicable ; Inapplicable ; Inapplicable ; Inapplicable ; Inapplicable ; Inapplicable ; Inapplicable ; Inapplicable ; Inapplicable ; Inapplicable ; Inapplicable ; Inapplicable ; Pass      ; Pass      ; Inapplicable ;
; audio_0_external_interface_DACLRCK               ; Inapplicable ; Pass         ; Pass         ; Inapplicable ; Inapplicable ; Pass      ; Pass         ; Inapplicable ; Inapplicable ; Inapplicable ; Inapplicable ; Inapplicable ; Inapplicable ; Inapplicable ; Inapplicable ; Inapplicable ; Inapplicable ; Inapplicable ; Inapplicable ; Inapplicable ; Inapplicable ; Inapplicable ; Inapplicable ; Inapplicable ; Inapplicable ; Pass      ; Pass      ; Inapplicable ;
; audio_0_external_interface_BCLK                  ; Inapplicable ; Pass         ; Pass         ; Inapplicable ; Inapplicable ; Pass      ; Pass         ; Inapplicable ; Inapplicable ; Inapplicable ; Inapplicable ; Inapplicable ; Inapplicable ; Inapplicable ; Inapplicable ; Inapplicable ; Inapplicable ; Inapplicable ; Inapplicable ; Inapplicable ; Inapplicable ; Inapplicable ; Inapplicable ; Inapplicable ; Inapplicable ; Pass      ; Pass      ; Inapplicable ;
; buttons_export[0]                                ; Inapplicable ; Inapplicable ; Inapplicable ; Inapplicable ; Inapplicable ; Pass      ; Inapplicable ; Inapplicable ; Inapplicable ; Inapplicable ; Inapplicable ; Inapplicable ; Inapplicable ; Inapplicable ; Inapplicable ; Inapplicable ; Inapplicable ; Inapplicable ; Inapplicable ; Inapplicable ; Inapplicable ; Inapplicable ; Inapplicable ; Inapplicable ; Inapplicable ; Pass      ; Pass      ; Inapplicable ;
; buttons_export[1]                                ; Inapplicable ; Inapplicable ; Inapplicable ; Inapplicable ; Inapplicable ; Pass      ; Inapplicable ; Inapplicable ; Inapplicable ; Inapplicable ; Inapplicable ; Inapplicable ; Inapplicable ; Inapplicable ; Inapplicable ; Inapplicable ; Inapplicable ; Inapplicable ; Inapplicable ; Inapplicable ; Inapplicable ; Inapplicable ; Inapplicable ; Inapplicable ; Inapplicable ; Pass      ; Pass      ; Inapplicable ;
; buttons_export[2]                                ; Inapplicable ; Inapplicable ; Inapplicable ; Inapplicable ; Inapplicable ; Pass      ; Inapplicable ; Inapplicable ; Inapplicable ; Inapplicable ; Inapplicable ; Inapplicable ; Inapplicable ; Inapplicable ; Inapplicable ; Inapplicable ; Inapplicable ; Inapplicable ; Inapplicable ; Inapplicable ; Inapplicable ; Inapplicable ; Inapplicable ; Inapplicable ; Inapplicable ; Pass      ; Pass      ; Inapplicable ;
; buttons_export[3]                                ; Inapplicable ; Inapplicable ; Inapplicable ; Inapplicable ; Inapplicable ; Pass      ; Inapplicable ; Inapplicable ; Inapplicable ; Inapplicable ; Inapplicable ; Inapplicable ; Inapplicable ; Inapplicable ; Inapplicable ; Inapplicable ; Inapplicable ; Inapplicable ; Inapplicable ; Inapplicable ; Inapplicable ; Inapplicable ; Inapplicable ; Inapplicable ; Inapplicable ; Pass      ; Pass      ; Inapplicable ;
; buttons_export[4]                                ; Inapplicable ; Inapplicable ; Inapplicable ; Inapplicable ; Inapplicable ; Pass      ; Inapplicable ; Inapplicable ; Inapplicable ; Inapplicable ; Inapplicable ; Inapplicable ; Inapplicable ; Inapplicable ; Inapplicable ; Inapplicable ; Inapplicable ; Inapplicable ; Inapplicable ; Inapplicable ; Inapplicable ; Inapplicable ; Inapplicable ; Inapplicable ; Inapplicable ; Pass      ; Pass      ; Inapplicable ;
; buttons_export[5]                                ; Inapplicable ; Inapplicable ; Inapplicable ; Inapplicable ; Inapplicable ; Pass      ; Inapplicable ; Inapplicable ; Inapplicable ; Inapplicable ; Inapplicable ; Inapplicable ; Inapplicable ; Inapplicable ; Inapplicable ; Inapplicable ; Inapplicable ; Inapplicable ; Inapplicable ; Inapplicable ; Inapplicable ; Inapplicable ; Inapplicable ; Inapplicable ; Inapplicable ; Pass      ; Pass      ; Inapplicable ;
; buttons_export[6]                                ; Inapplicable ; Inapplicable ; Inapplicable ; Inapplicable ; Inapplicable ; Pass      ; Inapplicable ; Inapplicable ; Inapplicable ; Inapplicable ; Inapplicable ; Inapplicable ; Inapplicable ; Inapplicable ; Inapplicable ; Inapplicable ; Inapplicable ; Inapplicable ; Inapplicable ; Inapplicable ; Inapplicable ; Inapplicable ; Inapplicable ; Inapplicable ; Inapplicable ; Pass      ; Pass      ; Inapplicable ;
; buttons_export[7]                                ; Inapplicable ; Inapplicable ; Inapplicable ; Inapplicable ; Inapplicable ; Pass      ; Inapplicable ; Inapplicable ; Inapplicable ; Inapplicable ; Inapplicable ; Inapplicable ; Inapplicable ; Inapplicable ; Inapplicable ; Inapplicable ; Inapplicable ; Inapplicable ; Inapplicable ; Inapplicable ; Inapplicable ; Inapplicable ; Inapplicable ; Inapplicable ; Inapplicable ; Pass      ; Pass      ; Inapplicable ;
; buttons_export[8]                                ; Inapplicable ; Inapplicable ; Inapplicable ; Inapplicable ; Inapplicable ; Pass      ; Inapplicable ; Inapplicable ; Inapplicable ; Inapplicable ; Inapplicable ; Inapplicable ; Inapplicable ; Inapplicable ; Inapplicable ; Inapplicable ; Inapplicable ; Inapplicable ; Inapplicable ; Inapplicable ; Inapplicable ; Inapplicable ; Inapplicable ; Inapplicable ; Inapplicable ; Pass      ; Pass      ; Inapplicable ;
; buttons_export[9]                                ; Inapplicable ; Inapplicable ; Inapplicable ; Inapplicable ; Inapplicable ; Pass      ; Inapplicable ; Inapplicable ; Inapplicable ; Inapplicable ; Inapplicable ; Inapplicable ; Inapplicable ; Inapplicable ; Inapplicable ; Inapplicable ; Inapplicable ; Inapplicable ; Inapplicable ; Inapplicable ; Inapplicable ; Inapplicable ; Inapplicable ; Inapplicable ; Inapplicable ; Pass      ; Pass      ; Inapplicable ;
; buttons_export[10]                               ; Inapplicable ; Inapplicable ; Inapplicable ; Inapplicable ; Inapplicable ; Pass      ; Inapplicable ; Inapplicable ; Inapplicable ; Inapplicable ; Inapplicable ; Inapplicable ; Inapplicable ; Inapplicable ; Inapplicable ; Inapplicable ; Inapplicable ; Inapplicable ; Inapplicable ; Inapplicable ; Inapplicable ; Inapplicable ; Inapplicable ; Inapplicable ; Inapplicable ; Pass      ; Pass      ; Inapplicable ;
; buttons_export[11]                               ; Inapplicable ; Inapplicable ; Inapplicable ; Inapplicable ; Inapplicable ; Pass      ; Inapplicable ; Inapplicable ; Inapplicable ; Inapplicable ; Inapplicable ; Inapplicable ; Inapplicable ; Inapplicable ; Inapplicable ; Inapplicable ; Inapplicable ; Inapplicable ; Inapplicable ; Inapplicable ; Inapplicable ; Inapplicable ; Inapplicable ; Inapplicable ; Inapplicable ; Pass      ; Pass      ; Inapplicable ;
; buttons_export[12]                               ; Inapplicable ; Inapplicable ; Inapplicable ; Inapplicable ; Inapplicable ; Pass      ; Inapplicable ; Inapplicable ; Inapplicable ; Inapplicable ; Inapplicable ; Inapplicable ; Inapplicable ; Inapplicable ; Inapplicable ; Inapplicable ; Inapplicable ; Inapplicable ; Inapplicable ; Inapplicable ; Inapplicable ; Inapplicable ; Inapplicable ; Inapplicable ; Inapplicable ; Pass      ; Pass      ; Inapplicable ;
; buttons_export[13]                               ; Inapplicable ; Inapplicable ; Inapplicable ; Inapplicable ; Inapplicable ; Pass      ; Inapplicable ; Inapplicable ; Inapplicable ; Inapplicable ; Inapplicable ; Inapplicable ; Inapplicable ; Inapplicable ; Inapplicable ; Inapplicable ; Inapplicable ; Inapplicable ; Inapplicable ; Inapplicable ; Inapplicable ; Inapplicable ; Inapplicable ; Inapplicable ; Inapplicable ; Pass      ; Pass      ; Inapplicable ;
; buttons_export[14]                               ; Inapplicable ; Inapplicable ; Inapplicable ; Inapplicable ; Inapplicable ; Pass      ; Inapplicable ; Inapplicable ; Inapplicable ; Inapplicable ; Inapplicable ; Inapplicable ; Inapplicable ; Inapplicable ; Inapplicable ; Inapplicable ; Inapplicable ; Inapplicable ; Inapplicable ; Inapplicable ; Inapplicable ; Inapplicable ; Inapplicable ; Inapplicable ; Inapplicable ; Pass      ; Pass      ; Inapplicable ;
; buttons_export[15]                               ; Inapplicable ; Inapplicable ; Inapplicable ; Inapplicable ; Inapplicable ; Pass      ; Inapplicable ; Inapplicable ; Inapplicable ; Inapplicable ; Inapplicable ; Inapplicable ; Inapplicable ; Inapplicable ; Inapplicable ; Inapplicable ; Inapplicable ; Inapplicable ; Inapplicable ; Inapplicable ; Inapplicable ; Inapplicable ; Inapplicable ; Inapplicable ; Inapplicable ; Pass      ; Pass      ; Inapplicable ;
; buttons_export[16]                               ; Inapplicable ; Inapplicable ; Inapplicable ; Inapplicable ; Inapplicable ; Pass      ; Inapplicable ; Inapplicable ; Inapplicable ; Inapplicable ; Inapplicable ; Inapplicable ; Inapplicable ; Inapplicable ; Inapplicable ; Inapplicable ; Inapplicable ; Inapplicable ; Inapplicable ; Inapplicable ; Inapplicable ; Inapplicable ; Inapplicable ; Inapplicable ; Inapplicable ; Pass      ; Pass      ; Inapplicable ;
; buttons_export[17]                               ; Inapplicable ; Inapplicable ; Inapplicable ; Inapplicable ; Inapplicable ; Pass      ; Inapplicable ; Inapplicable ; Inapplicable ; Inapplicable ; Inapplicable ; Inapplicable ; Inapplicable ; Inapplicable ; Inapplicable ; Inapplicable ; Inapplicable ; Inapplicable ; Inapplicable ; Inapplicable ; Inapplicable ; Inapplicable ; Inapplicable ; Inapplicable ; Inapplicable ; Pass      ; Pass      ; Inapplicable ;
; buttons_export[18]                               ; Inapplicable ; Inapplicable ; Inapplicable ; Inapplicable ; Inapplicable ; Pass      ; Inapplicable ; Inapplicable ; Inapplicable ; Inapplicable ; Inapplicable ; Inapplicable ; Inapplicable ; Inapplicable ; Inapplicable ; Inapplicable ; Inapplicable ; Inapplicable ; Inapplicable ; Inapplicable ; Inapplicable ; Inapplicable ; Inapplicable ; Inapplicable ; Inapplicable ; Pass      ; Pass      ; Inapplicable ;
; buttons_export[19]                               ; Inapplicable ; Inapplicable ; Inapplicable ; Inapplicable ; Inapplicable ; Pass      ; Inapplicable ; Inapplicable ; Inapplicable ; Inapplicable ; Inapplicable ; Inapplicable ; Inapplicable ; Inapplicable ; Inapplicable ; Inapplicable ; Inapplicable ; Inapplicable ; Inapplicable ; Inapplicable ; Inapplicable ; Inapplicable ; Inapplicable ; Inapplicable ; Inapplicable ; Pass      ; Pass      ; Inapplicable ;
; buttons_export[20]                               ; Inapplicable ; Inapplicable ; Inapplicable ; Inapplicable ; Inapplicable ; Pass      ; Inapplicable ; Inapplicable ; Inapplicable ; Inapplicable ; Inapplicable ; Inapplicable ; Inapplicable ; Inapplicable ; Inapplicable ; Inapplicable ; Inapplicable ; Inapplicable ; Inapplicable ; Inapplicable ; Inapplicable ; Inapplicable ; Inapplicable ; Inapplicable ; Inapplicable ; Pass      ; Pass      ; Inapplicable ;
; buttons_export[21]                               ; Inapplicable ; Inapplicable ; Inapplicable ; Inapplicable ; Inapplicable ; Pass      ; Inapplicable ; Inapplicable ; Inapplicable ; Inapplicable ; Inapplicable ; Inapplicable ; Inapplicable ; Inapplicable ; Inapplicable ; Inapplicable ; Inapplicable ; Inapplicable ; Inapplicable ; Inapplicable ; Inapplicable ; Inapplicable ; Inapplicable ; Inapplicable ; Inapplicable ; Pass      ; Pass      ; Inapplicable ;
; buttons_export[22]                               ; Inapplicable ; Inapplicable ; Inapplicable ; Inapplicable ; Inapplicable ; Pass      ; Inapplicable ; Inapplicable ; Inapplicable ; Inapplicable ; Inapplicable ; Inapplicable ; Inapplicable ; Inapplicable ; Inapplicable ; Inapplicable ; Inapplicable ; Inapplicable ; Inapplicable ; Inapplicable ; Inapplicable ; Inapplicable ; Inapplicable ; Inapplicable ; Inapplicable ; Pass      ; Pass      ; Inapplicable ;
; buttons_export[23]                               ; Inapplicable ; Inapplicable ; Inapplicable ; Inapplicable ; Inapplicable ; Pass      ; Inapplicable ; Inapplicable ; Inapplicable ; Inapplicable ; Inapplicable ; Inapplicable ; Inapplicable ; Inapplicable ; Inapplicable ; Inapplicable ; Inapplicable ; Inapplicable ; Inapplicable ; Inapplicable ; Inapplicable ; Inapplicable ; Inapplicable ; Inapplicable ; Inapplicable ; Pass      ; Pass      ; Inapplicable ;
; buttons_export[24]                               ; Inapplicable ; Inapplicable ; Inapplicable ; Inapplicable ; Inapplicable ; Pass      ; Inapplicable ; Inapplicable ; Inapplicable ; Inapplicable ; Inapplicable ; Inapplicable ; Inapplicable ; Inapplicable ; Inapplicable ; Inapplicable ; Inapplicable ; Inapplicable ; Inapplicable ; Inapplicable ; Inapplicable ; Inapplicable ; Inapplicable ; Inapplicable ; Inapplicable ; Pass      ; Pass      ; Inapplicable ;
; buttons_export[25]                               ; Inapplicable ; Inapplicable ; Inapplicable ; Inapplicable ; Inapplicable ; Pass      ; Inapplicable ; Inapplicable ; Inapplicable ; Inapplicable ; Inapplicable ; Inapplicable ; Inapplicable ; Inapplicable ; Inapplicable ; Inapplicable ; Inapplicable ; Inapplicable ; Inapplicable ; Inapplicable ; Inapplicable ; Inapplicable ; Inapplicable ; Inapplicable ; Inapplicable ; Pass      ; Pass      ; Inapplicable ;
; buttons_export[26]                               ; Inapplicable ; Inapplicable ; Inapplicable ; Inapplicable ; Inapplicable ; Pass      ; Inapplicable ; Inapplicable ; Inapplicable ; Inapplicable ; Inapplicable ; Inapplicable ; Inapplicable ; Inapplicable ; Inapplicable ; Inapplicable ; Inapplicable ; Inapplicable ; Inapplicable ; Inapplicable ; Inapplicable ; Inapplicable ; Inapplicable ; Inapplicable ; Inapplicable ; Pass      ; Pass      ; Inapplicable ;
; buttons_export[27]                               ; Inapplicable ; Inapplicable ; Inapplicable ; Inapplicable ; Inapplicable ; Pass      ; Inapplicable ; Inapplicable ; Inapplicable ; Inapplicable ; Inapplicable ; Inapplicable ; Inapplicable ; Inapplicable ; Inapplicable ; Inapplicable ; Inapplicable ; Inapplicable ; Inapplicable ; Inapplicable ; Inapplicable ; Inapplicable ; Inapplicable ; Inapplicable ; Inapplicable ; Pass      ; Pass      ; Inapplicable ;
; buttons_export[28]                               ; Inapplicable ; Inapplicable ; Inapplicable ; Inapplicable ; Inapplicable ; Pass      ; Inapplicable ; Inapplicable ; Inapplicable ; Inapplicable ; Inapplicable ; Inapplicable ; Inapplicable ; Inapplicable ; Inapplicable ; Inapplicable ; Inapplicable ; Inapplicable ; Inapplicable ; Inapplicable ; Inapplicable ; Inapplicable ; Inapplicable ; Inapplicable ; Inapplicable ; Pass      ; Pass      ; Inapplicable ;
; buttons_export[29]                               ; Inapplicable ; Inapplicable ; Inapplicable ; Inapplicable ; Inapplicable ; Pass      ; Inapplicable ; Inapplicable ; Inapplicable ; Inapplicable ; Inapplicable ; Inapplicable ; Inapplicable ; Inapplicable ; Inapplicable ; Inapplicable ; Inapplicable ; Inapplicable ; Inapplicable ; Inapplicable ; Inapplicable ; Inapplicable ; Inapplicable ; Inapplicable ; Inapplicable ; Pass      ; Pass      ; Inapplicable ;
; buttons_export[30]                               ; Inapplicable ; Inapplicable ; Inapplicable ; Inapplicable ; Inapplicable ; Pass      ; Inapplicable ; Inapplicable ; Inapplicable ; Inapplicable ; Inapplicable ; Inapplicable ; Inapplicable ; Inapplicable ; Inapplicable ; Inapplicable ; Inapplicable ; Inapplicable ; Inapplicable ; Inapplicable ; Inapplicable ; Inapplicable ; Inapplicable ; Inapplicable ; Inapplicable ; Pass      ; Pass      ; Inapplicable ;
; buttons_export[31]                               ; Inapplicable ; Inapplicable ; Inapplicable ; Inapplicable ; Inapplicable ; Pass      ; Inapplicable ; Inapplicable ; Inapplicable ; Inapplicable ; Inapplicable ; Inapplicable ; Inapplicable ; Inapplicable ; Inapplicable ; Inapplicable ; Inapplicable ; Inapplicable ; Inapplicable ; Inapplicable ; Inapplicable ; Inapplicable ; Inapplicable ; Inapplicable ; Inapplicable ; Pass      ; Pass      ; Inapplicable ;
; altera_reserved_tms                              ; Inapplicable ; Inapplicable ; Inapplicable ; Inapplicable ; Inapplicable ; Pass      ; Inapplicable ; Inapplicable ; Inapplicable ; Inapplicable ; Inapplicable ; Inapplicable ; Inapplicable ; Inapplicable ; Inapplicable ; Inapplicable ; Inapplicable ; Inapplicable ; Inapplicable ; Inapplicable ; Inapplicable ; Inapplicable ; Inapplicable ; Inapplicable ; Inapplicable ; Pass      ; Pass      ; Inapplicable ;
; altera_reserved_tck                              ; Inapplicable ; Inapplicable ; Inapplicable ; Inapplicable ; Inapplicable ; Pass      ; Inapplicable ; Inapplicable ; Inapplicable ; Inapplicable ; Inapplicable ; Inapplicable ; Inapplicable ; Inapplicable ; Inapplicable ; Inapplicable ; Inapplicable ; Inapplicable ; Inapplicable ; Inapplicable ; Inapplicable ; Inapplicable ; Inapplicable ; Inapplicable ; Inapplicable ; Pass      ; Pass      ; Inapplicable ;
; altera_reserved_tdi                              ; Inapplicable ; Inapplicable ; Inapplicable ; Inapplicable ; Inapplicable ; Pass      ; Inapplicable ; Inapplicable ; Inapplicable ; Inapplicable ; Inapplicable ; Inapplicable ; Inapplicable ; Inapplicable ; Inapplicable ; Inapplicable ; Inapplicable ; Inapplicable ; Inapplicable ; Inapplicable ; Inapplicable ; Inapplicable ; Inapplicable ; Inapplicable ; Inapplicable ; Pass      ; Pass      ; Inapplicable ;
; altera_reserved_tdo                              ; Inapplicable ; Inapplicable ; Inapplicable ; Inapplicable ; Inapplicable ; Pass      ; Inapplicable ; Inapplicable ; Inapplicable ; Inapplicable ; Inapplicable ; Inapplicable ; Inapplicable ; Inapplicable ; Inapplicable ; Inapplicable ; Inapplicable ; Inapplicable ; Inapplicable ; Inapplicable ; Inapplicable ; Inapplicable ; Inapplicable ; Inapplicable ; Inapplicable ; Pass      ; Pass      ; Inapplicable ;
+--------------------------------------------------+--------------+--------------+--------------+--------------+--------------+-----------+--------------+--------------+--------------+--------------+--------------+--------------+--------------+--------------+--------------+--------------+--------------+--------------+--------------+--------------+--------------+--------------+--------------+--------------+--------------+-----------+-----------+--------------+


+------------------------------------------------------------------------------------------------+
; Fitter Device Options                                                                          ;
+------------------------------------------------------------------+-----------------------------+
; Option                                                           ; Setting                     ;
+------------------------------------------------------------------+-----------------------------+
; Enable user-supplied start-up clock (CLKUSR)                     ; Off                         ;
; Enable device-wide reset (DEV_CLRn)                              ; Off                         ;
; Enable device-wide output enable (DEV_OE)                        ; Off                         ;
; Enable INIT_DONE output                                          ; Off                         ;
; Configuration scheme                                             ; Passive Serial              ;
; Enable Error Detection CRC_ERROR pin                             ; Off                         ;
; Enable CvP_CONFDONE pin                                          ; Off                         ;
; Enable open drain on CRC_ERROR pin                               ; On                          ;
; Enable open drain on CvP_CONFDONE pin                            ; On                          ;
; Enable open drain on INIT_DONE pin                               ; On                          ;
; Enable open drain on Partial Reconfiguration pins                ; Off                         ;
; Enable open drain on nCEO pin                                    ; On                          ;
; Enable Partial Reconfiguration pins                              ; Off                         ;
; Enable input tri-state on active configuration pins in user mode ; Off                         ;
; Enable internal scrubbing                                        ; Off                         ;
; Active Serial clock source                                       ; 100 MHz Internal Oscillator ;
; Device initialization clock source                               ; Internal Oscillator         ;
; Configuration via Protocol                                       ; Off                         ;
; Configuration Voltage Level                                      ; Auto                        ;
; Force Configuration Voltage Level                                ; Off                         ;
; Enable nCEO output                                               ; Off                         ;
; Data[15..8]                                                      ; Unreserved                  ;
; Data[7..5]                                                       ; Unreserved                  ;
; Base pin-out file on sameframe device                            ; Off                         ;
+------------------------------------------------------------------+-----------------------------+


+------------------------------------+
; Operating Settings and Conditions  ;
+---------------------------+--------+
; Setting                   ; Value  ;
+---------------------------+--------+
; Nominal Core Voltage      ; 1.10 V ;
; Low Junction Temperature  ; -40 °C ;
; High Junction Temperature ; 100 °C ;
+---------------------------+--------+


+--------------------------------------------------------------------+
; Estimated Delay Added for Hold Timing Summary                      ;
+-------------------------+----------------------+-------------------+
; Source Clock(s)         ; Destination Clock(s) ; Delay Added in ns ;
+-------------------------+----------------------+-------------------+
; altera_reserved_tck     ; altera_reserved_tck  ; 246.9             ;
; altera_reserved_tck,I/O ; altera_reserved_tck  ; 21.9              ;
+-------------------------+----------------------+-------------------+
Note: For more information on problematic transfers, consider running the Fitter again with the Optimize hold timing option (Settings Menu) turned off.
This will disable optimization of problematic paths and expose them for further analysis using the Timing Analyzer.


+-------------------------------------------------------------------------------------------------------------------------------------------------------------------------------------------------------------------------------------------------------------------------------------------------------------------------------------------------------------------------------------------------------------------------------------------------------------------------------------------------------------------------------------------------------------------------------------------------------------------------------------------------------------------------------------------------------------------------------------+
; Estimated Delay Added for Hold Timing Details                                                                                                                                                                                                                                                                                                                                                                                                                                                                                                                                                                                                                                                                                       ;
+----------------------------------------------------------------------------------------------------------------------------------------------------------------------------------------------------------------------------------------------------------------------------------------------------------------------------------------------------------+------------------------------------------------------------------------------------------------------------------------------------------------------------------------------------------------------------------------------------------------------------------------------------------------------------------------------------------------------+-------------------+
; Source Register                                                                                                                                                                                                                                                                                                                                          ; Destination Register                                                                                                                                                                                                                                                                                                                                 ; Delay Added in ns ;
+----------------------------------------------------------------------------------------------------------------------------------------------------------------------------------------------------------------------------------------------------------------------------------------------------------------------------------------------------------+------------------------------------------------------------------------------------------------------------------------------------------------------------------------------------------------------------------------------------------------------------------------------------------------------------------------------------------------------+-------------------+
; sld_hub:auto_hub|alt_sld_fab_with_jtag_input:\instrumentation_fabric_with_node_gen:fabric_gen_new_way:with_jtag_input_gen:instrumentation_fabric|alt_sld_fab:instrumentation_fabric|alt_sld_fab_alt_sld_fab:alt_sld_fab|alt_sld_fab_alt_sld_fab_sldfabric:sldfabric|sld_jtag_hub:\jtag_hub_gen:real_sld_jtag_hub|sld_shadow_jsm:shadow_jsm|state[8]      ; sld_hub:auto_hub|alt_sld_fab_with_jtag_input:\instrumentation_fabric_with_node_gen:fabric_gen_new_way:with_jtag_input_gen:instrumentation_fabric|alt_sld_fab:instrumentation_fabric|alt_sld_fab_alt_sld_fab:alt_sld_fab|alt_sld_fab_alt_sld_fab_sldfabric:sldfabric|sld_jtag_hub:\jtag_hub_gen:real_sld_jtag_hub|mixer_addr_reg_internal[2]          ; 2.338             ;
; sld_hub:auto_hub|alt_sld_fab_with_jtag_input:\instrumentation_fabric_with_node_gen:fabric_gen_new_way:with_jtag_input_gen:instrumentation_fabric|alt_sld_fab:instrumentation_fabric|alt_sld_fab_alt_sld_fab:alt_sld_fab|alt_sld_fab_alt_sld_fab_sldfabric:sldfabric|sld_jtag_hub:\jtag_hub_gen:real_sld_jtag_hub|virtual_ir_scan_reg                     ; sld_hub:auto_hub|alt_sld_fab_with_jtag_input:\instrumentation_fabric_with_node_gen:fabric_gen_new_way:with_jtag_input_gen:instrumentation_fabric|alt_sld_fab:instrumentation_fabric|alt_sld_fab_alt_sld_fab:alt_sld_fab|alt_sld_fab_alt_sld_fab_sldfabric:sldfabric|sld_jtag_hub:\jtag_hub_gen:real_sld_jtag_hub|mixer_addr_reg_internal[2]          ; 1.879             ;
; sld_hub:auto_hub|alt_sld_fab_with_jtag_input:\instrumentation_fabric_with_node_gen:fabric_gen_new_way:with_jtag_input_gen:instrumentation_fabric|alt_sld_fab:instrumentation_fabric|alt_sld_fab_alt_sld_fab:alt_sld_fab|alt_sld_fab_alt_sld_fab_sldfabric:sldfabric|sld_jtag_hub:\jtag_hub_gen:real_sld_jtag_hub|irsr_reg[5]                             ; sld_hub:auto_hub|alt_sld_fab_with_jtag_input:\instrumentation_fabric_with_node_gen:fabric_gen_new_way:with_jtag_input_gen:instrumentation_fabric|alt_sld_fab:instrumentation_fabric|alt_sld_fab_alt_sld_fab:alt_sld_fab|alt_sld_fab_alt_sld_fab_sldfabric:sldfabric|sld_jtag_hub:\jtag_hub_gen:real_sld_jtag_hub|irsr_reg[5]                         ; 1.384             ;
; sld_hub:auto_hub|alt_sld_fab_with_jtag_input:\instrumentation_fabric_with_node_gen:fabric_gen_new_way:with_jtag_input_gen:instrumentation_fabric|alt_sld_fab:instrumentation_fabric|alt_sld_fab_alt_sld_fab:alt_sld_fab|alt_sld_fab_alt_sld_fab_sldfabric:sldfabric|sld_jtag_hub:\jtag_hub_gen:real_sld_jtag_hub|sld_shadow_jsm:shadow_jsm|state[4]      ; reloj_soc_NIOSII:niosii|reloj_soc_NIOSII_cpu:cpu|reloj_soc_NIOSII_cpu_nios2_oci:the_reloj_soc_NIOSII_cpu_nios2_oci|reloj_soc_NIOSII_cpu_debug_slave_wrapper:the_reloj_soc_NIOSII_cpu_debug_slave_wrapper|reloj_soc_NIOSII_cpu_debug_slave_tck:the_reloj_soc_NIOSII_cpu_debug_slave_tck|sr[31]                                                        ; 1.300             ;
; sld_hub:auto_hub|alt_sld_fab_with_jtag_input:\instrumentation_fabric_with_node_gen:fabric_gen_new_way:with_jtag_input_gen:instrumentation_fabric|alt_sld_fab:instrumentation_fabric|alt_sld_fab_alt_sld_fab:alt_sld_fab|alt_sld_fab_alt_sld_fab_sldfabric:sldfabric|sld_jtag_hub:\jtag_hub_gen:real_sld_jtag_hub|sld_rom_sr:hub_info_reg|word_counter[1] ; sld_hub:auto_hub|alt_sld_fab_with_jtag_input:\instrumentation_fabric_with_node_gen:fabric_gen_new_way:with_jtag_input_gen:instrumentation_fabric|alt_sld_fab:instrumentation_fabric|alt_sld_fab_alt_sld_fab:alt_sld_fab|alt_sld_fab_alt_sld_fab_sldfabric:sldfabric|sld_jtag_hub:\jtag_hub_gen:real_sld_jtag_hub|sld_rom_sr:hub_info_reg|WORD_SR[2]  ; 1.285             ;
; sld_hub:auto_hub|alt_sld_fab_with_jtag_input:\instrumentation_fabric_with_node_gen:fabric_gen_new_way:with_jtag_input_gen:instrumentation_fabric|alt_sld_fab:instrumentation_fabric|alt_sld_fab_alt_sld_fab:alt_sld_fab|alt_sld_fab_alt_sld_fab_sldfabric:sldfabric|sld_jtag_hub:\jtag_hub_gen:real_sld_jtag_hub|sld_rom_sr:hub_info_reg|word_counter[2] ; sld_hub:auto_hub|alt_sld_fab_with_jtag_input:\instrumentation_fabric_with_node_gen:fabric_gen_new_way:with_jtag_input_gen:instrumentation_fabric|alt_sld_fab:instrumentation_fabric|alt_sld_fab_alt_sld_fab:alt_sld_fab|alt_sld_fab_alt_sld_fab_sldfabric:sldfabric|sld_jtag_hub:\jtag_hub_gen:real_sld_jtag_hub|sld_rom_sr:hub_info_reg|WORD_SR[2]  ; 1.285             ;
; reloj_soc_NIOSII:niosii|reloj_soc_NIOSII_cpu:cpu|reloj_soc_NIOSII_cpu_nios2_oci:the_reloj_soc_NIOSII_cpu_nios2_oci|reloj_soc_NIOSII_cpu_debug_slave_wrapper:the_reloj_soc_NIOSII_cpu_debug_slave_wrapper|reloj_soc_NIOSII_cpu_debug_slave_tck:the_reloj_soc_NIOSII_cpu_debug_slave_tck|DRsize.010                                                        ; reloj_soc_NIOSII:niosii|reloj_soc_NIOSII_cpu:cpu|reloj_soc_NIOSII_cpu_nios2_oci:the_reloj_soc_NIOSII_cpu_nios2_oci|reloj_soc_NIOSII_cpu_debug_slave_wrapper:the_reloj_soc_NIOSII_cpu_debug_slave_wrapper|reloj_soc_NIOSII_cpu_debug_slave_tck:the_reloj_soc_NIOSII_cpu_debug_slave_tck|sr[15]                                                        ; 1.251             ;
; sld_hub:auto_hub|alt_sld_fab_with_jtag_input:\instrumentation_fabric_with_node_gen:fabric_gen_new_way:with_jtag_input_gen:instrumentation_fabric|alt_sld_fab:instrumentation_fabric|alt_sld_fab_alt_sld_fab:alt_sld_fab|alt_sld_fab_alt_sld_fab_sldfabric:sldfabric|sld_jtag_hub:\jtag_hub_gen:real_sld_jtag_hub|sld_rom_sr:hub_info_reg|word_counter[0] ; sld_hub:auto_hub|alt_sld_fab_with_jtag_input:\instrumentation_fabric_with_node_gen:fabric_gen_new_way:with_jtag_input_gen:instrumentation_fabric|alt_sld_fab:instrumentation_fabric|alt_sld_fab_alt_sld_fab:alt_sld_fab|alt_sld_fab_alt_sld_fab_sldfabric:sldfabric|sld_jtag_hub:\jtag_hub_gen:real_sld_jtag_hub|sld_rom_sr:hub_info_reg|WORD_SR[3]  ; 1.223             ;
; sld_hub:auto_hub|alt_sld_fab_with_jtag_input:\instrumentation_fabric_with_node_gen:fabric_gen_new_way:with_jtag_input_gen:instrumentation_fabric|alt_sld_fab:instrumentation_fabric|alt_sld_fab_alt_sld_fab:alt_sld_fab|alt_sld_fab_alt_sld_fab_sldfabric:sldfabric|sld_jtag_hub:\jtag_hub_gen:real_sld_jtag_hub|sld_rom_sr:hub_info_reg|word_counter[4] ; sld_hub:auto_hub|alt_sld_fab_with_jtag_input:\instrumentation_fabric_with_node_gen:fabric_gen_new_way:with_jtag_input_gen:instrumentation_fabric|alt_sld_fab:instrumentation_fabric|alt_sld_fab_alt_sld_fab:alt_sld_fab|alt_sld_fab_alt_sld_fab_sldfabric:sldfabric|sld_jtag_hub:\jtag_hub_gen:real_sld_jtag_hub|sld_rom_sr:hub_info_reg|WORD_SR[0]  ; 1.201             ;
; sld_hub:auto_hub|alt_sld_fab_with_jtag_input:\instrumentation_fabric_with_node_gen:fabric_gen_new_way:with_jtag_input_gen:instrumentation_fabric|alt_sld_fab:instrumentation_fabric|alt_sld_fab_alt_sld_fab:alt_sld_fab|alt_sld_fab_alt_sld_fab_sldfabric:sldfabric|sld_jtag_hub:\jtag_hub_gen:real_sld_jtag_hub|irsr_reg[6]                             ; sld_hub:auto_hub|alt_sld_fab_with_jtag_input:\instrumentation_fabric_with_node_gen:fabric_gen_new_way:with_jtag_input_gen:instrumentation_fabric|alt_sld_fab:instrumentation_fabric|alt_sld_fab_alt_sld_fab:alt_sld_fab|alt_sld_fab_alt_sld_fab_sldfabric:sldfabric|sld_jtag_hub:\jtag_hub_gen:real_sld_jtag_hub|irsr_reg[1]                         ; 1.196             ;
; sld_hub:auto_hub|alt_sld_fab_with_jtag_input:\instrumentation_fabric_with_node_gen:fabric_gen_new_way:with_jtag_input_gen:instrumentation_fabric|alt_sld_fab:instrumentation_fabric|alt_sld_fab_alt_sld_fab:alt_sld_fab|alt_sld_fab_alt_sld_fab_sldfabric:sldfabric|sld_jtag_hub:\jtag_hub_gen:real_sld_jtag_hub|sld_rom_sr:hub_info_reg|word_counter[3] ; sld_hub:auto_hub|alt_sld_fab_with_jtag_input:\instrumentation_fabric_with_node_gen:fabric_gen_new_way:with_jtag_input_gen:instrumentation_fabric|alt_sld_fab:instrumentation_fabric|alt_sld_fab_alt_sld_fab:alt_sld_fab|alt_sld_fab_alt_sld_fab_sldfabric:sldfabric|sld_jtag_hub:\jtag_hub_gen:real_sld_jtag_hub|sld_rom_sr:hub_info_reg|WORD_SR[3]  ; 1.191             ;
; sld_hub:auto_hub|alt_sld_fab_with_jtag_input:\instrumentation_fabric_with_node_gen:fabric_gen_new_way:with_jtag_input_gen:instrumentation_fabric|alt_sld_fab:instrumentation_fabric|alt_sld_fab_alt_sld_fab:alt_sld_fab|splitter_nodes_receive_0[3]                                                                                                      ; reloj_soc_NIOSII:niosii|reloj_soc_NIOSII_cpu:cpu|reloj_soc_NIOSII_cpu_nios2_oci:the_reloj_soc_NIOSII_cpu_nios2_oci|reloj_soc_NIOSII_cpu_debug_slave_wrapper:the_reloj_soc_NIOSII_cpu_debug_slave_wrapper|reloj_soc_NIOSII_cpu_debug_slave_tck:the_reloj_soc_NIOSII_cpu_debug_slave_tck|sr[31]                                                        ; 1.159             ;
; reloj_soc_NIOSII:niosii|reloj_soc_NIOSII_cpu:cpu|reloj_soc_NIOSII_cpu_nios2_oci:the_reloj_soc_NIOSII_cpu_nios2_oci|reloj_soc_NIOSII_cpu_debug_slave_wrapper:the_reloj_soc_NIOSII_cpu_debug_slave_wrapper|reloj_soc_NIOSII_cpu_debug_slave_tck:the_reloj_soc_NIOSII_cpu_debug_slave_tck|sr[36]                                                            ; reloj_soc_NIOSII:niosii|reloj_soc_NIOSII_cpu:cpu|reloj_soc_NIOSII_cpu_nios2_oci:the_reloj_soc_NIOSII_cpu_nios2_oci|reloj_soc_NIOSII_cpu_debug_slave_wrapper:the_reloj_soc_NIOSII_cpu_debug_slave_wrapper|reloj_soc_NIOSII_cpu_debug_slave_tck:the_reloj_soc_NIOSII_cpu_debug_slave_tck|sr[35]                                                        ; 1.156             ;
; sld_hub:auto_hub|alt_sld_fab_with_jtag_input:\instrumentation_fabric_with_node_gen:fabric_gen_new_way:with_jtag_input_gen:instrumentation_fabric|alt_sld_fab:instrumentation_fabric|alt_sld_fab_alt_sld_fab:alt_sld_fab|alt_sld_fab_alt_sld_fab_sldfabric:sldfabric|sld_jtag_hub:\jtag_hub_gen:real_sld_jtag_hub|jtag_ir_reg[1]                          ; sld_hub:auto_hub|alt_sld_fab_with_jtag_input:\instrumentation_fabric_with_node_gen:fabric_gen_new_way:with_jtag_input_gen:instrumentation_fabric|alt_sld_fab:instrumentation_fabric|alt_sld_fab_alt_sld_fab:alt_sld_fab|alt_sld_fab_alt_sld_fab_sldfabric:sldfabric|sld_jtag_hub:\jtag_hub_gen:real_sld_jtag_hub|jtag_ir_reg[0]                      ; 1.143             ;
; sld_hub:auto_hub|alt_sld_fab_with_jtag_input:\instrumentation_fabric_with_node_gen:fabric_gen_new_way:with_jtag_input_gen:instrumentation_fabric|alt_sld_fab:instrumentation_fabric|alt_sld_fab_alt_sld_fab:alt_sld_fab|sldfabric_ident_writedata[1]                                                                                                     ; sld_hub:auto_hub|alt_sld_fab_with_jtag_input:\instrumentation_fabric_with_node_gen:fabric_gen_new_way:with_jtag_input_gen:instrumentation_fabric|alt_sld_fab:instrumentation_fabric|alt_sld_fab_alt_sld_fab:alt_sld_fab|alt_sld_fab_alt_sld_fab_sldfabric:sldfabric|sld_jtag_hub:\jtag_hub_gen:real_sld_jtag_hub|design_hash_reg[1]                  ; 1.142             ;
; reloj_soc_NIOSII:niosii|reloj_soc_NIOSII_cpu:cpu|reloj_soc_NIOSII_cpu_nios2_oci:the_reloj_soc_NIOSII_cpu_nios2_oci|reloj_soc_NIOSII_cpu_debug_slave_wrapper:the_reloj_soc_NIOSII_cpu_debug_slave_wrapper|reloj_soc_NIOSII_cpu_debug_slave_tck:the_reloj_soc_NIOSII_cpu_debug_slave_tck|sr[24]                                                            ; reloj_soc_NIOSII:niosii|reloj_soc_NIOSII_cpu:cpu|reloj_soc_NIOSII_cpu_nios2_oci:the_reloj_soc_NIOSII_cpu_nios2_oci|reloj_soc_NIOSII_cpu_debug_slave_wrapper:the_reloj_soc_NIOSII_cpu_debug_slave_wrapper|reloj_soc_NIOSII_cpu_debug_slave_tck:the_reloj_soc_NIOSII_cpu_debug_slave_tck|sr[23]                                                        ; 1.132             ;
; sld_hub:auto_hub|alt_sld_fab_with_jtag_input:\instrumentation_fabric_with_node_gen:fabric_gen_new_way:with_jtag_input_gen:instrumentation_fabric|alt_sld_fab:instrumentation_fabric|alt_sld_fab_alt_sld_fab:alt_sld_fab|alt_sld_fab_alt_sld_fab_sldfabric:sldfabric|sld_jtag_hub:\jtag_hub_gen:real_sld_jtag_hub|jtag_ir_reg[3]                          ; sld_hub:auto_hub|alt_sld_fab_with_jtag_input:\instrumentation_fabric_with_node_gen:fabric_gen_new_way:with_jtag_input_gen:instrumentation_fabric|alt_sld_fab:instrumentation_fabric|alt_sld_fab_alt_sld_fab:alt_sld_fab|alt_sld_fab_alt_sld_fab_sldfabric:sldfabric|sld_jtag_hub:\jtag_hub_gen:real_sld_jtag_hub|jtag_ir_reg[2]                      ; 1.130             ;
; sld_hub:auto_hub|alt_sld_fab_with_jtag_input:\instrumentation_fabric_with_node_gen:fabric_gen_new_way:with_jtag_input_gen:instrumentation_fabric|alt_sld_fab:instrumentation_fabric|alt_sld_fab_alt_sld_fab:alt_sld_fab|alt_sld_fab_alt_sld_fab_sldfabric:sldfabric|sld_jtag_hub:\jtag_hub_gen:real_sld_jtag_hub|design_hash_reg[3]                      ; sld_hub:auto_hub|alt_sld_fab_with_jtag_input:\instrumentation_fabric_with_node_gen:fabric_gen_new_way:with_jtag_input_gen:instrumentation_fabric|alt_sld_fab:instrumentation_fabric|alt_sld_fab_alt_sld_fab:alt_sld_fab|alt_sld_fab_alt_sld_fab_sldfabric:sldfabric|sld_jtag_hub:\jtag_hub_gen:real_sld_jtag_hub|design_hash_reg[2]                  ; 1.122             ;
; sld_hub:auto_hub|alt_sld_fab_with_jtag_input:\instrumentation_fabric_with_node_gen:fabric_gen_new_way:with_jtag_input_gen:instrumentation_fabric|alt_sld_fab:instrumentation_fabric|alt_sld_fab_alt_sld_fab:alt_sld_fab|alt_sld_fab_alt_sld_fab_sldfabric:sldfabric|sld_jtag_hub:\jtag_hub_gen:real_sld_jtag_hub|design_hash_reg[1]                      ; sld_hub:auto_hub|alt_sld_fab_with_jtag_input:\instrumentation_fabric_with_node_gen:fabric_gen_new_way:with_jtag_input_gen:instrumentation_fabric|alt_sld_fab:instrumentation_fabric|alt_sld_fab_alt_sld_fab:alt_sld_fab|alt_sld_fab_alt_sld_fab_sldfabric:sldfabric|sld_jtag_hub:\jtag_hub_gen:real_sld_jtag_hub|design_hash_reg[0]                  ; 1.122             ;
; reloj_soc_NIOSII:niosii|reloj_soc_NIOSII_cpu:cpu|reloj_soc_NIOSII_cpu_nios2_oci:the_reloj_soc_NIOSII_cpu_nios2_oci|reloj_soc_NIOSII_cpu_debug_slave_wrapper:the_reloj_soc_NIOSII_cpu_debug_slave_wrapper|reloj_soc_NIOSII_cpu_debug_slave_tck:the_reloj_soc_NIOSII_cpu_debug_slave_tck|sr[22]                                                            ; reloj_soc_NIOSII:niosii|reloj_soc_NIOSII_cpu:cpu|reloj_soc_NIOSII_cpu_nios2_oci:the_reloj_soc_NIOSII_cpu_nios2_oci|reloj_soc_NIOSII_cpu_debug_slave_wrapper:the_reloj_soc_NIOSII_cpu_debug_slave_wrapper|reloj_soc_NIOSII_cpu_debug_slave_tck:the_reloj_soc_NIOSII_cpu_debug_slave_tck|sr[21]                                                        ; 1.117             ;
; reloj_soc_NIOSII:niosii|reloj_soc_NIOSII_cpu:cpu|reloj_soc_NIOSII_cpu_nios2_oci:the_reloj_soc_NIOSII_cpu_nios2_oci|reloj_soc_NIOSII_cpu_debug_slave_wrapper:the_reloj_soc_NIOSII_cpu_debug_slave_wrapper|reloj_soc_NIOSII_cpu_debug_slave_tck:the_reloj_soc_NIOSII_cpu_debug_slave_tck|sr[33]                                                            ; reloj_soc_NIOSII:niosii|reloj_soc_NIOSII_cpu:cpu|reloj_soc_NIOSII_cpu_nios2_oci:the_reloj_soc_NIOSII_cpu_nios2_oci|reloj_soc_NIOSII_cpu_debug_slave_wrapper:the_reloj_soc_NIOSII_cpu_debug_slave_wrapper|reloj_soc_NIOSII_cpu_debug_slave_tck:the_reloj_soc_NIOSII_cpu_debug_slave_tck|sr[32]                                                        ; 1.117             ;
; reloj_soc_NIOSII:niosii|reloj_soc_NIOSII_cpu:cpu|reloj_soc_NIOSII_cpu_nios2_oci:the_reloj_soc_NIOSII_cpu_nios2_oci|reloj_soc_NIOSII_cpu_debug_slave_wrapper:the_reloj_soc_NIOSII_cpu_debug_slave_wrapper|reloj_soc_NIOSII_cpu_debug_slave_tck:the_reloj_soc_NIOSII_cpu_debug_slave_tck|sr[26]                                                            ; reloj_soc_NIOSII:niosii|reloj_soc_NIOSII_cpu:cpu|reloj_soc_NIOSII_cpu_nios2_oci:the_reloj_soc_NIOSII_cpu_nios2_oci|reloj_soc_NIOSII_cpu_debug_slave_wrapper:the_reloj_soc_NIOSII_cpu_debug_slave_wrapper|reloj_soc_NIOSII_cpu_debug_slave_tck:the_reloj_soc_NIOSII_cpu_debug_slave_tck|sr[25]                                                        ; 1.117             ;
; reloj_soc_NIOSII:niosii|reloj_soc_NIOSII_cpu:cpu|reloj_soc_NIOSII_cpu_nios2_oci:the_reloj_soc_NIOSII_cpu_nios2_oci|reloj_soc_NIOSII_cpu_debug_slave_wrapper:the_reloj_soc_NIOSII_cpu_debug_slave_wrapper|reloj_soc_NIOSII_cpu_debug_slave_tck:the_reloj_soc_NIOSII_cpu_debug_slave_tck|sr[34]                                                            ; reloj_soc_NIOSII:niosii|reloj_soc_NIOSII_cpu:cpu|reloj_soc_NIOSII_cpu_nios2_oci:the_reloj_soc_NIOSII_cpu_nios2_oci|reloj_soc_NIOSII_cpu_debug_slave_wrapper:the_reloj_soc_NIOSII_cpu_debug_slave_wrapper|reloj_soc_NIOSII_cpu_debug_slave_tck:the_reloj_soc_NIOSII_cpu_debug_slave_tck|sr[33]                                                        ; 1.114             ;
; reloj_soc_UART:uart|alt_jtag_atlantic:reloj_soc_UART_alt_jtag_atlantic|td_shift[1]                                                                                                                                                                                                                                                                       ; reloj_soc_UART:uart|alt_jtag_atlantic:reloj_soc_UART_alt_jtag_atlantic|td_shift[0]                                                                                                                                                                                                                                                                   ; 1.112             ;
; reloj_soc_NIOSII:niosii|reloj_soc_NIOSII_cpu:cpu|reloj_soc_NIOSII_cpu_nios2_oci:the_reloj_soc_NIOSII_cpu_nios2_oci|reloj_soc_NIOSII_cpu_debug_slave_wrapper:the_reloj_soc_NIOSII_cpu_debug_slave_wrapper|reloj_soc_NIOSII_cpu_debug_slave_tck:the_reloj_soc_NIOSII_cpu_debug_slave_tck|sr[18]                                                            ; reloj_soc_NIOSII:niosii|reloj_soc_NIOSII_cpu:cpu|reloj_soc_NIOSII_cpu_nios2_oci:the_reloj_soc_NIOSII_cpu_nios2_oci|reloj_soc_NIOSII_cpu_debug_slave_wrapper:the_reloj_soc_NIOSII_cpu_debug_slave_wrapper|reloj_soc_NIOSII_cpu_debug_slave_tck:the_reloj_soc_NIOSII_cpu_debug_slave_tck|sr[17]                                                        ; 1.111             ;
; reloj_soc_NIOSII:niosii|reloj_soc_NIOSII_cpu:cpu|reloj_soc_NIOSII_cpu_nios2_oci:the_reloj_soc_NIOSII_cpu_nios2_oci|reloj_soc_NIOSII_cpu_debug_slave_wrapper:the_reloj_soc_NIOSII_cpu_debug_slave_wrapper|reloj_soc_NIOSII_cpu_debug_slave_tck:the_reloj_soc_NIOSII_cpu_debug_slave_tck|sr[20]                                                            ; reloj_soc_NIOSII:niosii|reloj_soc_NIOSII_cpu:cpu|reloj_soc_NIOSII_cpu_nios2_oci:the_reloj_soc_NIOSII_cpu_nios2_oci|reloj_soc_NIOSII_cpu_debug_slave_wrapper:the_reloj_soc_NIOSII_cpu_debug_slave_wrapper|reloj_soc_NIOSII_cpu_debug_slave_tck:the_reloj_soc_NIOSII_cpu_debug_slave_tck|sr[19]                                                        ; 1.108             ;
; reloj_soc_NIOSII:niosii|reloj_soc_NIOSII_cpu:cpu|reloj_soc_NIOSII_cpu_nios2_oci:the_reloj_soc_NIOSII_cpu_nios2_oci|reloj_soc_NIOSII_cpu_debug_slave_wrapper:the_reloj_soc_NIOSII_cpu_debug_slave_wrapper|reloj_soc_NIOSII_cpu_debug_slave_tck:the_reloj_soc_NIOSII_cpu_debug_slave_tck|sr[13]                                                            ; reloj_soc_NIOSII:niosii|reloj_soc_NIOSII_cpu:cpu|reloj_soc_NIOSII_cpu_nios2_oci:the_reloj_soc_NIOSII_cpu_nios2_oci|reloj_soc_NIOSII_cpu_debug_slave_wrapper:the_reloj_soc_NIOSII_cpu_debug_slave_wrapper|reloj_soc_NIOSII_cpu_debug_slave_tck:the_reloj_soc_NIOSII_cpu_debug_slave_tck|sr[12]                                                        ; 1.106             ;
; reloj_soc_NIOSII:niosii|reloj_soc_NIOSII_cpu:cpu|reloj_soc_NIOSII_cpu_nios2_oci:the_reloj_soc_NIOSII_cpu_nios2_oci|reloj_soc_NIOSII_cpu_debug_slave_wrapper:the_reloj_soc_NIOSII_cpu_debug_slave_wrapper|reloj_soc_NIOSII_cpu_debug_slave_tck:the_reloj_soc_NIOSII_cpu_debug_slave_tck|sr[6]                                                             ; reloj_soc_NIOSII:niosii|reloj_soc_NIOSII_cpu:cpu|reloj_soc_NIOSII_cpu_nios2_oci:the_reloj_soc_NIOSII_cpu_nios2_oci|reloj_soc_NIOSII_cpu_debug_slave_wrapper:the_reloj_soc_NIOSII_cpu_debug_slave_wrapper|reloj_soc_NIOSII_cpu_debug_slave_tck:the_reloj_soc_NIOSII_cpu_debug_slave_tck|sr[5]                                                         ; 1.106             ;
; reloj_soc_NIOSII:niosii|reloj_soc_NIOSII_cpu:cpu|reloj_soc_NIOSII_cpu_nios2_oci:the_reloj_soc_NIOSII_cpu_nios2_oci|reloj_soc_NIOSII_cpu_debug_slave_wrapper:the_reloj_soc_NIOSII_cpu_debug_slave_wrapper|reloj_soc_NIOSII_cpu_debug_slave_tck:the_reloj_soc_NIOSII_cpu_debug_slave_tck|sr[9]                                                             ; reloj_soc_NIOSII:niosii|reloj_soc_NIOSII_cpu:cpu|reloj_soc_NIOSII_cpu_nios2_oci:the_reloj_soc_NIOSII_cpu_nios2_oci|reloj_soc_NIOSII_cpu_debug_slave_wrapper:the_reloj_soc_NIOSII_cpu_debug_slave_wrapper|reloj_soc_NIOSII_cpu_debug_slave_tck:the_reloj_soc_NIOSII_cpu_debug_slave_tck|sr[8]                                                         ; 1.106             ;
; reloj_soc_NIOSII:niosii|reloj_soc_NIOSII_cpu:cpu|reloj_soc_NIOSII_cpu_nios2_oci:the_reloj_soc_NIOSII_cpu_nios2_oci|reloj_soc_NIOSII_cpu_debug_slave_wrapper:the_reloj_soc_NIOSII_cpu_debug_slave_wrapper|reloj_soc_NIOSII_cpu_debug_slave_tck:the_reloj_soc_NIOSII_cpu_debug_slave_tck|sr[11]                                                            ; reloj_soc_NIOSII:niosii|reloj_soc_NIOSII_cpu:cpu|reloj_soc_NIOSII_cpu_nios2_oci:the_reloj_soc_NIOSII_cpu_nios2_oci|reloj_soc_NIOSII_cpu_debug_slave_wrapper:the_reloj_soc_NIOSII_cpu_debug_slave_wrapper|reloj_soc_NIOSII_cpu_debug_slave_tck:the_reloj_soc_NIOSII_cpu_debug_slave_tck|sr[10]                                                        ; 1.106             ;
; reloj_soc_NIOSII:niosii|reloj_soc_NIOSII_cpu:cpu|reloj_soc_NIOSII_cpu_nios2_oci:the_reloj_soc_NIOSII_cpu_nios2_oci|reloj_soc_NIOSII_cpu_debug_slave_wrapper:the_reloj_soc_NIOSII_cpu_debug_slave_wrapper|reloj_soc_NIOSII_cpu_debug_slave_tck:the_reloj_soc_NIOSII_cpu_debug_slave_tck|sr[19]                                                            ; reloj_soc_NIOSII:niosii|reloj_soc_NIOSII_cpu:cpu|reloj_soc_NIOSII_cpu_nios2_oci:the_reloj_soc_NIOSII_cpu_nios2_oci|reloj_soc_NIOSII_cpu_debug_slave_wrapper:the_reloj_soc_NIOSII_cpu_debug_slave_wrapper|reloj_soc_NIOSII_cpu_debug_slave_tck:the_reloj_soc_NIOSII_cpu_debug_slave_tck|sr[18]                                                        ; 1.102             ;
; reloj_soc_NIOSII:niosii|reloj_soc_NIOSII_cpu:cpu|reloj_soc_NIOSII_cpu_nios2_oci:the_reloj_soc_NIOSII_cpu_nios2_oci|reloj_soc_NIOSII_cpu_debug_slave_wrapper:the_reloj_soc_NIOSII_cpu_debug_slave_wrapper|reloj_soc_NIOSII_cpu_debug_slave_tck:the_reloj_soc_NIOSII_cpu_debug_slave_tck|sr[23]                                                            ; reloj_soc_NIOSII:niosii|reloj_soc_NIOSII_cpu:cpu|reloj_soc_NIOSII_cpu_nios2_oci:the_reloj_soc_NIOSII_cpu_nios2_oci|reloj_soc_NIOSII_cpu_debug_slave_wrapper:the_reloj_soc_NIOSII_cpu_debug_slave_wrapper|reloj_soc_NIOSII_cpu_debug_slave_tck:the_reloj_soc_NIOSII_cpu_debug_slave_tck|sr[22]                                                        ; 1.102             ;
; reloj_soc_NIOSII:niosii|reloj_soc_NIOSII_cpu:cpu|reloj_soc_NIOSII_cpu_nios2_oci:the_reloj_soc_NIOSII_cpu_nios2_oci|reloj_soc_NIOSII_cpu_debug_slave_wrapper:the_reloj_soc_NIOSII_cpu_debug_slave_wrapper|reloj_soc_NIOSII_cpu_debug_slave_tck:the_reloj_soc_NIOSII_cpu_debug_slave_tck|sr[17]                                                            ; reloj_soc_NIOSII:niosii|reloj_soc_NIOSII_cpu:cpu|reloj_soc_NIOSII_cpu_nios2_oci:the_reloj_soc_NIOSII_cpu_nios2_oci|reloj_soc_NIOSII_cpu_debug_slave_wrapper:the_reloj_soc_NIOSII_cpu_debug_slave_wrapper|reloj_soc_NIOSII_cpu_debug_slave_tck:the_reloj_soc_NIOSII_cpu_debug_slave_tck|sr[16]                                                        ; 1.102             ;
; reloj_soc_NIOSII:niosii|reloj_soc_NIOSII_cpu:cpu|reloj_soc_NIOSII_cpu_nios2_oci:the_reloj_soc_NIOSII_cpu_nios2_oci|reloj_soc_NIOSII_cpu_debug_slave_wrapper:the_reloj_soc_NIOSII_cpu_debug_slave_wrapper|reloj_soc_NIOSII_cpu_debug_slave_tck:the_reloj_soc_NIOSII_cpu_debug_slave_tck|sr[25]                                                            ; reloj_soc_NIOSII:niosii|reloj_soc_NIOSII_cpu:cpu|reloj_soc_NIOSII_cpu_nios2_oci:the_reloj_soc_NIOSII_cpu_nios2_oci|reloj_soc_NIOSII_cpu_debug_slave_wrapper:the_reloj_soc_NIOSII_cpu_debug_slave_wrapper|reloj_soc_NIOSII_cpu_debug_slave_tck:the_reloj_soc_NIOSII_cpu_debug_slave_tck|sr[24]                                                        ; 1.102             ;
; sld_hub:auto_hub|alt_sld_fab_with_jtag_input:\instrumentation_fabric_with_node_gen:fabric_gen_new_way:with_jtag_input_gen:instrumentation_fabric|alt_sld_fab:instrumentation_fabric|alt_sld_fab_alt_sld_fab:alt_sld_fab|sldfabric_ident_writedata[2]                                                                                                     ; sld_hub:auto_hub|alt_sld_fab_with_jtag_input:\instrumentation_fabric_with_node_gen:fabric_gen_new_way:with_jtag_input_gen:instrumentation_fabric|alt_sld_fab:instrumentation_fabric|alt_sld_fab_alt_sld_fab:alt_sld_fab|alt_sld_fab_alt_sld_fab_sldfabric:sldfabric|sld_jtag_hub:\jtag_hub_gen:real_sld_jtag_hub|design_hash_reg[2]                  ; 1.100             ;
; sld_hub:auto_hub|alt_sld_fab_with_jtag_input:\instrumentation_fabric_with_node_gen:fabric_gen_new_way:with_jtag_input_gen:instrumentation_fabric|alt_sld_fab:instrumentation_fabric|alt_sld_fab_alt_sld_fab:alt_sld_fab|sldfabric_ident_writedata[0]                                                                                                     ; sld_hub:auto_hub|alt_sld_fab_with_jtag_input:\instrumentation_fabric_with_node_gen:fabric_gen_new_way:with_jtag_input_gen:instrumentation_fabric|alt_sld_fab:instrumentation_fabric|alt_sld_fab_alt_sld_fab:alt_sld_fab|alt_sld_fab_alt_sld_fab_sldfabric:sldfabric|sld_jtag_hub:\jtag_hub_gen:real_sld_jtag_hub|design_hash_reg[0]                  ; 1.100             ;
; sld_hub:auto_hub|alt_sld_fab_with_jtag_input:\instrumentation_fabric_with_node_gen:fabric_gen_new_way:with_jtag_input_gen:instrumentation_fabric|alt_sld_fab:instrumentation_fabric|alt_sld_fab_alt_sld_fab:alt_sld_fab|alt_sld_fab_alt_sld_fab_sldfabric:sldfabric|sld_jtag_hub:\jtag_hub_gen:real_sld_jtag_hub|irsr_reg[4]                             ; sld_hub:auto_hub|alt_sld_fab_with_jtag_input:\instrumentation_fabric_with_node_gen:fabric_gen_new_way:with_jtag_input_gen:instrumentation_fabric|alt_sld_fab:instrumentation_fabric|alt_sld_fab_alt_sld_fab:alt_sld_fab|alt_sld_fab_alt_sld_fab_sldfabric:sldfabric|sld_jtag_hub:\jtag_hub_gen:real_sld_jtag_hub|irsr_reg[0]                         ; 1.100             ;
; reloj_soc_NIOSII:niosii|reloj_soc_NIOSII_cpu:cpu|reloj_soc_NIOSII_cpu_nios2_oci:the_reloj_soc_NIOSII_cpu_nios2_oci|reloj_soc_NIOSII_cpu_debug_slave_wrapper:the_reloj_soc_NIOSII_cpu_debug_slave_wrapper|reloj_soc_NIOSII_cpu_debug_slave_tck:the_reloj_soc_NIOSII_cpu_debug_slave_tck|altera_std_synchronizer:the_altera_std_synchronizer2|dreg[0]      ; reloj_soc_NIOSII:niosii|reloj_soc_NIOSII_cpu:cpu|reloj_soc_NIOSII_cpu_nios2_oci:the_reloj_soc_NIOSII_cpu_nios2_oci|reloj_soc_NIOSII_cpu_debug_slave_wrapper:the_reloj_soc_NIOSII_cpu_debug_slave_wrapper|reloj_soc_NIOSII_cpu_debug_slave_tck:the_reloj_soc_NIOSII_cpu_debug_slave_tck|sr[0]                                                         ; 1.095             ;
; reloj_soc_NIOSII:niosii|reloj_soc_NIOSII_cpu:cpu|reloj_soc_NIOSII_cpu_nios2_oci:the_reloj_soc_NIOSII_cpu_nios2_oci|reloj_soc_NIOSII_cpu_debug_slave_wrapper:the_reloj_soc_NIOSII_cpu_debug_slave_wrapper|reloj_soc_NIOSII_cpu_debug_slave_tck:the_reloj_soc_NIOSII_cpu_debug_slave_tck|sr[21]                                                            ; reloj_soc_NIOSII:niosii|reloj_soc_NIOSII_cpu:cpu|reloj_soc_NIOSII_cpu_nios2_oci:the_reloj_soc_NIOSII_cpu_nios2_oci|reloj_soc_NIOSII_cpu_debug_slave_wrapper:the_reloj_soc_NIOSII_cpu_debug_slave_wrapper|reloj_soc_NIOSII_cpu_debug_slave_tck:the_reloj_soc_NIOSII_cpu_debug_slave_tck|sr[20]                                                        ; 1.093             ;
; reloj_soc_NIOSII:niosii|reloj_soc_NIOSII_cpu:cpu|reloj_soc_NIOSII_cpu_nios2_oci:the_reloj_soc_NIOSII_cpu_nios2_oci|reloj_soc_NIOSII_cpu_debug_slave_wrapper:the_reloj_soc_NIOSII_cpu_debug_slave_wrapper|reloj_soc_NIOSII_cpu_debug_slave_tck:the_reloj_soc_NIOSII_cpu_debug_slave_tck|sr[12]                                                            ; reloj_soc_NIOSII:niosii|reloj_soc_NIOSII_cpu:cpu|reloj_soc_NIOSII_cpu_nios2_oci:the_reloj_soc_NIOSII_cpu_nios2_oci|reloj_soc_NIOSII_cpu_debug_slave_wrapper:the_reloj_soc_NIOSII_cpu_debug_slave_wrapper|reloj_soc_NIOSII_cpu_debug_slave_tck:the_reloj_soc_NIOSII_cpu_debug_slave_tck|sr[11]                                                        ; 1.091             ;
; reloj_soc_NIOSII:niosii|reloj_soc_NIOSII_cpu:cpu|reloj_soc_NIOSII_cpu_nios2_oci:the_reloj_soc_NIOSII_cpu_nios2_oci|reloj_soc_NIOSII_cpu_debug_slave_wrapper:the_reloj_soc_NIOSII_cpu_debug_slave_wrapper|reloj_soc_NIOSII_cpu_debug_slave_tck:the_reloj_soc_NIOSII_cpu_debug_slave_tck|sr[10]                                                            ; reloj_soc_NIOSII:niosii|reloj_soc_NIOSII_cpu:cpu|reloj_soc_NIOSII_cpu_nios2_oci:the_reloj_soc_NIOSII_cpu_nios2_oci|reloj_soc_NIOSII_cpu_debug_slave_wrapper:the_reloj_soc_NIOSII_cpu_debug_slave_wrapper|reloj_soc_NIOSII_cpu_debug_slave_tck:the_reloj_soc_NIOSII_cpu_debug_slave_tck|sr[9]                                                         ; 1.091             ;
; reloj_soc_UART:uart|alt_jtag_atlantic:reloj_soc_UART_alt_jtag_atlantic|count[9]                                                                                                                                                                                                                                                                          ; reloj_soc_UART:uart|alt_jtag_atlantic:reloj_soc_UART_alt_jtag_atlantic|td_shift[4]                                                                                                                                                                                                                                                                   ; 1.090             ;
; sld_hub:auto_hub|alt_sld_fab_with_jtag_input:\instrumentation_fabric_with_node_gen:fabric_gen_new_way:with_jtag_input_gen:instrumentation_fabric|alt_sld_fab:instrumentation_fabric|alt_sld_fab_alt_sld_fab:alt_sld_fab|sldfabric_ident_writedata[3]                                                                                                     ; sld_hub:auto_hub|alt_sld_fab_with_jtag_input:\instrumentation_fabric_with_node_gen:fabric_gen_new_way:with_jtag_input_gen:instrumentation_fabric|alt_sld_fab:instrumentation_fabric|alt_sld_fab_alt_sld_fab:alt_sld_fab|alt_sld_fab_alt_sld_fab_sldfabric:sldfabric|sld_jtag_hub:\jtag_hub_gen:real_sld_jtag_hub|design_hash_reg[3]                  ; 1.085             ;
; reloj_soc_NIOSII:niosii|reloj_soc_NIOSII_cpu:cpu|reloj_soc_NIOSII_cpu_nios2_oci:the_reloj_soc_NIOSII_cpu_nios2_oci|reloj_soc_NIOSII_cpu_debug_slave_wrapper:the_reloj_soc_NIOSII_cpu_debug_slave_wrapper|reloj_soc_NIOSII_cpu_debug_slave_tck:the_reloj_soc_NIOSII_cpu_debug_slave_tck|sr[14]                                                            ; reloj_soc_NIOSII:niosii|reloj_soc_NIOSII_cpu:cpu|reloj_soc_NIOSII_cpu_nios2_oci:the_reloj_soc_NIOSII_cpu_nios2_oci|reloj_soc_NIOSII_cpu_debug_slave_wrapper:the_reloj_soc_NIOSII_cpu_debug_slave_wrapper|reloj_soc_NIOSII_cpu_debug_slave_tck:the_reloj_soc_NIOSII_cpu_debug_slave_tck|sr[13]                                                        ; 1.082             ;
; reloj_soc_NIOSII:niosii|reloj_soc_NIOSII_cpu:cpu|reloj_soc_NIOSII_cpu_nios2_oci:the_reloj_soc_NIOSII_cpu_nios2_oci|reloj_soc_NIOSII_cpu_debug_slave_wrapper:the_reloj_soc_NIOSII_cpu_debug_slave_wrapper|reloj_soc_NIOSII_cpu_debug_slave_tck:the_reloj_soc_NIOSII_cpu_debug_slave_tck|sr[2]                                                             ; reloj_soc_NIOSII:niosii|reloj_soc_NIOSII_cpu:cpu|reloj_soc_NIOSII_cpu_nios2_oci:the_reloj_soc_NIOSII_cpu_nios2_oci|reloj_soc_NIOSII_cpu_debug_slave_wrapper:the_reloj_soc_NIOSII_cpu_debug_slave_wrapper|reloj_soc_NIOSII_cpu_debug_slave_tck:the_reloj_soc_NIOSII_cpu_debug_slave_tck|sr[1]                                                         ; 1.082             ;
; reloj_soc_NIOSII:niosii|reloj_soc_NIOSII_cpu:cpu|reloj_soc_NIOSII_cpu_nios2_oci:the_reloj_soc_NIOSII_cpu_nios2_oci|reloj_soc_NIOSII_cpu_debug_slave_wrapper:the_reloj_soc_NIOSII_cpu_debug_slave_wrapper|reloj_soc_NIOSII_cpu_debug_slave_tck:the_reloj_soc_NIOSII_cpu_debug_slave_tck|sr[4]                                                             ; reloj_soc_NIOSII:niosii|reloj_soc_NIOSII_cpu:cpu|reloj_soc_NIOSII_cpu_nios2_oci:the_reloj_soc_NIOSII_cpu_nios2_oci|reloj_soc_NIOSII_cpu_debug_slave_wrapper:the_reloj_soc_NIOSII_cpu_debug_slave_wrapper|reloj_soc_NIOSII_cpu_debug_slave_tck:the_reloj_soc_NIOSII_cpu_debug_slave_tck|sr[3]                                                         ; 1.082             ;
; reloj_soc_NIOSII:niosii|reloj_soc_NIOSII_cpu:cpu|reloj_soc_NIOSII_cpu_nios2_oci:the_reloj_soc_NIOSII_cpu_nios2_oci|reloj_soc_NIOSII_cpu_debug_slave_wrapper:the_reloj_soc_NIOSII_cpu_debug_slave_wrapper|reloj_soc_NIOSII_cpu_debug_slave_tck:the_reloj_soc_NIOSII_cpu_debug_slave_tck|sr[28]                                                            ; reloj_soc_NIOSII:niosii|reloj_soc_NIOSII_cpu:cpu|reloj_soc_NIOSII_cpu_nios2_oci:the_reloj_soc_NIOSII_cpu_nios2_oci|reloj_soc_NIOSII_cpu_debug_slave_wrapper:the_reloj_soc_NIOSII_cpu_debug_slave_wrapper|reloj_soc_NIOSII_cpu_debug_slave_tck:the_reloj_soc_NIOSII_cpu_debug_slave_tck|sr[27]                                                        ; 1.078             ;
; reloj_soc_NIOSII:niosii|reloj_soc_NIOSII_cpu:cpu|reloj_soc_NIOSII_cpu_nios2_oci:the_reloj_soc_NIOSII_cpu_nios2_oci|reloj_soc_NIOSII_cpu_debug_slave_wrapper:the_reloj_soc_NIOSII_cpu_debug_slave_wrapper|reloj_soc_NIOSII_cpu_debug_slave_tck:the_reloj_soc_NIOSII_cpu_debug_slave_tck|sr[30]                                                            ; reloj_soc_NIOSII:niosii|reloj_soc_NIOSII_cpu:cpu|reloj_soc_NIOSII_cpu_nios2_oci:the_reloj_soc_NIOSII_cpu_nios2_oci|reloj_soc_NIOSII_cpu_debug_slave_wrapper:the_reloj_soc_NIOSII_cpu_debug_slave_wrapper|reloj_soc_NIOSII_cpu_debug_slave_tck:the_reloj_soc_NIOSII_cpu_debug_slave_tck|sr[29]                                                        ; 1.078             ;
; sld_hub:auto_hub|alt_sld_fab_with_jtag_input:\instrumentation_fabric_with_node_gen:fabric_gen_new_way:with_jtag_input_gen:instrumentation_fabric|alt_sld_fab:instrumentation_fabric|alt_sld_fab_alt_sld_fab:alt_sld_fab|alt_sld_fab_alt_sld_fab_sldfabric:sldfabric|sld_jtag_hub:\jtag_hub_gen:real_sld_jtag_hub|hub_minor_ver_reg[3]                    ; sld_hub:auto_hub|alt_sld_fab_with_jtag_input:\instrumentation_fabric_with_node_gen:fabric_gen_new_way:with_jtag_input_gen:instrumentation_fabric|alt_sld_fab:instrumentation_fabric|alt_sld_fab_alt_sld_fab:alt_sld_fab|alt_sld_fab_alt_sld_fab_sldfabric:sldfabric|sld_jtag_hub:\jtag_hub_gen:real_sld_jtag_hub|hub_minor_ver_reg[2]                ; 1.074             ;
; sld_hub:auto_hub|alt_sld_fab_with_jtag_input:\instrumentation_fabric_with_node_gen:fabric_gen_new_way:with_jtag_input_gen:instrumentation_fabric|alt_sld_fab:instrumentation_fabric|alt_sld_fab_alt_sld_fab:alt_sld_fab|alt_sld_fab_alt_sld_fab_sldfabric:sldfabric|sld_jtag_hub:\jtag_hub_gen:real_sld_jtag_hub|sld_shadow_jsm:shadow_jsm|state[9]      ; sld_hub:auto_hub|alt_sld_fab_with_jtag_input:\instrumentation_fabric_with_node_gen:fabric_gen_new_way:with_jtag_input_gen:instrumentation_fabric|alt_sld_fab:instrumentation_fabric|alt_sld_fab_alt_sld_fab:alt_sld_fab|alt_sld_fab_alt_sld_fab_sldfabric:sldfabric|sld_jtag_hub:\jtag_hub_gen:real_sld_jtag_hub|sld_shadow_jsm:shadow_jsm|state[10] ; 1.069             ;
; reloj_soc_NIOSII:niosii|reloj_soc_NIOSII_cpu:cpu|reloj_soc_NIOSII_cpu_nios2_oci:the_reloj_soc_NIOSII_cpu_nios2_oci|reloj_soc_NIOSII_cpu_debug_slave_wrapper:the_reloj_soc_NIOSII_cpu_debug_slave_wrapper|reloj_soc_NIOSII_cpu_debug_slave_tck:the_reloj_soc_NIOSII_cpu_debug_slave_tck|sr[3]                                                             ; reloj_soc_NIOSII:niosii|reloj_soc_NIOSII_cpu:cpu|reloj_soc_NIOSII_cpu_nios2_oci:the_reloj_soc_NIOSII_cpu_nios2_oci|reloj_soc_NIOSII_cpu_debug_slave_wrapper:the_reloj_soc_NIOSII_cpu_debug_slave_wrapper|reloj_soc_NIOSII_cpu_debug_slave_tck:the_reloj_soc_NIOSII_cpu_debug_slave_tck|sr[2]                                                         ; 1.067             ;
; reloj_soc_UART:uart|alt_jtag_atlantic:reloj_soc_UART_alt_jtag_atlantic|td_shift[9]                                                                                                                                                                                                                                                                       ; reloj_soc_UART:uart|alt_jtag_atlantic:reloj_soc_UART_alt_jtag_atlantic|td_shift[8]                                                                                                                                                                                                                                                                   ; 1.067             ;
; sld_hub:auto_hub|alt_sld_fab_with_jtag_input:\instrumentation_fabric_with_node_gen:fabric_gen_new_way:with_jtag_input_gen:instrumentation_fabric|alt_sld_fab:instrumentation_fabric|alt_sld_fab_alt_sld_fab:alt_sld_fab|alt_sld_fab_alt_sld_fab_sldfabric:sldfabric|sld_jtag_hub:\jtag_hub_gen:real_sld_jtag_hub|sld_shadow_jsm:shadow_jsm|state[2]      ; sld_hub:auto_hub|alt_sld_fab_with_jtag_input:\instrumentation_fabric_with_node_gen:fabric_gen_new_way:with_jtag_input_gen:instrumentation_fabric|alt_sld_fab:instrumentation_fabric|alt_sld_fab_alt_sld_fab:alt_sld_fab|alt_sld_fab_alt_sld_fab_sldfabric:sldfabric|sld_jtag_hub:\jtag_hub_gen:real_sld_jtag_hub|sld_shadow_jsm:shadow_jsm|state[3]  ; 1.066             ;
; reloj_soc_NIOSII:niosii|reloj_soc_NIOSII_cpu:cpu|reloj_soc_NIOSII_cpu_nios2_oci:the_reloj_soc_NIOSII_cpu_nios2_oci|reloj_soc_NIOSII_cpu_debug_slave_wrapper:the_reloj_soc_NIOSII_cpu_debug_slave_wrapper|reloj_soc_NIOSII_cpu_debug_slave_tck:the_reloj_soc_NIOSII_cpu_debug_slave_tck|sr[29]                                                            ; reloj_soc_NIOSII:niosii|reloj_soc_NIOSII_cpu:cpu|reloj_soc_NIOSII_cpu_nios2_oci:the_reloj_soc_NIOSII_cpu_nios2_oci|reloj_soc_NIOSII_cpu_debug_slave_wrapper:the_reloj_soc_NIOSII_cpu_debug_slave_wrapper|reloj_soc_NIOSII_cpu_debug_slave_tck:the_reloj_soc_NIOSII_cpu_debug_slave_tck|sr[28]                                                        ; 1.060             ;
; sld_hub:auto_hub|alt_sld_fab_with_jtag_input:\instrumentation_fabric_with_node_gen:fabric_gen_new_way:with_jtag_input_gen:instrumentation_fabric|alt_sld_fab:instrumentation_fabric|alt_sld_fab_alt_sld_fab:alt_sld_fab|alt_sld_fab_alt_sld_fab_sldfabric:sldfabric|sld_jtag_hub:\jtag_hub_gen:real_sld_jtag_hub|hub_minor_ver_reg[2]                    ; sld_hub:auto_hub|alt_sld_fab_with_jtag_input:\instrumentation_fabric_with_node_gen:fabric_gen_new_way:with_jtag_input_gen:instrumentation_fabric|alt_sld_fab:instrumentation_fabric|alt_sld_fab_alt_sld_fab:alt_sld_fab|alt_sld_fab_alt_sld_fab_sldfabric:sldfabric|sld_jtag_hub:\jtag_hub_gen:real_sld_jtag_hub|hub_minor_ver_reg[1]                ; 1.059             ;
; sld_hub:auto_hub|alt_sld_fab_with_jtag_input:\instrumentation_fabric_with_node_gen:fabric_gen_new_way:with_jtag_input_gen:instrumentation_fabric|alt_sld_fab:instrumentation_fabric|alt_sld_fab_alt_sld_fab:alt_sld_fab|alt_sld_fab_alt_sld_fab_sldfabric:sldfabric|sld_jtag_hub:\jtag_hub_gen:real_sld_jtag_hub|sld_rom_sr:hub_info_reg|WORD_SR[1]      ; sld_hub:auto_hub|alt_sld_fab_with_jtag_input:\instrumentation_fabric_with_node_gen:fabric_gen_new_way:with_jtag_input_gen:instrumentation_fabric|alt_sld_fab:instrumentation_fabric|alt_sld_fab_alt_sld_fab:alt_sld_fab|alt_sld_fab_alt_sld_fab_sldfabric:sldfabric|sld_jtag_hub:\jtag_hub_gen:real_sld_jtag_hub|sld_rom_sr:hub_info_reg|WORD_SR[0]  ; 1.059             ;
; reloj_soc_NIOSII:niosii|reloj_soc_NIOSII_cpu:cpu|reloj_soc_NIOSII_cpu_nios2_oci:the_reloj_soc_NIOSII_cpu_nios2_oci|reloj_soc_NIOSII_cpu_debug_slave_wrapper:the_reloj_soc_NIOSII_cpu_debug_slave_wrapper|reloj_soc_NIOSII_cpu_debug_slave_tck:the_reloj_soc_NIOSII_cpu_debug_slave_tck|sr[5]                                                             ; reloj_soc_NIOSII:niosii|reloj_soc_NIOSII_cpu:cpu|reloj_soc_NIOSII_cpu_nios2_oci:the_reloj_soc_NIOSII_cpu_nios2_oci|reloj_soc_NIOSII_cpu_debug_slave_wrapper:the_reloj_soc_NIOSII_cpu_debug_slave_wrapper|reloj_soc_NIOSII_cpu_debug_slave_tck:the_reloj_soc_NIOSII_cpu_debug_slave_tck|sr[4]                                                         ; 1.057             ;
; reloj_soc_NIOSII:niosii|reloj_soc_NIOSII_cpu:cpu|reloj_soc_NIOSII_cpu_nios2_oci:the_reloj_soc_NIOSII_cpu_nios2_oci|reloj_soc_NIOSII_cpu_debug_slave_wrapper:the_reloj_soc_NIOSII_cpu_debug_slave_wrapper|reloj_soc_NIOSII_cpu_debug_slave_tck:the_reloj_soc_NIOSII_cpu_debug_slave_tck|sr[37]                                                            ; reloj_soc_NIOSII:niosii|reloj_soc_NIOSII_cpu:cpu|reloj_soc_NIOSII_cpu_nios2_oci:the_reloj_soc_NIOSII_cpu_nios2_oci|reloj_soc_NIOSII_cpu_debug_slave_wrapper:the_reloj_soc_NIOSII_cpu_debug_slave_wrapper|reloj_soc_NIOSII_cpu_debug_slave_tck:the_reloj_soc_NIOSII_cpu_debug_slave_tck|sr[36]                                                        ; 1.053             ;
; reloj_soc_UART:uart|alt_jtag_atlantic:reloj_soc_UART_alt_jtag_atlantic|td_shift[4]                                                                                                                                                                                                                                                                       ; reloj_soc_UART:uart|alt_jtag_atlantic:reloj_soc_UART_alt_jtag_atlantic|td_shift[3]                                                                                                                                                                                                                                                                   ; 1.045             ;
; reloj_soc_UART:uart|alt_jtag_atlantic:reloj_soc_UART_alt_jtag_atlantic|td_shift[8]                                                                                                                                                                                                                                                                       ; reloj_soc_UART:uart|alt_jtag_atlantic:reloj_soc_UART_alt_jtag_atlantic|td_shift[7]                                                                                                                                                                                                                                                                   ; 1.045             ;
; reloj_soc_UART:uart|alt_jtag_atlantic:reloj_soc_UART_alt_jtag_atlantic|td_shift[10]                                                                                                                                                                                                                                                                      ; reloj_soc_UART:uart|alt_jtag_atlantic:reloj_soc_UART_alt_jtag_atlantic|td_shift[9]                                                                                                                                                                                                                                                                   ; 1.045             ;
; sld_hub:auto_hub|alt_sld_fab_with_jtag_input:\instrumentation_fabric_with_node_gen:fabric_gen_new_way:with_jtag_input_gen:instrumentation_fabric|alt_sld_fab:instrumentation_fabric|alt_sld_fab_alt_sld_fab:alt_sld_fab|alt_sld_fab_alt_sld_fab_sldfabric:sldfabric|sld_jtag_hub:\jtag_hub_gen:real_sld_jtag_hub|irsr_reg[3]                             ; sld_hub:auto_hub|alt_sld_fab_with_jtag_input:\instrumentation_fabric_with_node_gen:fabric_gen_new_way:with_jtag_input_gen:instrumentation_fabric|alt_sld_fab:instrumentation_fabric|alt_sld_fab_alt_sld_fab:alt_sld_fab|alt_sld_fab_alt_sld_fab_sldfabric:sldfabric|sld_jtag_hub:\jtag_hub_gen:real_sld_jtag_hub|irsr_reg[2]                         ; 1.045             ;
; sld_hub:auto_hub|alt_sld_fab_with_jtag_input:\instrumentation_fabric_with_node_gen:fabric_gen_new_way:with_jtag_input_gen:instrumentation_fabric|alt_sld_fab:instrumentation_fabric|alt_sld_fab_alt_sld_fab:alt_sld_fab|alt_sld_fab_alt_sld_fab_sldfabric:sldfabric|sld_jtag_hub:\jtag_hub_gen:real_sld_jtag_hub|sld_shadow_jsm:shadow_jsm|state[3]      ; sld_hub:auto_hub|alt_sld_fab_with_jtag_input:\instrumentation_fabric_with_node_gen:fabric_gen_new_way:with_jtag_input_gen:instrumentation_fabric|alt_sld_fab:instrumentation_fabric|alt_sld_fab_alt_sld_fab:alt_sld_fab|alt_sld_fab_alt_sld_fab_sldfabric:sldfabric|sld_jtag_hub:\jtag_hub_gen:real_sld_jtag_hub|shadow_irf_reg[1][0]                ; 1.042             ;
; reloj_soc_UART:uart|alt_jtag_atlantic:reloj_soc_UART_alt_jtag_atlantic|count[8]                                                                                                                                                                                                                                                                          ; reloj_soc_UART:uart|alt_jtag_atlantic:reloj_soc_UART_alt_jtag_atlantic|count[9]                                                                                                                                                                                                                                                                      ; 1.042             ;
; sld_hub:auto_hub|alt_sld_fab_with_jtag_input:\instrumentation_fabric_with_node_gen:fabric_gen_new_way:with_jtag_input_gen:instrumentation_fabric|alt_sld_fab:instrumentation_fabric|alt_sld_fab_alt_sld_fab:alt_sld_fab|alt_sld_fab_alt_sld_fab_sldfabric:sldfabric|sld_jtag_hub:\jtag_hub_gen:real_sld_jtag_hub|mixer_addr_reg_internal[0]              ; sld_hub:auto_hub|alt_sld_fab_with_jtag_input:\instrumentation_fabric_with_node_gen:fabric_gen_new_way:with_jtag_input_gen:instrumentation_fabric|alt_sld_fab:instrumentation_fabric|alt_sld_fab_alt_sld_fab:alt_sld_fab|alt_sld_fab_alt_sld_fab_sldfabric:sldfabric|sld_jtag_hub:\jtag_hub_gen:real_sld_jtag_hub|mixer_addr_reg_internal[2]          ; 1.032             ;
; sld_hub:auto_hub|alt_sld_fab_with_jtag_input:\instrumentation_fabric_with_node_gen:fabric_gen_new_way:with_jtag_input_gen:instrumentation_fabric|alt_sld_fab:instrumentation_fabric|alt_sld_fab_alt_sld_fab:alt_sld_fab|alt_sld_fab_alt_sld_fab_sldfabric:sldfabric|sld_jtag_hub:\jtag_hub_gen:real_sld_jtag_hub|mixer_addr_reg_internal[1]              ; sld_hub:auto_hub|alt_sld_fab_with_jtag_input:\instrumentation_fabric_with_node_gen:fabric_gen_new_way:with_jtag_input_gen:instrumentation_fabric|alt_sld_fab:instrumentation_fabric|alt_sld_fab_alt_sld_fab:alt_sld_fab|alt_sld_fab_alt_sld_fab_sldfabric:sldfabric|sld_jtag_hub:\jtag_hub_gen:real_sld_jtag_hub|mixer_addr_reg_internal[2]          ; 1.032             ;
; sld_hub:auto_hub|alt_sld_fab_with_jtag_input:\instrumentation_fabric_with_node_gen:fabric_gen_new_way:with_jtag_input_gen:instrumentation_fabric|alt_sld_fab:instrumentation_fabric|alt_sld_fab_alt_sld_fab:alt_sld_fab|alt_sld_fab_alt_sld_fab_sldfabric:sldfabric|sld_jtag_hub:\jtag_hub_gen:real_sld_jtag_hub|mixer_addr_reg_internal[2]              ; sld_hub:auto_hub|alt_sld_fab_with_jtag_input:\instrumentation_fabric_with_node_gen:fabric_gen_new_way:with_jtag_input_gen:instrumentation_fabric|alt_sld_fab:instrumentation_fabric|alt_sld_fab_alt_sld_fab:alt_sld_fab|alt_sld_fab_alt_sld_fab_sldfabric:sldfabric|sld_jtag_hub:\jtag_hub_gen:real_sld_jtag_hub|mixer_addr_reg_internal[2]          ; 1.032             ;
; sld_hub:auto_hub|alt_sld_fab_with_jtag_input:\instrumentation_fabric_with_node_gen:fabric_gen_new_way:with_jtag_input_gen:instrumentation_fabric|alt_sld_fab:instrumentation_fabric|alt_sld_fab_alt_sld_fab:alt_sld_fab|alt_sld_fab_alt_sld_fab_sldfabric:sldfabric|sld_jtag_hub:\jtag_hub_gen:real_sld_jtag_hub|design_hash_reg[2]                      ; sld_hub:auto_hub|alt_sld_fab_with_jtag_input:\instrumentation_fabric_with_node_gen:fabric_gen_new_way:with_jtag_input_gen:instrumentation_fabric|alt_sld_fab:instrumentation_fabric|alt_sld_fab_alt_sld_fab:alt_sld_fab|alt_sld_fab_alt_sld_fab_sldfabric:sldfabric|sld_jtag_hub:\jtag_hub_gen:real_sld_jtag_hub|design_hash_reg[1]                  ; 1.031             ;
; sld_hub:auto_hub|alt_sld_fab_with_jtag_input:\instrumentation_fabric_with_node_gen:fabric_gen_new_way:with_jtag_input_gen:instrumentation_fabric|alt_sld_fab:instrumentation_fabric|alt_sld_fab_alt_sld_fab:alt_sld_fab|alt_sld_fab_alt_sld_fab_sldfabric:sldfabric|sld_jtag_hub:\jtag_hub_gen:real_sld_jtag_hub|sld_rom_sr:hub_info_reg|WORD_SR[3]      ; sld_hub:auto_hub|alt_sld_fab_with_jtag_input:\instrumentation_fabric_with_node_gen:fabric_gen_new_way:with_jtag_input_gen:instrumentation_fabric|alt_sld_fab:instrumentation_fabric|alt_sld_fab_alt_sld_fab:alt_sld_fab|alt_sld_fab_alt_sld_fab_sldfabric:sldfabric|sld_jtag_hub:\jtag_hub_gen:real_sld_jtag_hub|sld_rom_sr:hub_info_reg|WORD_SR[2]  ; 1.020             ;
; sld_hub:auto_hub|alt_sld_fab_with_jtag_input:\instrumentation_fabric_with_node_gen:fabric_gen_new_way:with_jtag_input_gen:instrumentation_fabric|alt_sld_fab:instrumentation_fabric|alt_sld_fab_alt_sld_fab:alt_sld_fab|alt_sld_fab_alt_sld_fab_sldfabric:sldfabric|sld_jtag_hub:\jtag_hub_gen:real_sld_jtag_hub|sld_rom_sr:hub_info_reg|WORD_SR[2]      ; sld_hub:auto_hub|alt_sld_fab_with_jtag_input:\instrumentation_fabric_with_node_gen:fabric_gen_new_way:with_jtag_input_gen:instrumentation_fabric|alt_sld_fab:instrumentation_fabric|alt_sld_fab_alt_sld_fab:alt_sld_fab|alt_sld_fab_alt_sld_fab_sldfabric:sldfabric|sld_jtag_hub:\jtag_hub_gen:real_sld_jtag_hub|sld_rom_sr:hub_info_reg|WORD_SR[1]  ; 1.020             ;
; reloj_soc_NIOSII:niosii|reloj_soc_NIOSII_cpu:cpu|reloj_soc_NIOSII_cpu_nios2_oci:the_reloj_soc_NIOSII_cpu_nios2_oci|reloj_soc_NIOSII_cpu_nios2_ocimem:the_reloj_soc_NIOSII_cpu_nios2_ocimem|MonDReg[14]                                                                                                                                                   ; reloj_soc_NIOSII:niosii|reloj_soc_NIOSII_cpu:cpu|reloj_soc_NIOSII_cpu_nios2_oci:the_reloj_soc_NIOSII_cpu_nios2_oci|reloj_soc_NIOSII_cpu_debug_slave_wrapper:the_reloj_soc_NIOSII_cpu_debug_slave_wrapper|reloj_soc_NIOSII_cpu_debug_slave_tck:the_reloj_soc_NIOSII_cpu_debug_slave_tck|sr[15]                                                        ; 1.020             ;
; reloj_soc_NIOSII:niosii|reloj_soc_NIOSII_cpu:cpu|reloj_soc_NIOSII_cpu_nios2_oci:the_reloj_soc_NIOSII_cpu_nios2_oci|reloj_soc_NIOSII_cpu_nios2_oci_break:the_reloj_soc_NIOSII_cpu_nios2_oci_break|break_readreg[14]                                                                                                                                       ; reloj_soc_NIOSII:niosii|reloj_soc_NIOSII_cpu:cpu|reloj_soc_NIOSII_cpu_nios2_oci:the_reloj_soc_NIOSII_cpu_nios2_oci|reloj_soc_NIOSII_cpu_debug_slave_wrapper:the_reloj_soc_NIOSII_cpu_debug_slave_wrapper|reloj_soc_NIOSII_cpu_debug_slave_tck:the_reloj_soc_NIOSII_cpu_debug_slave_tck|sr[15]                                                        ; 1.020             ;
; reloj_soc_NIOSII:niosii|reloj_soc_NIOSII_cpu:cpu|reloj_soc_NIOSII_cpu_nios2_oci:the_reloj_soc_NIOSII_cpu_nios2_oci|reloj_soc_NIOSII_cpu_debug_slave_wrapper:the_reloj_soc_NIOSII_cpu_debug_slave_wrapper|reloj_soc_NIOSII_cpu_debug_slave_tck:the_reloj_soc_NIOSII_cpu_debug_slave_tck|sr[15]                                                            ; reloj_soc_NIOSII:niosii|reloj_soc_NIOSII_cpu:cpu|reloj_soc_NIOSII_cpu_nios2_oci:the_reloj_soc_NIOSII_cpu_nios2_oci|reloj_soc_NIOSII_cpu_debug_slave_wrapper:the_reloj_soc_NIOSII_cpu_debug_slave_wrapper|reloj_soc_NIOSII_cpu_debug_slave_tck:the_reloj_soc_NIOSII_cpu_debug_slave_tck|sr[15]                                                        ; 1.020             ;
; sld_hub:auto_hub|alt_sld_fab_with_jtag_input:\instrumentation_fabric_with_node_gen:fabric_gen_new_way:with_jtag_input_gen:instrumentation_fabric|alt_sld_fab:instrumentation_fabric|alt_sld_fab_alt_sld_fab:alt_sld_fab|alt_sld_fab_alt_sld_fab_sldfabric:sldfabric|sld_jtag_hub:\jtag_hub_gen:real_sld_jtag_hub|irf_reg[1][1]                           ; reloj_soc_NIOSII:niosii|reloj_soc_NIOSII_cpu:cpu|reloj_soc_NIOSII_cpu_nios2_oci:the_reloj_soc_NIOSII_cpu_nios2_oci|reloj_soc_NIOSII_cpu_debug_slave_wrapper:the_reloj_soc_NIOSII_cpu_debug_slave_wrapper|reloj_soc_NIOSII_cpu_debug_slave_tck:the_reloj_soc_NIOSII_cpu_debug_slave_tck|sr[15]                                                        ; 1.020             ;
; sld_hub:auto_hub|alt_sld_fab_with_jtag_input:\instrumentation_fabric_with_node_gen:fabric_gen_new_way:with_jtag_input_gen:instrumentation_fabric|alt_sld_fab:instrumentation_fabric|alt_sld_fab_alt_sld_fab:alt_sld_fab|alt_sld_fab_alt_sld_fab_sldfabric:sldfabric|sld_jtag_hub:\jtag_hub_gen:real_sld_jtag_hub|irf_reg[1][0]                           ; reloj_soc_NIOSII:niosii|reloj_soc_NIOSII_cpu:cpu|reloj_soc_NIOSII_cpu_nios2_oci:the_reloj_soc_NIOSII_cpu_nios2_oci|reloj_soc_NIOSII_cpu_debug_slave_wrapper:the_reloj_soc_NIOSII_cpu_debug_slave_wrapper|reloj_soc_NIOSII_cpu_debug_slave_tck:the_reloj_soc_NIOSII_cpu_debug_slave_tck|sr[15]                                                        ; 1.020             ;
; sld_hub:auto_hub|alt_sld_fab_with_jtag_input:\instrumentation_fabric_with_node_gen:fabric_gen_new_way:with_jtag_input_gen:instrumentation_fabric|alt_sld_fab:instrumentation_fabric|alt_sld_fab_alt_sld_fab:alt_sld_fab|alt_sld_fab_alt_sld_fab_sldfabric:sldfabric|sld_jtag_hub:\jtag_hub_gen:real_sld_jtag_hub|mixer_addr_reg_internal[3]              ; sld_hub:auto_hub|alt_sld_fab_with_jtag_input:\instrumentation_fabric_with_node_gen:fabric_gen_new_way:with_jtag_input_gen:instrumentation_fabric|alt_sld_fab:instrumentation_fabric|alt_sld_fab_alt_sld_fab:alt_sld_fab|alt_sld_fab_alt_sld_fab_sldfabric:sldfabric|sld_jtag_hub:\jtag_hub_gen:real_sld_jtag_hub|mixer_addr_reg_internal[4]          ; 1.014             ;
; sld_hub:auto_hub|alt_sld_fab_with_jtag_input:\instrumentation_fabric_with_node_gen:fabric_gen_new_way:with_jtag_input_gen:instrumentation_fabric|alt_sld_fab:instrumentation_fabric|alt_sld_fab_alt_sld_fab:alt_sld_fab|alt_sld_fab_alt_sld_fab_sldfabric:sldfabric|sld_jtag_hub:\jtag_hub_gen:real_sld_jtag_hub|mixer_addr_reg_internal[4]              ; sld_hub:auto_hub|alt_sld_fab_with_jtag_input:\instrumentation_fabric_with_node_gen:fabric_gen_new_way:with_jtag_input_gen:instrumentation_fabric|alt_sld_fab:instrumentation_fabric|alt_sld_fab_alt_sld_fab:alt_sld_fab|alt_sld_fab_alt_sld_fab_sldfabric:sldfabric|sld_jtag_hub:\jtag_hub_gen:real_sld_jtag_hub|mixer_addr_reg_internal[4]          ; 1.014             ;
; reloj_soc_NIOSII:niosii|reloj_soc_NIOSII_cpu:cpu|reloj_soc_NIOSII_cpu_nios2_oci:the_reloj_soc_NIOSII_cpu_nios2_oci|reloj_soc_NIOSII_cpu_debug_slave_wrapper:the_reloj_soc_NIOSII_cpu_debug_slave_wrapper|reloj_soc_NIOSII_cpu_debug_slave_tck:the_reloj_soc_NIOSII_cpu_debug_slave_tck|sr[0]                                                             ; reloj_soc_NIOSII:niosii|reloj_soc_NIOSII_cpu:cpu|reloj_soc_NIOSII_cpu_nios2_oci:the_reloj_soc_NIOSII_cpu_nios2_oci|reloj_soc_NIOSII_cpu_debug_slave_wrapper:the_reloj_soc_NIOSII_cpu_debug_slave_wrapper|reloj_soc_NIOSII_cpu_debug_slave_tck:the_reloj_soc_NIOSII_cpu_debug_slave_tck|sr[0]                                                         ; 1.010             ;
; sld_hub:auto_hub|alt_sld_fab_with_jtag_input:\instrumentation_fabric_with_node_gen:fabric_gen_new_way:with_jtag_input_gen:instrumentation_fabric|alt_sld_fab:instrumentation_fabric|alt_sld_fab_alt_sld_fab:alt_sld_fab|alt_sld_fab_alt_sld_fab_sldfabric:sldfabric|sld_jtag_hub:\jtag_hub_gen:real_sld_jtag_hub|identity_contrib_shift_reg[2]           ; sld_hub:auto_hub|alt_sld_fab_with_jtag_input:\instrumentation_fabric_with_node_gen:fabric_gen_new_way:with_jtag_input_gen:instrumentation_fabric|alt_sld_fab:instrumentation_fabric|alt_sld_fab_alt_sld_fab:alt_sld_fab|sldfabric_ident_writedata[2]                                                                                                 ; 0.952             ;
; sld_hub:auto_hub|alt_sld_fab_with_jtag_input:\instrumentation_fabric_with_node_gen:fabric_gen_new_way:with_jtag_input_gen:instrumentation_fabric|alt_sld_fab:instrumentation_fabric|alt_sld_fab_alt_sld_fab:alt_sld_fab|alt_sld_fab_alt_sld_fab_sldfabric:sldfabric|sld_jtag_hub:\jtag_hub_gen:real_sld_jtag_hub|identity_contrib_shift_reg[1]           ; sld_hub:auto_hub|alt_sld_fab_with_jtag_input:\instrumentation_fabric_with_node_gen:fabric_gen_new_way:with_jtag_input_gen:instrumentation_fabric|alt_sld_fab:instrumentation_fabric|alt_sld_fab_alt_sld_fab:alt_sld_fab|sldfabric_ident_writedata[1]                                                                                                 ; 0.952             ;
; sld_hub:auto_hub|alt_sld_fab_with_jtag_input:\instrumentation_fabric_with_node_gen:fabric_gen_new_way:with_jtag_input_gen:instrumentation_fabric|alt_sld_fab:instrumentation_fabric|alt_sld_fab_alt_sld_fab:alt_sld_fab|alt_sld_fab_alt_sld_fab_sldfabric:sldfabric|sld_jtag_hub:\jtag_hub_gen:real_sld_jtag_hub|identity_contrib_shift_reg[3]           ; sld_hub:auto_hub|alt_sld_fab_with_jtag_input:\instrumentation_fabric_with_node_gen:fabric_gen_new_way:with_jtag_input_gen:instrumentation_fabric|alt_sld_fab:instrumentation_fabric|alt_sld_fab_alt_sld_fab:alt_sld_fab|sldfabric_ident_writedata[3]                                                                                                 ; 0.939             ;
; sld_hub:auto_hub|alt_sld_fab_with_jtag_input:\instrumentation_fabric_with_node_gen:fabric_gen_new_way:with_jtag_input_gen:instrumentation_fabric|alt_sld_fab:instrumentation_fabric|alt_sld_fab_alt_sld_fab:alt_sld_fab|alt_sld_fab_alt_sld_fab_sldfabric:sldfabric|sld_jtag_hub:\jtag_hub_gen:real_sld_jtag_hub|identity_contrib_shift_reg[0]           ; sld_hub:auto_hub|alt_sld_fab_with_jtag_input:\instrumentation_fabric_with_node_gen:fabric_gen_new_way:with_jtag_input_gen:instrumentation_fabric|alt_sld_fab:instrumentation_fabric|alt_sld_fab_alt_sld_fab:alt_sld_fab|sldfabric_ident_writedata[0]                                                                                                 ; 0.939             ;
; reloj_soc_NIOSII:niosii|reloj_soc_NIOSII_cpu:cpu|reloj_soc_NIOSII_cpu_nios2_oci:the_reloj_soc_NIOSII_cpu_nios2_oci|reloj_soc_NIOSII_cpu_debug_slave_wrapper:the_reloj_soc_NIOSII_cpu_debug_slave_wrapper|reloj_soc_NIOSII_cpu_debug_slave_tck:the_reloj_soc_NIOSII_cpu_debug_slave_tck|sr[35]                                                            ; reloj_soc_NIOSII:niosii|reloj_soc_NIOSII_cpu:cpu|reloj_soc_NIOSII_cpu_nios2_oci:the_reloj_soc_NIOSII_cpu_nios2_oci|reloj_soc_NIOSII_cpu_debug_slave_wrapper:the_reloj_soc_NIOSII_cpu_debug_slave_wrapper|reloj_soc_NIOSII_cpu_debug_slave_tck:the_reloj_soc_NIOSII_cpu_debug_slave_tck|sr[35]                                                        ; 0.908             ;
; sld_hub:auto_hub|alt_sld_fab_with_jtag_input:\instrumentation_fabric_with_node_gen:fabric_gen_new_way:with_jtag_input_gen:instrumentation_fabric|alt_sld_fab:instrumentation_fabric|alt_sld_fab_alt_sld_fab:alt_sld_fab|alt_sld_fab_alt_sld_fab_sldfabric:sldfabric|sld_jtag_hub:\jtag_hub_gen:real_sld_jtag_hub|virtual_dr_scan_reg                     ; sld_hub:auto_hub|alt_sld_fab_with_jtag_input:\instrumentation_fabric_with_node_gen:fabric_gen_new_way:with_jtag_input_gen:instrumentation_fabric|alt_sld_fab:instrumentation_fabric|alt_sld_fab_alt_sld_fab:alt_sld_fab|alt_sld_fab_alt_sld_fab_sldfabric:sldfabric|sld_jtag_hub:\jtag_hub_gen:real_sld_jtag_hub|design_hash_reg[2]                  ; 0.904             ;
; sld_hub:auto_hub|alt_sld_fab_with_jtag_input:\instrumentation_fabric_with_node_gen:fabric_gen_new_way:with_jtag_input_gen:instrumentation_fabric|alt_sld_fab:instrumentation_fabric|alt_sld_fab_alt_sld_fab:alt_sld_fab|alt_sld_fab_alt_sld_fab_sldfabric:sldfabric|sld_jtag_hub:\jtag_hub_gen:real_sld_jtag_hub|jtag_ir_reg[8]                          ; sld_hub:auto_hub|alt_sld_fab_with_jtag_input:\instrumentation_fabric_with_node_gen:fabric_gen_new_way:with_jtag_input_gen:instrumentation_fabric|alt_sld_fab:instrumentation_fabric|alt_sld_fab_alt_sld_fab:alt_sld_fab|alt_sld_fab_alt_sld_fab_sldfabric:sldfabric|sld_jtag_hub:\jtag_hub_gen:real_sld_jtag_hub|jtag_ir_reg[7]                      ; 0.895             ;
; reloj_soc_NIOSII:niosii|reloj_soc_NIOSII_cpu:cpu|reloj_soc_NIOSII_cpu_nios2_oci:the_reloj_soc_NIOSII_cpu_nios2_oci|reloj_soc_NIOSII_cpu_debug_slave_wrapper:the_reloj_soc_NIOSII_cpu_debug_slave_wrapper|reloj_soc_NIOSII_cpu_debug_slave_tck:the_reloj_soc_NIOSII_cpu_debug_slave_tck|altera_std_synchronizer:the_altera_std_synchronizer1|dreg[0]      ; reloj_soc_NIOSII:niosii|reloj_soc_NIOSII_cpu:cpu|reloj_soc_NIOSII_cpu_nios2_oci:the_reloj_soc_NIOSII_cpu_nios2_oci|reloj_soc_NIOSII_cpu_debug_slave_wrapper:the_reloj_soc_NIOSII_cpu_debug_slave_wrapper|reloj_soc_NIOSII_cpu_debug_slave_tck:the_reloj_soc_NIOSII_cpu_debug_slave_tck|sr[35]                                                        ; 0.884             ;
; sld_hub:auto_hub|alt_sld_fab_with_jtag_input:\instrumentation_fabric_with_node_gen:fabric_gen_new_way:with_jtag_input_gen:instrumentation_fabric|alt_sld_fab:instrumentation_fabric|alt_sld_fab_alt_sld_fab:alt_sld_fab|alt_sld_fab_alt_sld_fab_sldfabric:sldfabric|sld_jtag_hub:\jtag_hub_gen:real_sld_jtag_hub|hub_mode_reg[1]                         ; sld_hub:auto_hub|alt_sld_fab_with_jtag_input:\instrumentation_fabric_with_node_gen:fabric_gen_new_way:with_jtag_input_gen:instrumentation_fabric|alt_sld_fab:instrumentation_fabric|alt_sld_fab_alt_sld_fab:alt_sld_fab|alt_sld_fab_alt_sld_fab_sldfabric:sldfabric|sld_jtag_hub:\jtag_hub_gen:real_sld_jtag_hub|irf_reg[1][0]                       ; 0.883             ;
; reloj_soc_UART:uart|alt_jtag_atlantic:reloj_soc_UART_alt_jtag_atlantic|user_saw_rvalid                                                                                                                                                                                                                                                                   ; reloj_soc_UART:uart|alt_jtag_atlantic:reloj_soc_UART_alt_jtag_atlantic|td_shift[4]                                                                                                                                                                                                                                                                   ; 0.882             ;
; sld_hub:auto_hub|alt_sld_fab_with_jtag_input:\instrumentation_fabric_with_node_gen:fabric_gen_new_way:with_jtag_input_gen:instrumentation_fabric|alt_sld_fab:instrumentation_fabric|alt_sld_fab_alt_sld_fab:alt_sld_fab|alt_sld_fab_alt_sld_fab_sldfabric:sldfabric|sld_jtag_hub:\jtag_hub_gen:real_sld_jtag_hub|jtag_ir_reg[2]                          ; sld_hub:auto_hub|alt_sld_fab_with_jtag_input:\instrumentation_fabric_with_node_gen:fabric_gen_new_way:with_jtag_input_gen:instrumentation_fabric|alt_sld_fab:instrumentation_fabric|alt_sld_fab_alt_sld_fab:alt_sld_fab|alt_sld_fab_alt_sld_fab_sldfabric:sldfabric|sld_jtag_hub:\jtag_hub_gen:real_sld_jtag_hub|virtual_ir_scan_reg                 ; 0.882             ;
; sld_hub:auto_hub|alt_sld_fab_with_jtag_input:\instrumentation_fabric_with_node_gen:fabric_gen_new_way:with_jtag_input_gen:instrumentation_fabric|alt_sld_fab:instrumentation_fabric|alt_sld_fab_alt_sld_fab:alt_sld_fab|alt_sld_fab_alt_sld_fab_sldfabric:sldfabric|sld_jtag_hub:\jtag_hub_gen:real_sld_jtag_hub|jtag_ir_reg[9]                          ; sld_hub:auto_hub|alt_sld_fab_with_jtag_input:\instrumentation_fabric_with_node_gen:fabric_gen_new_way:with_jtag_input_gen:instrumentation_fabric|alt_sld_fab:instrumentation_fabric|alt_sld_fab_alt_sld_fab:alt_sld_fab|alt_sld_fab_alt_sld_fab_sldfabric:sldfabric|sld_jtag_hub:\jtag_hub_gen:real_sld_jtag_hub|jtag_ir_reg[8]                      ; 0.882             ;
; sld_hub:auto_hub|alt_sld_fab_with_jtag_input:\instrumentation_fabric_with_node_gen:fabric_gen_new_way:with_jtag_input_gen:instrumentation_fabric|alt_sld_fab:instrumentation_fabric|alt_sld_fab_alt_sld_fab:alt_sld_fab|alt_sld_fab_alt_sld_fab_sldfabric:sldfabric|sld_jtag_hub:\jtag_hub_gen:real_sld_jtag_hub|jtag_ir_reg[7]                          ; sld_hub:auto_hub|alt_sld_fab_with_jtag_input:\instrumentation_fabric_with_node_gen:fabric_gen_new_way:with_jtag_input_gen:instrumentation_fabric|alt_sld_fab:instrumentation_fabric|alt_sld_fab_alt_sld_fab:alt_sld_fab|alt_sld_fab_alt_sld_fab_sldfabric:sldfabric|sld_jtag_hub:\jtag_hub_gen:real_sld_jtag_hub|jtag_ir_reg[6]                      ; 0.882             ;
; reloj_soc_UART:uart|alt_jtag_atlantic:reloj_soc_UART_alt_jtag_atlantic|td_shift[2]                                                                                                                                                                                                                                                                       ; reloj_soc_UART:uart|alt_jtag_atlantic:reloj_soc_UART_alt_jtag_atlantic|td_shift[1]                                                                                                                                                                                                                                                                   ; 0.870             ;
; reloj_soc_UART:uart|alt_jtag_atlantic:reloj_soc_UART_alt_jtag_atlantic|count[2]                                                                                                                                                                                                                                                                          ; reloj_soc_UART:uart|alt_jtag_atlantic:reloj_soc_UART_alt_jtag_atlantic|count[3]                                                                                                                                                                                                                                                                      ; 0.869             ;
; reloj_soc_UART:uart|alt_jtag_atlantic:reloj_soc_UART_alt_jtag_atlantic|count[1]                                                                                                                                                                                                                                                                          ; reloj_soc_UART:uart|alt_jtag_atlantic:reloj_soc_UART_alt_jtag_atlantic|td_shift[4]                                                                                                                                                                                                                                                                   ; 0.863             ;
; sld_hub:auto_hub|alt_sld_fab_with_jtag_input:\instrumentation_fabric_with_node_gen:fabric_gen_new_way:with_jtag_input_gen:instrumentation_fabric|alt_sld_fab:instrumentation_fabric|alt_sld_fab_alt_sld_fab:alt_sld_fab|alt_sld_fab_alt_sld_fab_sldfabric:sldfabric|sld_jtag_hub:\jtag_hub_gen:real_sld_jtag_hub|jtag_ir_reg[4]                          ; sld_hub:auto_hub|alt_sld_fab_with_jtag_input:\instrumentation_fabric_with_node_gen:fabric_gen_new_way:with_jtag_input_gen:instrumentation_fabric|alt_sld_fab:instrumentation_fabric|alt_sld_fab_alt_sld_fab:alt_sld_fab|alt_sld_fab_alt_sld_fab_sldfabric:sldfabric|sld_jtag_hub:\jtag_hub_gen:real_sld_jtag_hub|virtual_ir_scan_reg                 ; 0.863             ;
; reloj_soc_UART:uart|alt_jtag_atlantic:reloj_soc_UART_alt_jtag_atlantic|tck_t_dav                                                                                                                                                                                                                                                                         ; reloj_soc_UART:uart|alt_jtag_atlantic:reloj_soc_UART_alt_jtag_atlantic|td_shift[0]                                                                                                                                                                                                                                                                   ; 0.849             ;
; reloj_soc_UART:uart|alt_jtag_atlantic:reloj_soc_UART_alt_jtag_atlantic|state                                                                                                                                                                                                                                                                             ; reloj_soc_UART:uart|alt_jtag_atlantic:reloj_soc_UART_alt_jtag_atlantic|td_shift[0]                                                                                                                                                                                                                                                                   ; 0.841             ;
; reloj_soc_UART:uart|alt_jtag_atlantic:reloj_soc_UART_alt_jtag_atlantic|td_shift[3]                                                                                                                                                                                                                                                                       ; reloj_soc_UART:uart|alt_jtag_atlantic:reloj_soc_UART_alt_jtag_atlantic|td_shift[2]                                                                                                                                                                                                                                                                   ; 0.840             ;
; sld_hub:auto_hub|alt_sld_fab_with_jtag_input:\instrumentation_fabric_with_node_gen:fabric_gen_new_way:with_jtag_input_gen:instrumentation_fabric|alt_sld_fab:instrumentation_fabric|alt_sld_fab_alt_sld_fab:alt_sld_fab|alt_sld_fab_alt_sld_fab_sldfabric:sldfabric|sld_jtag_hub:\jtag_hub_gen:real_sld_jtag_hub|irf_reg[2][0]                           ; reloj_soc_UART:uart|alt_jtag_atlantic:reloj_soc_UART_alt_jtag_atlantic|td_shift[0]                                                                                                                                                                                                                                                                   ; 0.840             ;
; altera_reserved_tdi                                                                                                                                                                                                                                                                                                                                      ; reloj_soc_UART:uart|alt_jtag_atlantic:reloj_soc_UART_alt_jtag_atlantic|td_shift[0]                                                                                                                                                                                                                                                                   ; 0.840             ;
+----------------------------------------------------------------------------------------------------------------------------------------------------------------------------------------------------------------------------------------------------------------------------------------------------------------------------------------------------------+------------------------------------------------------------------------------------------------------------------------------------------------------------------------------------------------------------------------------------------------------------------------------------------------------------------------------------------------------+-------------------+
Note: This table only shows the top 100 path(s) that have the largest delay added for hold.


+-----------------+
; Fitter Messages ;
+-----------------+
Warning (18236): Number of processors has not been specified which may cause overloading on shared machines.  Set the global assignment NUM_PARALLEL_PROCESSORS in your QSF to an appropriate value for best performance.
Info (20030): Parallel compilation is enabled and will use 8 of the 8 processors detected
Info (119006): Selected device 5CSTFD5D5F31I7 for design "Reloj"
Info (21077): Low junction temperature is -40 degrees C
Info (21077): High junction temperature is 100 degrees C
Warning (21300): LOCKED port on the PLL is not properly connected on instance "reloj_soc_audio_pll_0:audio_pll_0|reloj_soc_audio_pll_0_audio_pll:audio_pll|altera_pll:altera_pll_i|general[0].gpll". The LOCKED port on the PLL should be connected when the FBOUTCLK port is connected. Although it is unnecessary to connect the LOCKED signal, any logic driven off of an output clock of the PLL will not know when the PLL is locked and ready.
Info (171003): Fitter is performing an Auto Fit compilation, which may decrease Fitter effort to reduce compilation time
Warning (292013): Feature LogicLock is only available with a valid subscription license. You can purchase a software subscription to gain full access to this feature.
Warning (15714): Some pins have incomplete I/O assignments. Refer to the I/O Assignment Warnings report for details
Info (176045): Design uses memory blocks. Violating setup or hold times of memory block address registers for either read or write operations could cause memory contents to be corrupted. Make sure that all memory block address registers meet the setup and hold time requirements.
Critical Warning (169085): No exact pin location assignment(s) for 65 pins of 72 total pins. For the list of pins please refer to the I/O Assignment Warnings table in the fitter report.
Info (184020): Starting Fitter periphery placement operations
Info (11178): Promoted 1 clock (1 global)
    Info (11162): reloj_soc_audio_pll_0:audio_pll_0|reloj_soc_audio_pll_0_audio_pll:audio_pll|altera_pll:altera_pll_i|outclk_wire[0]~CLKENA0 with 1 fanout uses global clock CLKCTRL_G0
Info (11191): Automatically promoted 1 clock (1 global)
    Info (11162): clk_clk~inputCLKENA0 with 1535 fanout uses global clock CLKCTRL_G4
Info (184021): Fitter periphery placement operations ending: elapsed time is 00:00:00
Info (332164): Evaluating HDL-embedded SDC commands
    Info (332165): Entity alt_jtag_atlantic
        Info (332166): set_false_path -from [get_registers {*|alt_jtag_atlantic:*|jupdate}] -to [get_registers {*|alt_jtag_atlantic:*|jupdate1*}] 
        Info (332166): set_false_path -from [get_registers {*|alt_jtag_atlantic:*|rdata[*]}] -to [get_registers {*|alt_jtag_atlantic*|td_shift[*]}]
        Info (332166): set_false_path -from [get_registers {*|alt_jtag_atlantic:*|rdata[*]}] -to [get_registers {*|alt_jtag_atlantic*|td_shift[*]}]
        Info (332166): set_false_path -from [get_registers {*|alt_jtag_atlantic:*|rdata[*]}] -to [get_registers {*|alt_jtag_atlantic*|td_shift[*]}]
        Info (332166): set_false_path -from [get_registers {*|alt_jtag_atlantic:*|rdata[*]}] -to [get_registers {*|alt_jtag_atlantic*|td_shift[*]}]
        Info (332166): set_false_path -from [get_registers {*|alt_jtag_atlantic:*|rdata[*]}] -to [get_registers {*|alt_jtag_atlantic*|td_shift[*]}]
        Info (332166): set_false_path -from [get_registers {*|alt_jtag_atlantic:*|rdata[*]}] -to [get_registers {*|alt_jtag_atlantic*|td_shift[*]}]
        Info (332166): set_false_path -from [get_registers {*|alt_jtag_atlantic:*|rdata[*]}] -to [get_registers {*|alt_jtag_atlantic*|td_shift[*]}]
        Info (332166): set_false_path -from [get_registers {*|alt_jtag_atlantic:*|rdata[*]}] -to [get_registers {*|alt_jtag_atlantic*|td_shift[*]}]
        Info (332166): set_false_path -from [get_registers {*|alt_jtag_atlantic:*|read}] -to [get_registers {*|alt_jtag_atlantic:*|read1*}] 
        Info (332166): set_false_path -from [get_registers {*|alt_jtag_atlantic:*|read_req}]
        Info (332166): set_false_path -from [get_registers {*|alt_jtag_atlantic:*|rvalid}] -to [get_registers {*|alt_jtag_atlantic*|td_shift[*]}]
        Info (332166): set_false_path -from [get_registers {*|t_dav}] -to [get_registers {*|alt_jtag_atlantic:*|tck_t_dav}]
        Info (332166): set_false_path -from [get_registers {*|alt_jtag_atlantic:*|user_saw_rvalid}] -to [get_registers {*|alt_jtag_atlantic:*|rvalid0*}]
        Info (332166): set_false_path -from [get_registers {*|alt_jtag_atlantic:*|wdata[*]}] -to [get_registers {*}]
        Info (332166): set_false_path -from [get_registers {*|alt_jtag_atlantic:*|wdata[*]}] -to [get_registers {*}]
        Info (332166): set_false_path -from [get_registers {*|alt_jtag_atlantic:*|wdata[*]}] -to [get_registers {*}]
        Info (332166): set_false_path -from [get_registers {*|alt_jtag_atlantic:*|wdata[*]}] -to [get_registers {*}]
        Info (332166): set_false_path -from [get_registers {*|alt_jtag_atlantic:*|wdata[*]}] -to [get_registers {*}]
        Info (332166): set_false_path -from [get_registers {*|alt_jtag_atlantic:*|wdata[*]}] -to [get_registers {*}]
        Info (332166): set_false_path -from [get_registers {*|alt_jtag_atlantic:*|wdata[*]}] -to [get_registers {*}]
        Info (332166): set_false_path -from [get_registers {*|alt_jtag_atlantic:*|wdata[*]}] -to [get_registers {*}]
        Info (332166): set_false_path -from [get_registers {*|alt_jtag_atlantic:*|write}] -to [get_registers {*|alt_jtag_atlantic:*|write1*}] 
        Info (332166): set_false_path -from [get_registers {*|alt_jtag_atlantic:*|write_stalled}] -to [get_registers {*|alt_jtag_atlantic:*|t_ena*}]
        Info (332166): set_false_path -from [get_registers {*|alt_jtag_atlantic:*|write_stalled}] -to [get_registers {*|alt_jtag_atlantic:*|t_pause*}]
        Info (332166): set_false_path -from [get_registers {*|alt_jtag_atlantic:*|write_valid}]
    Info (332165): Entity altera_std_synchronizer
        Info (332166): set_false_path -to [get_keepers {*altera_std_synchronizer:*|din_s1}]
    Info (332165): Entity sld_hub
        Info (332166): create_clock -name altera_reserved_tck [get_ports {altera_reserved_tck}] -period 30MHz   
        Info (332166): if { [string equal quartus_fit $::TimeQuestInfo(nameofexecutable)] } { set_max_delay -to [get_ports { altera_reserved_tdo } ] 0 }
        Info (332166): set_clock_groups -asynchronous -group {altera_reserved_tck}
Info (332104): Reading SDC File: 'reloj_soc/synthesis/submodules/altera_reset_controller.sdc'
Info (332104): Reading SDC File: 'reloj_soc/synthesis/submodules/reloj_soc_NIOSII_cpu.sdc'
Warning (332060): Node: clk_clk was determined to be a clock but was found without an associated clock assignment.
    Info (13166): Register reloj_soc_audio_0:audio_0|altera_up_audio_out_serializer:Audio_Out_Serializer|serial_audio_out_data is being clocked by clk_clk
Info (332143): No user constrained clock uncertainty found in the design. Calling "derive_clock_uncertainty"
Info (332123): Deriving Clock Uncertainty. Please refer to report_sdc in the Timing Analyzer to see clock uncertainties.
Warning (332056): PLL cross checking found inconsistent PLL clock settings:
    Warning (332056): Node: audio_pll_0|audio_pll|altera_pll_i|general[0].gpll~FRACTIONAL_PLL|vcoph[0] was found missing 1 generated clock that corresponds to a base clock with a period of: 20.000
Info (332129): Detected timing requirements -- optimizing circuit to achieve only the specified requirements
Info (332111): Found 1 clocks
    Info (332111):   Period   Clock Name
    Info (332111): ======== ============
    Info (332111):   33.333 altera_reserved_tck
Info (176233): Starting register packing
Info (176235): Finished register packing
    Extra Info (176218): Packed 8 registers into blocks of type Block RAM
Warning (15705): Ignored locations or region assignments to the following nodes
    Warning (15706): Node "leds[0]" is assigned to location or region, but does not exist in design
    Warning (15706): Node "leds[1]" is assigned to location or region, but does not exist in design
    Warning (15706): Node "leds[2]" is assigned to location or region, but does not exist in design
    Warning (15706): Node "leds[3]" is assigned to location or region, but does not exist in design
    Warning (15706): Node "leds[4]" is assigned to location or region, but does not exist in design
    Warning (15706): Node "leds[5]" is assigned to location or region, but does not exist in design
    Warning (15706): Node "leds[6]" is assigned to location or region, but does not exist in design
    Warning (15706): Node "leds[7]" is assigned to location or region, but does not exist in design
    Warning (15706): Node "sw[0]" is assigned to location or region, but does not exist in design
    Warning (15706): Node "sw[1]" is assigned to location or region, but does not exist in design
    Warning (15706): Node "sw[2]" is assigned to location or region, but does not exist in design
    Warning (15706): Node "sw[3]" is assigned to location or region, but does not exist in design
    Warning (15706): Node "sw[4]" is assigned to location or region, but does not exist in design
    Warning (15706): Node "sw[5]" is assigned to location or region, but does not exist in design
    Warning (15706): Node "sw[6]" is assigned to location or region, but does not exist in design
    Warning (15706): Node "sw[7]" is assigned to location or region, but does not exist in design
Info (11798): Fitter preparation operations ending: elapsed time is 00:00:12
Info (170189): Fitter placement preparation operations beginning
Info (14951): The Fitter is using Advanced Physical Optimization.
Info (170190): Fitter placement preparation operations ending: elapsed time is 00:00:06
Info (170191): Fitter placement operations beginning
Info (170137): Fitter placement was successful
Info (170192): Fitter placement operations ending: elapsed time is 00:00:03
Info (170193): Fitter routing operations beginning
Info (170195): Router estimated average interconnect usage is 0% of the available device resources
    Info (170196): Router estimated peak interconnect usage is 16% of the available device resources in the region that extends from location X11_Y0 to location X21_Y10
Info (170199): The Fitter performed an Auto Fit compilation.  Optimizations were skipped to reduce compilation time.
    Info (170201): Optimizations that may affect the design's routability were skipped
Info (170194): Fitter routing operations ending: elapsed time is 00:00:06
Info (11888): Total time spent on timing analysis during the Fitter is 1.98 seconds.
Info (334003): Started post-fitting delay annotation
Info (334004): Delay annotation completed successfully
Info (334003): Started post-fitting delay annotation
Info (334004): Delay annotation completed successfully
Info (11801): Fitter post-fit operations ending: elapsed time is 00:00:06
Warning (171167): Found invalid Fitter assignments. See the Ignored Assignments panel in the Fitter Compilation Report for more information.
Info (144001): Generated suppressed messages file /home/tefa/Documents/GitHub/Demo_qsys/Reloj.fit.smsg
Info: Quartus Prime Fitter was successful. 0 errors, 26 warnings
    Info: Peak virtual memory: 2850 megabytes
    Info: Processing ended: Fri Jun 13 19:02:25 2025
    Info: Elapsed time: 00:00:53
    Info: Total CPU time (on all processors): 00:02:49


+----------------------------+
; Fitter Suppressed Messages ;
+----------------------------+
The suppressed messages can be found in /home/tefa/Documents/GitHub/Demo_qsys/Reloj.fit.smsg.


