Analysis & Elaboration report for Reloj
Tue May 27 21:15:01 2025
Quartus Prime Version 18.1.0 Build 625 09/12/2018 SJ Lite Edition


---------------------
; Table of Contents ;
---------------------
  1. Legal Notice
  2. Analysis & Elaboration Summary
  3. Parallel Compilation
  4. Analysis & Elaboration IP Cores Summary
  5. Source assignments for reloj_soc:dut|reloj_soc_NIOSII:niosii|reloj_soc_NIOSII_cpu:cpu|reloj_soc_NIOSII_cpu_register_bank_a_module:reloj_soc_NIOSII_cpu_register_bank_a|altsyncram:the_altsyncram|altsyncram_msi1:auto_generated
  6. Source assignments for reloj_soc:dut|reloj_soc_NIOSII:niosii|reloj_soc_NIOSII_cpu:cpu|reloj_soc_NIOSII_cpu_register_bank_b_module:reloj_soc_NIOSII_cpu_register_bank_b|altsyncram:the_altsyncram|altsyncram_msi1:auto_generated
  7. Source assignments for reloj_soc:dut|reloj_soc_NIOSII:niosii|reloj_soc_NIOSII_cpu:cpu|reloj_soc_NIOSII_cpu_nios2_oci:the_reloj_soc_NIOSII_cpu_nios2_oci|reloj_soc_NIOSII_cpu_nios2_oci_debug:the_reloj_soc_NIOSII_cpu_nios2_oci_debug|altera_std_synchronizer:the_altera_std_synchronizer
  8. Source assignments for reloj_soc:dut|reloj_soc_NIOSII:niosii|reloj_soc_NIOSII_cpu:cpu|reloj_soc_NIOSII_cpu_nios2_oci:the_reloj_soc_NIOSII_cpu_nios2_oci|reloj_soc_NIOSII_cpu_nios2_ocimem:the_reloj_soc_NIOSII_cpu_nios2_ocimem|reloj_soc_NIOSII_cpu_ociram_sp_ram_module:reloj_soc_NIOSII_cpu_ociram_sp_ram|altsyncram:the_altsyncram|altsyncram_qid1:auto_generated
  9. Source assignments for reloj_soc:dut|reloj_soc_NIOSII:niosii|reloj_soc_NIOSII_cpu:cpu|reloj_soc_NIOSII_cpu_nios2_oci:the_reloj_soc_NIOSII_cpu_nios2_oci|reloj_soc_NIOSII_cpu_debug_slave_wrapper:the_reloj_soc_NIOSII_cpu_debug_slave_wrapper|reloj_soc_NIOSII_cpu_debug_slave_tck:the_reloj_soc_NIOSII_cpu_debug_slave_tck|altera_std_synchronizer:the_altera_std_synchronizer1
 10. Source assignments for reloj_soc:dut|reloj_soc_NIOSII:niosii|reloj_soc_NIOSII_cpu:cpu|reloj_soc_NIOSII_cpu_nios2_oci:the_reloj_soc_NIOSII_cpu_nios2_oci|reloj_soc_NIOSII_cpu_debug_slave_wrapper:the_reloj_soc_NIOSII_cpu_debug_slave_wrapper|reloj_soc_NIOSII_cpu_debug_slave_tck:the_reloj_soc_NIOSII_cpu_debug_slave_tck|altera_std_synchronizer:the_altera_std_synchronizer2
 11. Source assignments for reloj_soc:dut|reloj_soc_NIOSII:niosii|reloj_soc_NIOSII_cpu:cpu|reloj_soc_NIOSII_cpu_nios2_oci:the_reloj_soc_NIOSII_cpu_nios2_oci|reloj_soc_NIOSII_cpu_debug_slave_wrapper:the_reloj_soc_NIOSII_cpu_debug_slave_wrapper|reloj_soc_NIOSII_cpu_debug_slave_sysclk:the_reloj_soc_NIOSII_cpu_debug_slave_sysclk|altera_std_synchronizer:the_altera_std_synchronizer3
 12. Source assignments for reloj_soc:dut|reloj_soc_NIOSII:niosii|reloj_soc_NIOSII_cpu:cpu|reloj_soc_NIOSII_cpu_nios2_oci:the_reloj_soc_NIOSII_cpu_nios2_oci|reloj_soc_NIOSII_cpu_debug_slave_wrapper:the_reloj_soc_NIOSII_cpu_debug_slave_wrapper|reloj_soc_NIOSII_cpu_debug_slave_sysclk:the_reloj_soc_NIOSII_cpu_debug_slave_sysclk|altera_std_synchronizer:the_altera_std_synchronizer4
 13. Source assignments for reloj_soc:dut|reloj_soc_RAM:ram|altsyncram:the_altsyncram|altsyncram_bam1:auto_generated
 14. Source assignments for reloj_soc:dut|reloj_soc_UART:uart|reloj_soc_UART_scfifo_w:the_reloj_soc_UART_scfifo_w|scfifo:wfifo|scfifo_3291:auto_generated|a_dpfifo_5771:dpfifo|altsyncram_7pu1:FIFOram
 15. Source assignments for reloj_soc:dut|reloj_soc_UART:uart|reloj_soc_UART_scfifo_r:the_reloj_soc_UART_scfifo_r|scfifo:rfifo|scfifo_3291:auto_generated|a_dpfifo_5771:dpfifo|altsyncram_7pu1:FIFOram
 16. Source assignments for reloj_soc:dut|reloj_soc_audio_0:audio_0|altera_up_audio_out_serializer:Audio_Out_Serializer|altera_up_sync_fifo:Audio_Out_Left_Channel_FIFO|scfifo:Sync_FIFO|scfifo_9ba1:auto_generated|a_dpfifo_s2a1:dpfifo|altsyncram_r3i1:FIFOram
 17. Source assignments for reloj_soc:dut|reloj_soc_audio_0:audio_0|altera_up_audio_out_serializer:Audio_Out_Serializer|altera_up_sync_fifo:Audio_Out_Right_Channel_FIFO|scfifo:Sync_FIFO|scfifo_9ba1:auto_generated|a_dpfifo_s2a1:dpfifo|altsyncram_r3i1:FIFOram
 18. Source assignments for reloj_soc:dut|reloj_soc_mm_interconnect_0:mm_interconnect_0|reloj_soc_mm_interconnect_0_cmd_demux:cmd_demux
 19. Source assignments for reloj_soc:dut|reloj_soc_mm_interconnect_0:mm_interconnect_0|reloj_soc_mm_interconnect_0_cmd_demux_001:cmd_demux_001
 20. Source assignments for reloj_soc:dut|reloj_soc_mm_interconnect_0:mm_interconnect_0|reloj_soc_mm_interconnect_0_rsp_demux:rsp_demux
 21. Source assignments for reloj_soc:dut|reloj_soc_mm_interconnect_0:mm_interconnect_0|reloj_soc_mm_interconnect_0_rsp_demux:rsp_demux_001
 22. Source assignments for reloj_soc:dut|reloj_soc_mm_interconnect_0:mm_interconnect_0|reloj_soc_mm_interconnect_0_cmd_demux_001:rsp_demux_002
 23. Source assignments for reloj_soc:dut|reloj_soc_mm_interconnect_0:mm_interconnect_0|reloj_soc_mm_interconnect_0_cmd_demux_001:rsp_demux_003
 24. Source assignments for reloj_soc:dut|reloj_soc_mm_interconnect_0:mm_interconnect_0|reloj_soc_mm_interconnect_0_rsp_demux:rsp_demux_004
 25. Source assignments for reloj_soc:dut|reloj_soc_mm_interconnect_0:mm_interconnect_0|reloj_soc_mm_interconnect_0_rsp_demux:rsp_demux_005
 26. Source assignments for reloj_soc:dut|reloj_soc_mm_interconnect_0:mm_interconnect_0|reloj_soc_mm_interconnect_0_rsp_demux:rsp_demux_006
 27. Source assignments for reloj_soc:dut|altera_reset_controller:rst_controller
 28. Source assignments for reloj_soc:dut|altera_reset_controller:rst_controller|altera_reset_synchronizer:alt_rst_sync_uq1
 29. Source assignments for reloj_soc:dut|altera_reset_controller:rst_controller|altera_reset_synchronizer:alt_rst_req_sync_uq1
 30. Parameter Settings for User Entity Instance: reloj_soc:dut|reloj_soc_NIOSII:niosii|reloj_soc_NIOSII_cpu:cpu|reloj_soc_NIOSII_cpu_register_bank_a_module:reloj_soc_NIOSII_cpu_register_bank_a
 31. Parameter Settings for User Entity Instance: reloj_soc:dut|reloj_soc_NIOSII:niosii|reloj_soc_NIOSII_cpu:cpu|reloj_soc_NIOSII_cpu_register_bank_a_module:reloj_soc_NIOSII_cpu_register_bank_a|altsyncram:the_altsyncram
 32. Parameter Settings for User Entity Instance: reloj_soc:dut|reloj_soc_NIOSII:niosii|reloj_soc_NIOSII_cpu:cpu|reloj_soc_NIOSII_cpu_register_bank_b_module:reloj_soc_NIOSII_cpu_register_bank_b
 33. Parameter Settings for User Entity Instance: reloj_soc:dut|reloj_soc_NIOSII:niosii|reloj_soc_NIOSII_cpu:cpu|reloj_soc_NIOSII_cpu_register_bank_b_module:reloj_soc_NIOSII_cpu_register_bank_b|altsyncram:the_altsyncram
 34. Parameter Settings for User Entity Instance: reloj_soc:dut|reloj_soc_NIOSII:niosii|reloj_soc_NIOSII_cpu:cpu|reloj_soc_NIOSII_cpu_nios2_oci:the_reloj_soc_NIOSII_cpu_nios2_oci|reloj_soc_NIOSII_cpu_nios2_oci_debug:the_reloj_soc_NIOSII_cpu_nios2_oci_debug|altera_std_synchronizer:the_altera_std_synchronizer
 35. Parameter Settings for User Entity Instance: reloj_soc:dut|reloj_soc_NIOSII:niosii|reloj_soc_NIOSII_cpu:cpu|reloj_soc_NIOSII_cpu_nios2_oci:the_reloj_soc_NIOSII_cpu_nios2_oci|reloj_soc_NIOSII_cpu_nios2_ocimem:the_reloj_soc_NIOSII_cpu_nios2_ocimem|reloj_soc_NIOSII_cpu_ociram_sp_ram_module:reloj_soc_NIOSII_cpu_ociram_sp_ram
 36. Parameter Settings for User Entity Instance: reloj_soc:dut|reloj_soc_NIOSII:niosii|reloj_soc_NIOSII_cpu:cpu|reloj_soc_NIOSII_cpu_nios2_oci:the_reloj_soc_NIOSII_cpu_nios2_oci|reloj_soc_NIOSII_cpu_nios2_ocimem:the_reloj_soc_NIOSII_cpu_nios2_ocimem|reloj_soc_NIOSII_cpu_ociram_sp_ram_module:reloj_soc_NIOSII_cpu_ociram_sp_ram|altsyncram:the_altsyncram
 37. Parameter Settings for User Entity Instance: reloj_soc:dut|reloj_soc_NIOSII:niosii|reloj_soc_NIOSII_cpu:cpu|reloj_soc_NIOSII_cpu_nios2_oci:the_reloj_soc_NIOSII_cpu_nios2_oci|reloj_soc_NIOSII_cpu_debug_slave_wrapper:the_reloj_soc_NIOSII_cpu_debug_slave_wrapper|reloj_soc_NIOSII_cpu_debug_slave_tck:the_reloj_soc_NIOSII_cpu_debug_slave_tck|altera_std_synchronizer:the_altera_std_synchronizer1
 38. Parameter Settings for User Entity Instance: reloj_soc:dut|reloj_soc_NIOSII:niosii|reloj_soc_NIOSII_cpu:cpu|reloj_soc_NIOSII_cpu_nios2_oci:the_reloj_soc_NIOSII_cpu_nios2_oci|reloj_soc_NIOSII_cpu_debug_slave_wrapper:the_reloj_soc_NIOSII_cpu_debug_slave_wrapper|reloj_soc_NIOSII_cpu_debug_slave_tck:the_reloj_soc_NIOSII_cpu_debug_slave_tck|altera_std_synchronizer:the_altera_std_synchronizer2
 39. Parameter Settings for User Entity Instance: reloj_soc:dut|reloj_soc_NIOSII:niosii|reloj_soc_NIOSII_cpu:cpu|reloj_soc_NIOSII_cpu_nios2_oci:the_reloj_soc_NIOSII_cpu_nios2_oci|reloj_soc_NIOSII_cpu_debug_slave_wrapper:the_reloj_soc_NIOSII_cpu_debug_slave_wrapper|reloj_soc_NIOSII_cpu_debug_slave_sysclk:the_reloj_soc_NIOSII_cpu_debug_slave_sysclk|altera_std_synchronizer:the_altera_std_synchronizer3
 40. Parameter Settings for User Entity Instance: reloj_soc:dut|reloj_soc_NIOSII:niosii|reloj_soc_NIOSII_cpu:cpu|reloj_soc_NIOSII_cpu_nios2_oci:the_reloj_soc_NIOSII_cpu_nios2_oci|reloj_soc_NIOSII_cpu_debug_slave_wrapper:the_reloj_soc_NIOSII_cpu_debug_slave_wrapper|reloj_soc_NIOSII_cpu_debug_slave_sysclk:the_reloj_soc_NIOSII_cpu_debug_slave_sysclk|altera_std_synchronizer:the_altera_std_synchronizer4
 41. Parameter Settings for User Entity Instance: reloj_soc:dut|reloj_soc_NIOSII:niosii|reloj_soc_NIOSII_cpu:cpu|reloj_soc_NIOSII_cpu_nios2_oci:the_reloj_soc_NIOSII_cpu_nios2_oci|reloj_soc_NIOSII_cpu_debug_slave_wrapper:the_reloj_soc_NIOSII_cpu_debug_slave_wrapper|sld_virtual_jtag_basic:reloj_soc_NIOSII_cpu_debug_slave_phy
 42. Parameter Settings for User Entity Instance: reloj_soc:dut|reloj_soc_RAM:ram
 43. Parameter Settings for User Entity Instance: reloj_soc:dut|reloj_soc_RAM:ram|altsyncram:the_altsyncram
 44. Parameter Settings for User Entity Instance: reloj_soc:dut|reloj_soc_UART:uart|reloj_soc_UART_scfifo_w:the_reloj_soc_UART_scfifo_w|scfifo:wfifo
 45. Parameter Settings for User Entity Instance: reloj_soc:dut|reloj_soc_UART:uart|reloj_soc_UART_scfifo_r:the_reloj_soc_UART_scfifo_r|scfifo:rfifo
 46. Parameter Settings for User Entity Instance: reloj_soc:dut|reloj_soc_audio_0:audio_0|altera_up_audio_out_serializer:Audio_Out_Serializer
 47. Parameter Settings for User Entity Instance: reloj_soc:dut|reloj_soc_audio_0:audio_0|altera_up_audio_out_serializer:Audio_Out_Serializer|altera_up_sync_fifo:Audio_Out_Left_Channel_FIFO
 48. Parameter Settings for User Entity Instance: reloj_soc:dut|reloj_soc_audio_0:audio_0|altera_up_audio_out_serializer:Audio_Out_Serializer|altera_up_sync_fifo:Audio_Out_Left_Channel_FIFO|scfifo:Sync_FIFO
 49. Parameter Settings for User Entity Instance: reloj_soc:dut|reloj_soc_audio_0:audio_0|altera_up_audio_out_serializer:Audio_Out_Serializer|altera_up_sync_fifo:Audio_Out_Right_Channel_FIFO
 50. Parameter Settings for User Entity Instance: reloj_soc:dut|reloj_soc_audio_0:audio_0|altera_up_audio_out_serializer:Audio_Out_Serializer|altera_up_sync_fifo:Audio_Out_Right_Channel_FIFO|scfifo:Sync_FIFO
 51. Parameter Settings for User Entity Instance: reloj_soc:dut|reloj_soc_mm_interconnect_0:mm_interconnect_0|altera_merlin_master_translator:niosii_data_master_translator
 52. Parameter Settings for User Entity Instance: reloj_soc:dut|reloj_soc_mm_interconnect_0:mm_interconnect_0|altera_merlin_master_translator:niosii_instruction_master_translator
 53. Parameter Settings for User Entity Instance: reloj_soc:dut|reloj_soc_mm_interconnect_0:mm_interconnect_0|altera_merlin_slave_translator:audio_0_avalon_audio_slave_translator
 54. Parameter Settings for User Entity Instance: reloj_soc:dut|reloj_soc_mm_interconnect_0:mm_interconnect_0|altera_merlin_slave_translator:uart_avalon_jtag_slave_translator
 55. Parameter Settings for User Entity Instance: reloj_soc:dut|reloj_soc_mm_interconnect_0:mm_interconnect_0|altera_merlin_slave_translator:niosii_debug_mem_slave_translator
 56. Parameter Settings for User Entity Instance: reloj_soc:dut|reloj_soc_mm_interconnect_0:mm_interconnect_0|altera_merlin_slave_translator:ram_s1_translator
 57. Parameter Settings for User Entity Instance: reloj_soc:dut|reloj_soc_mm_interconnect_0:mm_interconnect_0|altera_merlin_slave_translator:reg_leds_s1_translator
 58. Parameter Settings for User Entity Instance: reloj_soc:dut|reloj_soc_mm_interconnect_0:mm_interconnect_0|altera_merlin_slave_translator:timer_s1_translator
 59. Parameter Settings for User Entity Instance: reloj_soc:dut|reloj_soc_mm_interconnect_0:mm_interconnect_0|altera_merlin_slave_translator:reg_button_s1_translator
 60. Parameter Settings for User Entity Instance: reloj_soc:dut|reloj_soc_mm_interconnect_0:mm_interconnect_0|altera_merlin_master_agent:niosii_data_master_agent
 61. Parameter Settings for User Entity Instance: reloj_soc:dut|reloj_soc_mm_interconnect_0:mm_interconnect_0|altera_merlin_master_agent:niosii_instruction_master_agent
 62. Parameter Settings for User Entity Instance: reloj_soc:dut|reloj_soc_mm_interconnect_0:mm_interconnect_0|altera_merlin_slave_agent:audio_0_avalon_audio_slave_agent
 63. Parameter Settings for User Entity Instance: reloj_soc:dut|reloj_soc_mm_interconnect_0:mm_interconnect_0|altera_merlin_slave_agent:audio_0_avalon_audio_slave_agent|altera_merlin_burst_uncompressor:uncompressor
 64. Parameter Settings for User Entity Instance: reloj_soc:dut|reloj_soc_mm_interconnect_0:mm_interconnect_0|altera_avalon_sc_fifo:audio_0_avalon_audio_slave_agent_rsp_fifo
 65. Parameter Settings for User Entity Instance: reloj_soc:dut|reloj_soc_mm_interconnect_0:mm_interconnect_0|altera_merlin_slave_agent:uart_avalon_jtag_slave_agent
 66. Parameter Settings for User Entity Instance: reloj_soc:dut|reloj_soc_mm_interconnect_0:mm_interconnect_0|altera_merlin_slave_agent:uart_avalon_jtag_slave_agent|altera_merlin_burst_uncompressor:uncompressor
 67. Parameter Settings for User Entity Instance: reloj_soc:dut|reloj_soc_mm_interconnect_0:mm_interconnect_0|altera_avalon_sc_fifo:uart_avalon_jtag_slave_agent_rsp_fifo
 68. Parameter Settings for User Entity Instance: reloj_soc:dut|reloj_soc_mm_interconnect_0:mm_interconnect_0|altera_merlin_slave_agent:niosii_debug_mem_slave_agent
 69. Parameter Settings for User Entity Instance: reloj_soc:dut|reloj_soc_mm_interconnect_0:mm_interconnect_0|altera_merlin_slave_agent:niosii_debug_mem_slave_agent|altera_merlin_burst_uncompressor:uncompressor
 70. Parameter Settings for User Entity Instance: reloj_soc:dut|reloj_soc_mm_interconnect_0:mm_interconnect_0|altera_avalon_sc_fifo:niosii_debug_mem_slave_agent_rsp_fifo
 71. Parameter Settings for User Entity Instance: reloj_soc:dut|reloj_soc_mm_interconnect_0:mm_interconnect_0|altera_merlin_slave_agent:ram_s1_agent
 72. Parameter Settings for User Entity Instance: reloj_soc:dut|reloj_soc_mm_interconnect_0:mm_interconnect_0|altera_merlin_slave_agent:ram_s1_agent|altera_merlin_burst_uncompressor:uncompressor
 73. Parameter Settings for User Entity Instance: reloj_soc:dut|reloj_soc_mm_interconnect_0:mm_interconnect_0|altera_avalon_sc_fifo:ram_s1_agent_rsp_fifo
 74. Parameter Settings for User Entity Instance: reloj_soc:dut|reloj_soc_mm_interconnect_0:mm_interconnect_0|altera_merlin_slave_agent:reg_leds_s1_agent
 75. Parameter Settings for User Entity Instance: reloj_soc:dut|reloj_soc_mm_interconnect_0:mm_interconnect_0|altera_merlin_slave_agent:reg_leds_s1_agent|altera_merlin_burst_uncompressor:uncompressor
 76. Parameter Settings for User Entity Instance: reloj_soc:dut|reloj_soc_mm_interconnect_0:mm_interconnect_0|altera_avalon_sc_fifo:reg_leds_s1_agent_rsp_fifo
 77. Parameter Settings for User Entity Instance: reloj_soc:dut|reloj_soc_mm_interconnect_0:mm_interconnect_0|altera_merlin_slave_agent:timer_s1_agent
 78. Parameter Settings for User Entity Instance: reloj_soc:dut|reloj_soc_mm_interconnect_0:mm_interconnect_0|altera_merlin_slave_agent:timer_s1_agent|altera_merlin_burst_uncompressor:uncompressor
 79. Parameter Settings for User Entity Instance: reloj_soc:dut|reloj_soc_mm_interconnect_0:mm_interconnect_0|altera_avalon_sc_fifo:timer_s1_agent_rsp_fifo
 80. Parameter Settings for User Entity Instance: reloj_soc:dut|reloj_soc_mm_interconnect_0:mm_interconnect_0|altera_merlin_slave_agent:reg_button_s1_agent
 81. Parameter Settings for User Entity Instance: reloj_soc:dut|reloj_soc_mm_interconnect_0:mm_interconnect_0|altera_merlin_slave_agent:reg_button_s1_agent|altera_merlin_burst_uncompressor:uncompressor
 82. Parameter Settings for User Entity Instance: reloj_soc:dut|reloj_soc_mm_interconnect_0:mm_interconnect_0|altera_avalon_sc_fifo:reg_button_s1_agent_rsp_fifo
 83. Parameter Settings for User Entity Instance: reloj_soc:dut|reloj_soc_mm_interconnect_0:mm_interconnect_0|reloj_soc_mm_interconnect_0_router:router|reloj_soc_mm_interconnect_0_router_default_decode:the_default_decode
 84. Parameter Settings for User Entity Instance: reloj_soc:dut|reloj_soc_mm_interconnect_0:mm_interconnect_0|reloj_soc_mm_interconnect_0_router_001:router_001|reloj_soc_mm_interconnect_0_router_001_default_decode:the_default_decode
 85. Parameter Settings for User Entity Instance: reloj_soc:dut|reloj_soc_mm_interconnect_0:mm_interconnect_0|reloj_soc_mm_interconnect_0_router_002:router_002|reloj_soc_mm_interconnect_0_router_002_default_decode:the_default_decode
 86. Parameter Settings for User Entity Instance: reloj_soc:dut|reloj_soc_mm_interconnect_0:mm_interconnect_0|reloj_soc_mm_interconnect_0_router_002:router_003|reloj_soc_mm_interconnect_0_router_002_default_decode:the_default_decode
 87. Parameter Settings for User Entity Instance: reloj_soc:dut|reloj_soc_mm_interconnect_0:mm_interconnect_0|reloj_soc_mm_interconnect_0_router_004:router_004|reloj_soc_mm_interconnect_0_router_004_default_decode:the_default_decode
 88. Parameter Settings for User Entity Instance: reloj_soc:dut|reloj_soc_mm_interconnect_0:mm_interconnect_0|reloj_soc_mm_interconnect_0_router_004:router_005|reloj_soc_mm_interconnect_0_router_004_default_decode:the_default_decode
 89. Parameter Settings for User Entity Instance: reloj_soc:dut|reloj_soc_mm_interconnect_0:mm_interconnect_0|reloj_soc_mm_interconnect_0_router_002:router_006|reloj_soc_mm_interconnect_0_router_002_default_decode:the_default_decode
 90. Parameter Settings for User Entity Instance: reloj_soc:dut|reloj_soc_mm_interconnect_0:mm_interconnect_0|reloj_soc_mm_interconnect_0_router_002:router_007|reloj_soc_mm_interconnect_0_router_002_default_decode:the_default_decode
 91. Parameter Settings for User Entity Instance: reloj_soc:dut|reloj_soc_mm_interconnect_0:mm_interconnect_0|reloj_soc_mm_interconnect_0_router_002:router_008|reloj_soc_mm_interconnect_0_router_002_default_decode:the_default_decode
 92. Parameter Settings for User Entity Instance: reloj_soc:dut|reloj_soc_mm_interconnect_0:mm_interconnect_0|reloj_soc_mm_interconnect_0_cmd_mux_002:cmd_mux_002|altera_merlin_arbitrator:arb
 93. Parameter Settings for User Entity Instance: reloj_soc:dut|reloj_soc_mm_interconnect_0:mm_interconnect_0|reloj_soc_mm_interconnect_0_cmd_mux_002:cmd_mux_002|altera_merlin_arbitrator:arb|altera_merlin_arb_adder:adder
 94. Parameter Settings for User Entity Instance: reloj_soc:dut|reloj_soc_mm_interconnect_0:mm_interconnect_0|reloj_soc_mm_interconnect_0_cmd_mux_002:cmd_mux_003|altera_merlin_arbitrator:arb
 95. Parameter Settings for User Entity Instance: reloj_soc:dut|reloj_soc_mm_interconnect_0:mm_interconnect_0|reloj_soc_mm_interconnect_0_cmd_mux_002:cmd_mux_003|altera_merlin_arbitrator:arb|altera_merlin_arb_adder:adder
 96. Parameter Settings for User Entity Instance: reloj_soc:dut|reloj_soc_mm_interconnect_0:mm_interconnect_0|reloj_soc_mm_interconnect_0_rsp_mux:rsp_mux|altera_merlin_arbitrator:arb
 97. Parameter Settings for User Entity Instance: reloj_soc:dut|reloj_soc_mm_interconnect_0:mm_interconnect_0|reloj_soc_mm_interconnect_0_rsp_mux:rsp_mux|altera_merlin_arbitrator:arb|altera_merlin_arb_adder:adder
 98. Parameter Settings for User Entity Instance: reloj_soc:dut|reloj_soc_mm_interconnect_0:mm_interconnect_0|reloj_soc_mm_interconnect_0_rsp_mux_001:rsp_mux_001|altera_merlin_arbitrator:arb
 99. Parameter Settings for User Entity Instance: reloj_soc:dut|reloj_soc_mm_interconnect_0:mm_interconnect_0|reloj_soc_mm_interconnect_0_rsp_mux_001:rsp_mux_001|altera_merlin_arbitrator:arb|altera_merlin_arb_adder:adder
100. Parameter Settings for User Entity Instance: reloj_soc:dut|reloj_soc_mm_interconnect_0:mm_interconnect_0|reloj_soc_mm_interconnect_0_avalon_st_adapter:avalon_st_adapter
101. Parameter Settings for User Entity Instance: reloj_soc:dut|reloj_soc_mm_interconnect_0:mm_interconnect_0|reloj_soc_mm_interconnect_0_avalon_st_adapter:avalon_st_adapter_001
102. Parameter Settings for User Entity Instance: reloj_soc:dut|reloj_soc_mm_interconnect_0:mm_interconnect_0|reloj_soc_mm_interconnect_0_avalon_st_adapter:avalon_st_adapter_002
103. Parameter Settings for User Entity Instance: reloj_soc:dut|reloj_soc_mm_interconnect_0:mm_interconnect_0|reloj_soc_mm_interconnect_0_avalon_st_adapter:avalon_st_adapter_003
104. Parameter Settings for User Entity Instance: reloj_soc:dut|reloj_soc_mm_interconnect_0:mm_interconnect_0|reloj_soc_mm_interconnect_0_avalon_st_adapter:avalon_st_adapter_004
105. Parameter Settings for User Entity Instance: reloj_soc:dut|reloj_soc_mm_interconnect_0:mm_interconnect_0|reloj_soc_mm_interconnect_0_avalon_st_adapter:avalon_st_adapter_005
106. Parameter Settings for User Entity Instance: reloj_soc:dut|reloj_soc_mm_interconnect_0:mm_interconnect_0|reloj_soc_mm_interconnect_0_avalon_st_adapter:avalon_st_adapter_006
107. Parameter Settings for User Entity Instance: reloj_soc:dut|altera_reset_controller:rst_controller
108. Parameter Settings for User Entity Instance: reloj_soc:dut|altera_reset_controller:rst_controller|altera_reset_synchronizer:alt_rst_sync_uq1
109. Parameter Settings for User Entity Instance: reloj_soc:dut|altera_reset_controller:rst_controller|altera_reset_synchronizer:alt_rst_req_sync_uq1
110. Analysis & Elaboration Settings
111. Port Connectivity Checks: "reloj_soc:dut|altera_reset_controller:rst_controller|altera_reset_synchronizer:alt_rst_req_sync_uq1"
112. Port Connectivity Checks: "reloj_soc:dut|altera_reset_controller:rst_controller"
113. Port Connectivity Checks: "reloj_soc:dut|reloj_soc_mm_interconnect_0:mm_interconnect_0|reloj_soc_mm_interconnect_0_rsp_mux_001:rsp_mux_001|altera_merlin_arbitrator:arb|altera_merlin_arb_adder:adder"
114. Port Connectivity Checks: "reloj_soc:dut|reloj_soc_mm_interconnect_0:mm_interconnect_0|reloj_soc_mm_interconnect_0_rsp_mux:rsp_mux|altera_merlin_arbitrator:arb|altera_merlin_arb_adder:adder"
115. Port Connectivity Checks: "reloj_soc:dut|reloj_soc_mm_interconnect_0:mm_interconnect_0|reloj_soc_mm_interconnect_0_cmd_mux_002:cmd_mux_002|altera_merlin_arbitrator:arb|altera_merlin_arb_adder:adder"
116. Port Connectivity Checks: "reloj_soc:dut|reloj_soc_mm_interconnect_0:mm_interconnect_0|reloj_soc_mm_interconnect_0_router_004:router_004|reloj_soc_mm_interconnect_0_router_004_default_decode:the_default_decode"
117. Port Connectivity Checks: "reloj_soc:dut|reloj_soc_mm_interconnect_0:mm_interconnect_0|reloj_soc_mm_interconnect_0_router_002:router_002|reloj_soc_mm_interconnect_0_router_002_default_decode:the_default_decode"
118. Port Connectivity Checks: "reloj_soc:dut|reloj_soc_mm_interconnect_0:mm_interconnect_0|reloj_soc_mm_interconnect_0_router_001:router_001|reloj_soc_mm_interconnect_0_router_001_default_decode:the_default_decode"
119. Port Connectivity Checks: "reloj_soc:dut|reloj_soc_mm_interconnect_0:mm_interconnect_0|reloj_soc_mm_interconnect_0_router:router|reloj_soc_mm_interconnect_0_router_default_decode:the_default_decode"
120. Port Connectivity Checks: "reloj_soc:dut|reloj_soc_mm_interconnect_0:mm_interconnect_0|altera_avalon_sc_fifo:reg_button_s1_agent_rsp_fifo"
121. Port Connectivity Checks: "reloj_soc:dut|reloj_soc_mm_interconnect_0:mm_interconnect_0|altera_merlin_slave_agent:reg_button_s1_agent"
122. Port Connectivity Checks: "reloj_soc:dut|reloj_soc_mm_interconnect_0:mm_interconnect_0|altera_avalon_sc_fifo:timer_s1_agent_rsp_fifo"
123. Port Connectivity Checks: "reloj_soc:dut|reloj_soc_mm_interconnect_0:mm_interconnect_0|altera_merlin_slave_agent:timer_s1_agent"
124. Port Connectivity Checks: "reloj_soc:dut|reloj_soc_mm_interconnect_0:mm_interconnect_0|altera_avalon_sc_fifo:reg_leds_s1_agent_rsp_fifo"
125. Port Connectivity Checks: "reloj_soc:dut|reloj_soc_mm_interconnect_0:mm_interconnect_0|altera_merlin_slave_agent:reg_leds_s1_agent"
126. Port Connectivity Checks: "reloj_soc:dut|reloj_soc_mm_interconnect_0:mm_interconnect_0|altera_avalon_sc_fifo:ram_s1_agent_rsp_fifo"
127. Port Connectivity Checks: "reloj_soc:dut|reloj_soc_mm_interconnect_0:mm_interconnect_0|altera_merlin_slave_agent:ram_s1_agent"
128. Port Connectivity Checks: "reloj_soc:dut|reloj_soc_mm_interconnect_0:mm_interconnect_0|altera_avalon_sc_fifo:niosii_debug_mem_slave_agent_rsp_fifo"
129. Port Connectivity Checks: "reloj_soc:dut|reloj_soc_mm_interconnect_0:mm_interconnect_0|altera_merlin_slave_agent:niosii_debug_mem_slave_agent"
130. Port Connectivity Checks: "reloj_soc:dut|reloj_soc_mm_interconnect_0:mm_interconnect_0|altera_avalon_sc_fifo:uart_avalon_jtag_slave_agent_rsp_fifo"
131. Port Connectivity Checks: "reloj_soc:dut|reloj_soc_mm_interconnect_0:mm_interconnect_0|altera_merlin_slave_agent:uart_avalon_jtag_slave_agent"
132. Port Connectivity Checks: "reloj_soc:dut|reloj_soc_mm_interconnect_0:mm_interconnect_0|altera_avalon_sc_fifo:audio_0_avalon_audio_slave_agent_rsp_fifo"
133. Port Connectivity Checks: "reloj_soc:dut|reloj_soc_mm_interconnect_0:mm_interconnect_0|altera_merlin_slave_agent:audio_0_avalon_audio_slave_agent"
134. Port Connectivity Checks: "reloj_soc:dut|reloj_soc_mm_interconnect_0:mm_interconnect_0|altera_merlin_master_agent:niosii_instruction_master_agent"
135. Port Connectivity Checks: "reloj_soc:dut|reloj_soc_mm_interconnect_0:mm_interconnect_0|altera_merlin_master_agent:niosii_data_master_agent"
136. Port Connectivity Checks: "reloj_soc:dut|reloj_soc_mm_interconnect_0:mm_interconnect_0|altera_merlin_slave_translator:reg_button_s1_translator"
137. Port Connectivity Checks: "reloj_soc:dut|reloj_soc_mm_interconnect_0:mm_interconnect_0|altera_merlin_slave_translator:timer_s1_translator"
138. Port Connectivity Checks: "reloj_soc:dut|reloj_soc_mm_interconnect_0:mm_interconnect_0|altera_merlin_slave_translator:reg_leds_s1_translator"
139. Port Connectivity Checks: "reloj_soc:dut|reloj_soc_mm_interconnect_0:mm_interconnect_0|altera_merlin_slave_translator:ram_s1_translator"
140. Port Connectivity Checks: "reloj_soc:dut|reloj_soc_mm_interconnect_0:mm_interconnect_0|altera_merlin_slave_translator:niosii_debug_mem_slave_translator"
141. Port Connectivity Checks: "reloj_soc:dut|reloj_soc_mm_interconnect_0:mm_interconnect_0|altera_merlin_slave_translator:uart_avalon_jtag_slave_translator"
142. Port Connectivity Checks: "reloj_soc:dut|reloj_soc_mm_interconnect_0:mm_interconnect_0|altera_merlin_slave_translator:audio_0_avalon_audio_slave_translator"
143. Port Connectivity Checks: "reloj_soc:dut|reloj_soc_mm_interconnect_0:mm_interconnect_0|altera_merlin_master_translator:niosii_instruction_master_translator"
144. Port Connectivity Checks: "reloj_soc:dut|reloj_soc_mm_interconnect_0:mm_interconnect_0|altera_merlin_master_translator:niosii_data_master_translator"
145. Port Connectivity Checks: "reloj_soc:dut|reloj_soc_UART:uart|alt_jtag_atlantic:reloj_soc_UART_alt_jtag_atlantic"
146. Port Connectivity Checks: "reloj_soc:dut|reloj_soc_UART:uart"
147. Port Connectivity Checks: "reloj_soc:dut|reloj_soc_RAM:ram"
148. Port Connectivity Checks: "reloj_soc:dut|reloj_soc_NIOSII:niosii|reloj_soc_NIOSII_cpu:cpu|reloj_soc_NIOSII_cpu_nios2_oci:the_reloj_soc_NIOSII_cpu_nios2_oci|reloj_soc_NIOSII_cpu_debug_slave_wrapper:the_reloj_soc_NIOSII_cpu_debug_slave_wrapper|sld_virtual_jtag_basic:reloj_soc_NIOSII_cpu_debug_slave_phy"
149. Port Connectivity Checks: "reloj_soc:dut|reloj_soc_NIOSII:niosii|reloj_soc_NIOSII_cpu:cpu|reloj_soc_NIOSII_cpu_nios2_oci:the_reloj_soc_NIOSII_cpu_nios2_oci|reloj_soc_NIOSII_cpu_debug_slave_wrapper:the_reloj_soc_NIOSII_cpu_debug_slave_wrapper|reloj_soc_NIOSII_cpu_debug_slave_sysclk:the_reloj_soc_NIOSII_cpu_debug_slave_sysclk|altera_std_synchronizer:the_altera_std_synchronizer4"
150. Port Connectivity Checks: "reloj_soc:dut|reloj_soc_NIOSII:niosii|reloj_soc_NIOSII_cpu:cpu|reloj_soc_NIOSII_cpu_nios2_oci:the_reloj_soc_NIOSII_cpu_nios2_oci|reloj_soc_NIOSII_cpu_debug_slave_wrapper:the_reloj_soc_NIOSII_cpu_debug_slave_wrapper|reloj_soc_NIOSII_cpu_debug_slave_sysclk:the_reloj_soc_NIOSII_cpu_debug_slave_sysclk|altera_std_synchronizer:the_altera_std_synchronizer3"
151. Port Connectivity Checks: "reloj_soc:dut|reloj_soc_NIOSII:niosii|reloj_soc_NIOSII_cpu:cpu|reloj_soc_NIOSII_cpu_nios2_oci:the_reloj_soc_NIOSII_cpu_nios2_oci|reloj_soc_NIOSII_cpu_nios2_oci_pib:the_reloj_soc_NIOSII_cpu_nios2_oci_pib"
152. Port Connectivity Checks: "reloj_soc:dut|reloj_soc_NIOSII:niosii|reloj_soc_NIOSII_cpu:cpu|reloj_soc_NIOSII_cpu_nios2_oci:the_reloj_soc_NIOSII_cpu_nios2_oci|reloj_soc_NIOSII_cpu_nios2_oci_fifo:the_reloj_soc_NIOSII_cpu_nios2_oci_fifo|reloj_soc_NIOSII_cpu_nios2_oci_fifo_wrptr_inc:the_reloj_soc_NIOSII_cpu_nios2_oci_fifo_wrptr_inc"
153. Port Connectivity Checks: "reloj_soc:dut|reloj_soc_NIOSII:niosii|reloj_soc_NIOSII_cpu:cpu|reloj_soc_NIOSII_cpu_nios2_oci:the_reloj_soc_NIOSII_cpu_nios2_oci|reloj_soc_NIOSII_cpu_nios2_oci_dtrace:the_reloj_soc_NIOSII_cpu_nios2_oci_dtrace|reloj_soc_NIOSII_cpu_nios2_oci_td_mode:reloj_soc_NIOSII_cpu_nios2_oci_trc_ctrl_td_mode"
154. Port Connectivity Checks: "reloj_soc:dut|reloj_soc_NIOSII:niosii|reloj_soc_NIOSII_cpu:cpu|reloj_soc_NIOSII_cpu_nios2_oci:the_reloj_soc_NIOSII_cpu_nios2_oci|reloj_soc_NIOSII_cpu_nios2_oci_itrace:the_reloj_soc_NIOSII_cpu_nios2_oci_itrace"
155. Port Connectivity Checks: "reloj_soc:dut|reloj_soc_NIOSII:niosii|reloj_soc_NIOSII_cpu:cpu|reloj_soc_NIOSII_cpu_nios2_oci:the_reloj_soc_NIOSII_cpu_nios2_oci|reloj_soc_NIOSII_cpu_nios2_oci_dbrk:the_reloj_soc_NIOSII_cpu_nios2_oci_dbrk"
156. Port Connectivity Checks: "reloj_soc:dut|reloj_soc_NIOSII:niosii|reloj_soc_NIOSII_cpu:cpu|reloj_soc_NIOSII_cpu_nios2_oci:the_reloj_soc_NIOSII_cpu_nios2_oci|reloj_soc_NIOSII_cpu_nios2_oci_xbrk:the_reloj_soc_NIOSII_cpu_nios2_oci_xbrk"
157. Port Connectivity Checks: "reloj_soc:dut|reloj_soc_NIOSII:niosii|reloj_soc_NIOSII_cpu:cpu|reloj_soc_NIOSII_cpu_nios2_oci:the_reloj_soc_NIOSII_cpu_nios2_oci|reloj_soc_NIOSII_cpu_nios2_oci_debug:the_reloj_soc_NIOSII_cpu_nios2_oci_debug"
158. Port Connectivity Checks: "reloj_soc:dut|reloj_soc_NIOSII:niosii|reloj_soc_NIOSII_cpu:cpu|reloj_soc_NIOSII_cpu_nios2_oci:the_reloj_soc_NIOSII_cpu_nios2_oci"
159. Port Connectivity Checks: "reloj_soc:dut|reloj_soc_NIOSII:niosii|reloj_soc_NIOSII_cpu:cpu|reloj_soc_NIOSII_cpu_test_bench:the_reloj_soc_NIOSII_cpu_test_bench"
160. Port Connectivity Checks: "reloj_soc:dut|reloj_soc_NIOSII:niosii"
161. Port Connectivity Checks: "reloj_soc:dut"
162. Analysis & Elaboration Messages
163. Analysis & Elaboration Suppressed Messages



----------------
; Legal Notice ;
----------------
Copyright (C) 2018  Intel Corporation. All rights reserved.
Your use of Intel Corporation's design tools, logic functions 
and other software and tools, and its AMPP partner logic 
functions, and any output files from any of the foregoing 
(including device programming or simulation files), and any 
associated documentation or information are expressly subject 
to the terms and conditions of the Intel Program License 
Subscription Agreement, the Intel Quartus Prime License Agreement,
the Intel FPGA IP License Agreement, or other applicable license
agreement, including, without limitation, that your use is for
the sole purpose of programming logic devices manufactured by
Intel and sold by Intel or its authorized distributors.  Please
refer to the applicable agreement for further details.



+-----------------------------------------------------------------------------+
; Analysis & Elaboration Summary                                              ;
+-------------------------------+---------------------------------------------+
; Analysis & Elaboration Status ; Failed - Tue May 27 21:15:01 2025           ;
; Quartus Prime Version         ; 18.1.0 Build 625 09/12/2018 SJ Lite Edition ;
; Revision Name                 ; Reloj                                       ;
; Top-level Entity Name         ; soc_top                                     ;
; Family                        ; Cyclone V                                   ;
; Logic utilization (in ALMs)   ; N/A until Partition Merge                   ;
; Total registers               ; N/A until Partition Merge                   ;
; Total pins                    ; N/A until Partition Merge                   ;
; Total virtual pins            ; N/A until Partition Merge                   ;
; Total block memory bits       ; N/A until Partition Merge                   ;
; Total PLLs                    ; N/A until Partition Merge                   ;
; Total DLLs                    ; N/A until Partition Merge                   ;
+-------------------------------+---------------------------------------------+


+------------------------------------------+
; Parallel Compilation                     ;
+----------------------------+-------------+
; Processors                 ; Number      ;
+----------------------------+-------------+
; Number detected on machine ; 8           ;
; Maximum allowed            ; 8           ;
;                            ;             ;
; Average used               ; 1.00        ;
; Maximum used               ; 1           ;
;                            ;             ;
; Usage by Processor         ; % Time Used ;
;     Processor 1            ; 100.0%      ;
+----------------------------+-------------+


+-----------------------------------------------------------------------------------------------------------------------------------------------------------------------------------------------------------------------------------------------------------------------------------------------------------------------------+
; Analysis & Elaboration IP Cores Summary                                                                                                                                                                                                                                                                                     ;
+--------+---------------------------------+---------+--------------+--------------+------------------------------------------------------------------------------------------------------------------------------------------------------------------------------------------------------------------------+-----------------+
; Vendor ; IP Core Name                    ; Version ; Release Date ; License Type ; Entity Instance                                                                                                                                                                                                        ; IP Include File ;
+--------+---------------------------------+---------+--------------+--------------+------------------------------------------------------------------------------------------------------------------------------------------------------------------------------------------------------------------------+-----------------+
; N/A    ; Qsys                            ; 18.1    ; N/A          ; N/A          ; |soc_top|reloj_soc:dut                                                                                                                                                                                                 ; reloj_soc.qsys  ;
; Altera ; altera_irq_mapper               ; 18.1    ; N/A          ; N/A          ; |soc_top|reloj_soc:dut|reloj_soc_irq_mapper:irq_mapper                                                                                                                                                                 ; reloj_soc.qsys  ;
; Altera ; altera_mm_interconnect          ; 18.1    ; N/A          ; N/A          ; |soc_top|reloj_soc:dut|reloj_soc_mm_interconnect_0:mm_interconnect_0                                                                                                                                                   ; reloj_soc.qsys  ;
; Altera ; altera_merlin_slave_agent       ; 18.1    ; N/A          ; N/A          ; |soc_top|reloj_soc:dut|reloj_soc_mm_interconnect_0:mm_interconnect_0|altera_merlin_slave_agent:audio_0_avalon_audio_slave_agent                                                                                        ; reloj_soc.qsys  ;
; Altera ; altera_avalon_sc_fifo           ; 18.1    ; N/A          ; N/A          ; |soc_top|reloj_soc:dut|reloj_soc_mm_interconnect_0:mm_interconnect_0|altera_avalon_sc_fifo:audio_0_avalon_audio_slave_agent_rsp_fifo                                                                                   ; reloj_soc.qsys  ;
; Altera ; altera_merlin_slave_translator  ; 18.1    ; N/A          ; N/A          ; |soc_top|reloj_soc:dut|reloj_soc_mm_interconnect_0:mm_interconnect_0|altera_merlin_slave_translator:audio_0_avalon_audio_slave_translator                                                                              ; reloj_soc.qsys  ;
; Altera ; altera_avalon_st_adapter        ; 18.1    ; N/A          ; N/A          ; |soc_top|reloj_soc:dut|reloj_soc_mm_interconnect_0:mm_interconnect_0|reloj_soc_mm_interconnect_0_avalon_st_adapter:avalon_st_adapter                                                                                   ; reloj_soc.qsys  ;
; Altera ; error_adapter                   ; 18.1    ; N/A          ; N/A          ; |soc_top|reloj_soc:dut|reloj_soc_mm_interconnect_0:mm_interconnect_0|reloj_soc_mm_interconnect_0_avalon_st_adapter:avalon_st_adapter|reloj_soc_mm_interconnect_0_avalon_st_adapter_error_adapter_0:error_adapter_0     ; reloj_soc.qsys  ;
; Altera ; altera_avalon_st_adapter        ; 18.1    ; N/A          ; N/A          ; |soc_top|reloj_soc:dut|reloj_soc_mm_interconnect_0:mm_interconnect_0|reloj_soc_mm_interconnect_0_avalon_st_adapter:avalon_st_adapter_001                                                                               ; reloj_soc.qsys  ;
; Altera ; error_adapter                   ; 18.1    ; N/A          ; N/A          ; |soc_top|reloj_soc:dut|reloj_soc_mm_interconnect_0:mm_interconnect_0|reloj_soc_mm_interconnect_0_avalon_st_adapter:avalon_st_adapter_001|reloj_soc_mm_interconnect_0_avalon_st_adapter_error_adapter_0:error_adapter_0 ; reloj_soc.qsys  ;
; Altera ; altera_avalon_st_adapter        ; 18.1    ; N/A          ; N/A          ; |soc_top|reloj_soc:dut|reloj_soc_mm_interconnect_0:mm_interconnect_0|reloj_soc_mm_interconnect_0_avalon_st_adapter:avalon_st_adapter_002                                                                               ; reloj_soc.qsys  ;
; Altera ; error_adapter                   ; 18.1    ; N/A          ; N/A          ; |soc_top|reloj_soc:dut|reloj_soc_mm_interconnect_0:mm_interconnect_0|reloj_soc_mm_interconnect_0_avalon_st_adapter:avalon_st_adapter_002|reloj_soc_mm_interconnect_0_avalon_st_adapter_error_adapter_0:error_adapter_0 ; reloj_soc.qsys  ;
; Altera ; altera_avalon_st_adapter        ; 18.1    ; N/A          ; N/A          ; |soc_top|reloj_soc:dut|reloj_soc_mm_interconnect_0:mm_interconnect_0|reloj_soc_mm_interconnect_0_avalon_st_adapter:avalon_st_adapter_003                                                                               ; reloj_soc.qsys  ;
; Altera ; error_adapter                   ; 18.1    ; N/A          ; N/A          ; |soc_top|reloj_soc:dut|reloj_soc_mm_interconnect_0:mm_interconnect_0|reloj_soc_mm_interconnect_0_avalon_st_adapter:avalon_st_adapter_003|reloj_soc_mm_interconnect_0_avalon_st_adapter_error_adapter_0:error_adapter_0 ; reloj_soc.qsys  ;
; Altera ; altera_avalon_st_adapter        ; 18.1    ; N/A          ; N/A          ; |soc_top|reloj_soc:dut|reloj_soc_mm_interconnect_0:mm_interconnect_0|reloj_soc_mm_interconnect_0_avalon_st_adapter:avalon_st_adapter_004                                                                               ; reloj_soc.qsys  ;
; Altera ; error_adapter                   ; 18.1    ; N/A          ; N/A          ; |soc_top|reloj_soc:dut|reloj_soc_mm_interconnect_0:mm_interconnect_0|reloj_soc_mm_interconnect_0_avalon_st_adapter:avalon_st_adapter_004|reloj_soc_mm_interconnect_0_avalon_st_adapter_error_adapter_0:error_adapter_0 ; reloj_soc.qsys  ;
; Altera ; altera_avalon_st_adapter        ; 18.1    ; N/A          ; N/A          ; |soc_top|reloj_soc:dut|reloj_soc_mm_interconnect_0:mm_interconnect_0|reloj_soc_mm_interconnect_0_avalon_st_adapter:avalon_st_adapter_005                                                                               ; reloj_soc.qsys  ;
; Altera ; error_adapter                   ; 18.1    ; N/A          ; N/A          ; |soc_top|reloj_soc:dut|reloj_soc_mm_interconnect_0:mm_interconnect_0|reloj_soc_mm_interconnect_0_avalon_st_adapter:avalon_st_adapter_005|reloj_soc_mm_interconnect_0_avalon_st_adapter_error_adapter_0:error_adapter_0 ; reloj_soc.qsys  ;
; Altera ; altera_avalon_st_adapter        ; 18.1    ; N/A          ; N/A          ; |soc_top|reloj_soc:dut|reloj_soc_mm_interconnect_0:mm_interconnect_0|reloj_soc_mm_interconnect_0_avalon_st_adapter:avalon_st_adapter_006                                                                               ; reloj_soc.qsys  ;
; Altera ; error_adapter                   ; 18.1    ; N/A          ; N/A          ; |soc_top|reloj_soc:dut|reloj_soc_mm_interconnect_0:mm_interconnect_0|reloj_soc_mm_interconnect_0_avalon_st_adapter:avalon_st_adapter_006|reloj_soc_mm_interconnect_0_avalon_st_adapter_error_adapter_0:error_adapter_0 ; reloj_soc.qsys  ;
; Altera ; altera_merlin_demultiplexer     ; 18.1    ; N/A          ; N/A          ; |soc_top|reloj_soc:dut|reloj_soc_mm_interconnect_0:mm_interconnect_0|reloj_soc_mm_interconnect_0_cmd_demux:cmd_demux                                                                                                   ; reloj_soc.qsys  ;
; Altera ; altera_merlin_demultiplexer     ; 18.1    ; N/A          ; N/A          ; |soc_top|reloj_soc:dut|reloj_soc_mm_interconnect_0:mm_interconnect_0|reloj_soc_mm_interconnect_0_cmd_demux_001:cmd_demux_001                                                                                           ; reloj_soc.qsys  ;
; Altera ; altera_merlin_multiplexer       ; 18.1    ; N/A          ; N/A          ; |soc_top|reloj_soc:dut|reloj_soc_mm_interconnect_0:mm_interconnect_0|reloj_soc_mm_interconnect_0_cmd_mux:cmd_mux                                                                                                       ; reloj_soc.qsys  ;
; Altera ; altera_merlin_multiplexer       ; 18.1    ; N/A          ; N/A          ; |soc_top|reloj_soc:dut|reloj_soc_mm_interconnect_0:mm_interconnect_0|reloj_soc_mm_interconnect_0_cmd_mux:cmd_mux_001                                                                                                   ; reloj_soc.qsys  ;
; Altera ; altera_merlin_multiplexer       ; 18.1    ; N/A          ; N/A          ; |soc_top|reloj_soc:dut|reloj_soc_mm_interconnect_0:mm_interconnect_0|reloj_soc_mm_interconnect_0_cmd_mux_002:cmd_mux_002                                                                                               ; reloj_soc.qsys  ;
; Altera ; altera_merlin_multiplexer       ; 18.1    ; N/A          ; N/A          ; |soc_top|reloj_soc:dut|reloj_soc_mm_interconnect_0:mm_interconnect_0|reloj_soc_mm_interconnect_0_cmd_mux_002:cmd_mux_003                                                                                               ; reloj_soc.qsys  ;
; Altera ; altera_merlin_multiplexer       ; 18.1    ; N/A          ; N/A          ; |soc_top|reloj_soc:dut|reloj_soc_mm_interconnect_0:mm_interconnect_0|reloj_soc_mm_interconnect_0_cmd_mux:cmd_mux_004                                                                                                   ; reloj_soc.qsys  ;
; Altera ; altera_merlin_multiplexer       ; 18.1    ; N/A          ; N/A          ; |soc_top|reloj_soc:dut|reloj_soc_mm_interconnect_0:mm_interconnect_0|reloj_soc_mm_interconnect_0_cmd_mux:cmd_mux_005                                                                                                   ; reloj_soc.qsys  ;
; Altera ; altera_merlin_multiplexer       ; 18.1    ; N/A          ; N/A          ; |soc_top|reloj_soc:dut|reloj_soc_mm_interconnect_0:mm_interconnect_0|reloj_soc_mm_interconnect_0_cmd_mux:cmd_mux_006                                                                                                   ; reloj_soc.qsys  ;
; Altera ; altera_merlin_master_agent      ; 18.1    ; N/A          ; N/A          ; |soc_top|reloj_soc:dut|reloj_soc_mm_interconnect_0:mm_interconnect_0|altera_merlin_master_agent:niosii_data_master_agent                                                                                               ; reloj_soc.qsys  ;
; Altera ; altera_merlin_master_translator ; 18.1    ; N/A          ; N/A          ; |soc_top|reloj_soc:dut|reloj_soc_mm_interconnect_0:mm_interconnect_0|altera_merlin_master_translator:niosii_data_master_translator                                                                                     ; reloj_soc.qsys  ;
; Altera ; altera_merlin_slave_agent       ; 18.1    ; N/A          ; N/A          ; |soc_top|reloj_soc:dut|reloj_soc_mm_interconnect_0:mm_interconnect_0|altera_merlin_slave_agent:niosii_debug_mem_slave_agent                                                                                            ; reloj_soc.qsys  ;
; Altera ; altera_avalon_sc_fifo           ; 18.1    ; N/A          ; N/A          ; |soc_top|reloj_soc:dut|reloj_soc_mm_interconnect_0:mm_interconnect_0|altera_avalon_sc_fifo:niosii_debug_mem_slave_agent_rsp_fifo                                                                                       ; reloj_soc.qsys  ;
; Altera ; altera_merlin_slave_translator  ; 18.1    ; N/A          ; N/A          ; |soc_top|reloj_soc:dut|reloj_soc_mm_interconnect_0:mm_interconnect_0|altera_merlin_slave_translator:niosii_debug_mem_slave_translator                                                                                  ; reloj_soc.qsys  ;
; Altera ; altera_merlin_master_agent      ; 18.1    ; N/A          ; N/A          ; |soc_top|reloj_soc:dut|reloj_soc_mm_interconnect_0:mm_interconnect_0|altera_merlin_master_agent:niosii_instruction_master_agent                                                                                        ; reloj_soc.qsys  ;
; Altera ; altera_merlin_master_translator ; 18.1    ; N/A          ; N/A          ; |soc_top|reloj_soc:dut|reloj_soc_mm_interconnect_0:mm_interconnect_0|altera_merlin_master_translator:niosii_instruction_master_translator                                                                              ; reloj_soc.qsys  ;
; Altera ; altera_merlin_slave_agent       ; 18.1    ; N/A          ; N/A          ; |soc_top|reloj_soc:dut|reloj_soc_mm_interconnect_0:mm_interconnect_0|altera_merlin_slave_agent:ram_s1_agent                                                                                                            ; reloj_soc.qsys  ;
; Altera ; altera_avalon_sc_fifo           ; 18.1    ; N/A          ; N/A          ; |soc_top|reloj_soc:dut|reloj_soc_mm_interconnect_0:mm_interconnect_0|altera_avalon_sc_fifo:ram_s1_agent_rsp_fifo                                                                                                       ; reloj_soc.qsys  ;
; Altera ; altera_merlin_slave_translator  ; 18.1    ; N/A          ; N/A          ; |soc_top|reloj_soc:dut|reloj_soc_mm_interconnect_0:mm_interconnect_0|altera_merlin_slave_translator:ram_s1_translator                                                                                                  ; reloj_soc.qsys  ;
; Altera ; altera_merlin_slave_agent       ; 18.1    ; N/A          ; N/A          ; |soc_top|reloj_soc:dut|reloj_soc_mm_interconnect_0:mm_interconnect_0|altera_merlin_slave_agent:reg_button_s1_agent                                                                                                     ; reloj_soc.qsys  ;
; Altera ; altera_avalon_sc_fifo           ; 18.1    ; N/A          ; N/A          ; |soc_top|reloj_soc:dut|reloj_soc_mm_interconnect_0:mm_interconnect_0|altera_avalon_sc_fifo:reg_button_s1_agent_rsp_fifo                                                                                                ; reloj_soc.qsys  ;
; Altera ; altera_merlin_slave_translator  ; 18.1    ; N/A          ; N/A          ; |soc_top|reloj_soc:dut|reloj_soc_mm_interconnect_0:mm_interconnect_0|altera_merlin_slave_translator:reg_button_s1_translator                                                                                           ; reloj_soc.qsys  ;
; Altera ; altera_merlin_slave_agent       ; 18.1    ; N/A          ; N/A          ; |soc_top|reloj_soc:dut|reloj_soc_mm_interconnect_0:mm_interconnect_0|altera_merlin_slave_agent:reg_leds_s1_agent                                                                                                       ; reloj_soc.qsys  ;
; Altera ; altera_avalon_sc_fifo           ; 18.1    ; N/A          ; N/A          ; |soc_top|reloj_soc:dut|reloj_soc_mm_interconnect_0:mm_interconnect_0|altera_avalon_sc_fifo:reg_leds_s1_agent_rsp_fifo                                                                                                  ; reloj_soc.qsys  ;
; Altera ; altera_merlin_slave_translator  ; 18.1    ; N/A          ; N/A          ; |soc_top|reloj_soc:dut|reloj_soc_mm_interconnect_0:mm_interconnect_0|altera_merlin_slave_translator:reg_leds_s1_translator                                                                                             ; reloj_soc.qsys  ;
; Altera ; altera_merlin_router            ; 18.1    ; N/A          ; N/A          ; |soc_top|reloj_soc:dut|reloj_soc_mm_interconnect_0:mm_interconnect_0|reloj_soc_mm_interconnect_0_router:router                                                                                                         ; reloj_soc.qsys  ;
; Altera ; altera_merlin_router            ; 18.1    ; N/A          ; N/A          ; |soc_top|reloj_soc:dut|reloj_soc_mm_interconnect_0:mm_interconnect_0|reloj_soc_mm_interconnect_0_router_001:router_001                                                                                                 ; reloj_soc.qsys  ;
; Altera ; altera_merlin_router            ; 18.1    ; N/A          ; N/A          ; |soc_top|reloj_soc:dut|reloj_soc_mm_interconnect_0:mm_interconnect_0|reloj_soc_mm_interconnect_0_router_002:router_002                                                                                                 ; reloj_soc.qsys  ;
; Altera ; altera_merlin_router            ; 18.1    ; N/A          ; N/A          ; |soc_top|reloj_soc:dut|reloj_soc_mm_interconnect_0:mm_interconnect_0|reloj_soc_mm_interconnect_0_router_002:router_003                                                                                                 ; reloj_soc.qsys  ;
; Altera ; altera_merlin_router            ; 18.1    ; N/A          ; N/A          ; |soc_top|reloj_soc:dut|reloj_soc_mm_interconnect_0:mm_interconnect_0|reloj_soc_mm_interconnect_0_router_004:router_004                                                                                                 ; reloj_soc.qsys  ;
; Altera ; altera_merlin_router            ; 18.1    ; N/A          ; N/A          ; |soc_top|reloj_soc:dut|reloj_soc_mm_interconnect_0:mm_interconnect_0|reloj_soc_mm_interconnect_0_router_004:router_005                                                                                                 ; reloj_soc.qsys  ;
; Altera ; altera_merlin_router            ; 18.1    ; N/A          ; N/A          ; |soc_top|reloj_soc:dut|reloj_soc_mm_interconnect_0:mm_interconnect_0|reloj_soc_mm_interconnect_0_router_002:router_006                                                                                                 ; reloj_soc.qsys  ;
; Altera ; altera_merlin_router            ; 18.1    ; N/A          ; N/A          ; |soc_top|reloj_soc:dut|reloj_soc_mm_interconnect_0:mm_interconnect_0|reloj_soc_mm_interconnect_0_router_002:router_007                                                                                                 ; reloj_soc.qsys  ;
; Altera ; altera_merlin_router            ; 18.1    ; N/A          ; N/A          ; |soc_top|reloj_soc:dut|reloj_soc_mm_interconnect_0:mm_interconnect_0|reloj_soc_mm_interconnect_0_router_002:router_008                                                                                                 ; reloj_soc.qsys  ;
; Altera ; altera_merlin_demultiplexer     ; 18.1    ; N/A          ; N/A          ; |soc_top|reloj_soc:dut|reloj_soc_mm_interconnect_0:mm_interconnect_0|reloj_soc_mm_interconnect_0_rsp_demux:rsp_demux                                                                                                   ; reloj_soc.qsys  ;
; Altera ; altera_merlin_demultiplexer     ; 18.1    ; N/A          ; N/A          ; |soc_top|reloj_soc:dut|reloj_soc_mm_interconnect_0:mm_interconnect_0|reloj_soc_mm_interconnect_0_rsp_demux:rsp_demux_001                                                                                               ; reloj_soc.qsys  ;
; Altera ; altera_merlin_demultiplexer     ; 18.1    ; N/A          ; N/A          ; |soc_top|reloj_soc:dut|reloj_soc_mm_interconnect_0:mm_interconnect_0|reloj_soc_mm_interconnect_0_cmd_demux_001:rsp_demux_002                                                                                           ; reloj_soc.qsys  ;
; Altera ; altera_merlin_demultiplexer     ; 18.1    ; N/A          ; N/A          ; |soc_top|reloj_soc:dut|reloj_soc_mm_interconnect_0:mm_interconnect_0|reloj_soc_mm_interconnect_0_cmd_demux_001:rsp_demux_003                                                                                           ; reloj_soc.qsys  ;
; Altera ; altera_merlin_demultiplexer     ; 18.1    ; N/A          ; N/A          ; |soc_top|reloj_soc:dut|reloj_soc_mm_interconnect_0:mm_interconnect_0|reloj_soc_mm_interconnect_0_rsp_demux:rsp_demux_004                                                                                               ; reloj_soc.qsys  ;
; Altera ; altera_merlin_demultiplexer     ; 18.1    ; N/A          ; N/A          ; |soc_top|reloj_soc:dut|reloj_soc_mm_interconnect_0:mm_interconnect_0|reloj_soc_mm_interconnect_0_rsp_demux:rsp_demux_005                                                                                               ; reloj_soc.qsys  ;
; Altera ; altera_merlin_demultiplexer     ; 18.1    ; N/A          ; N/A          ; |soc_top|reloj_soc:dut|reloj_soc_mm_interconnect_0:mm_interconnect_0|reloj_soc_mm_interconnect_0_rsp_demux:rsp_demux_006                                                                                               ; reloj_soc.qsys  ;
; Altera ; altera_merlin_multiplexer       ; 18.1    ; N/A          ; N/A          ; |soc_top|reloj_soc:dut|reloj_soc_mm_interconnect_0:mm_interconnect_0|reloj_soc_mm_interconnect_0_rsp_mux:rsp_mux                                                                                                       ; reloj_soc.qsys  ;
; Altera ; altera_merlin_multiplexer       ; 18.1    ; N/A          ; N/A          ; |soc_top|reloj_soc:dut|reloj_soc_mm_interconnect_0:mm_interconnect_0|reloj_soc_mm_interconnect_0_rsp_mux_001:rsp_mux_001                                                                                               ; reloj_soc.qsys  ;
; Altera ; altera_merlin_slave_agent       ; 18.1    ; N/A          ; N/A          ; |soc_top|reloj_soc:dut|reloj_soc_mm_interconnect_0:mm_interconnect_0|altera_merlin_slave_agent:timer_s1_agent                                                                                                          ; reloj_soc.qsys  ;
; Altera ; altera_avalon_sc_fifo           ; 18.1    ; N/A          ; N/A          ; |soc_top|reloj_soc:dut|reloj_soc_mm_interconnect_0:mm_interconnect_0|altera_avalon_sc_fifo:timer_s1_agent_rsp_fifo                                                                                                     ; reloj_soc.qsys  ;
; Altera ; altera_merlin_slave_translator  ; 18.1    ; N/A          ; N/A          ; |soc_top|reloj_soc:dut|reloj_soc_mm_interconnect_0:mm_interconnect_0|altera_merlin_slave_translator:timer_s1_translator                                                                                                ; reloj_soc.qsys  ;
; Altera ; altera_merlin_slave_agent       ; 18.1    ; N/A          ; N/A          ; |soc_top|reloj_soc:dut|reloj_soc_mm_interconnect_0:mm_interconnect_0|altera_merlin_slave_agent:uart_avalon_jtag_slave_agent                                                                                            ; reloj_soc.qsys  ;
; Altera ; altera_avalon_sc_fifo           ; 18.1    ; N/A          ; N/A          ; |soc_top|reloj_soc:dut|reloj_soc_mm_interconnect_0:mm_interconnect_0|altera_avalon_sc_fifo:uart_avalon_jtag_slave_agent_rsp_fifo                                                                                       ; reloj_soc.qsys  ;
; Altera ; altera_merlin_slave_translator  ; 18.1    ; N/A          ; N/A          ; |soc_top|reloj_soc:dut|reloj_soc_mm_interconnect_0:mm_interconnect_0|altera_merlin_slave_translator:uart_avalon_jtag_slave_translator                                                                                  ; reloj_soc.qsys  ;
; Altera ; altera_nios2_gen2               ; 18.1    ; N/A          ; N/A          ; |soc_top|reloj_soc:dut|reloj_soc_NIOSII:niosii                                                                                                                                                                         ; reloj_soc.qsys  ;
; Altera ; altera_nios2_gen2_unit          ; 18.1    ; N/A          ; N/A          ; |soc_top|reloj_soc:dut|reloj_soc_NIOSII:niosii|reloj_soc_NIOSII_cpu:cpu                                                                                                                                                ; reloj_soc.qsys  ;
; Altera ; altera_avalon_onchip_memory2    ; 18.1    ; N/A          ; N/A          ; |soc_top|reloj_soc:dut|reloj_soc_RAM:ram                                                                                                                                                                               ; reloj_soc.qsys  ;
; Altera ; altera_avalon_pio               ; 18.1    ; N/A          ; N/A          ; |soc_top|reloj_soc:dut|reloj_soc_REG_BUTTON:reg_button                                                                                                                                                                 ; reloj_soc.qsys  ;
; Altera ; altera_avalon_pio               ; 18.1    ; N/A          ; N/A          ; |soc_top|reloj_soc:dut|reloj_soc_REG_LEDS:reg_leds                                                                                                                                                                     ; reloj_soc.qsys  ;
; Altera ; altera_reset_controller         ; 18.1    ; N/A          ; N/A          ; |soc_top|reloj_soc:dut|altera_reset_controller:rst_controller                                                                                                                                                          ; reloj_soc.qsys  ;
; Altera ; altera_avalon_timer             ; 18.1    ; N/A          ; N/A          ; |soc_top|reloj_soc:dut|reloj_soc_TIMER:timer                                                                                                                                                                           ; reloj_soc.qsys  ;
; Altera ; altera_avalon_jtag_uart         ; 18.1    ; N/A          ; N/A          ; |soc_top|reloj_soc:dut|reloj_soc_UART:uart                                                                                                                                                                             ; reloj_soc.qsys  ;
+--------+---------------------------------+---------+--------------+--------------+------------------------------------------------------------------------------------------------------------------------------------------------------------------------------------------------------------------------+-----------------+


+---------------------------------------------------------------------------------------------------------------------------------------------------------------------------------------------------------------------------------+
; Source assignments for reloj_soc:dut|reloj_soc_NIOSII:niosii|reloj_soc_NIOSII_cpu:cpu|reloj_soc_NIOSII_cpu_register_bank_a_module:reloj_soc_NIOSII_cpu_register_bank_a|altsyncram:the_altsyncram|altsyncram_msi1:auto_generated ;
+---------------------------------+--------------------+------+-------------------------------------------------------------------------------------------------------------------------------------------------------------------+
; Assignment                      ; Value              ; From ; To                                                                                                                                                                ;
+---------------------------------+--------------------+------+-------------------------------------------------------------------------------------------------------------------------------------------------------------------+
; OPTIMIZE_POWER_DURING_SYNTHESIS ; NORMAL_COMPILATION ; -    ; -                                                                                                                                                                 ;
+---------------------------------+--------------------+------+-------------------------------------------------------------------------------------------------------------------------------------------------------------------+


+---------------------------------------------------------------------------------------------------------------------------------------------------------------------------------------------------------------------------------+
; Source assignments for reloj_soc:dut|reloj_soc_NIOSII:niosii|reloj_soc_NIOSII_cpu:cpu|reloj_soc_NIOSII_cpu_register_bank_b_module:reloj_soc_NIOSII_cpu_register_bank_b|altsyncram:the_altsyncram|altsyncram_msi1:auto_generated ;
+---------------------------------+--------------------+------+-------------------------------------------------------------------------------------------------------------------------------------------------------------------+
; Assignment                      ; Value              ; From ; To                                                                                                                                                                ;
+---------------------------------+--------------------+------+-------------------------------------------------------------------------------------------------------------------------------------------------------------------+
; OPTIMIZE_POWER_DURING_SYNTHESIS ; NORMAL_COMPILATION ; -    ; -                                                                                                                                                                 ;
+---------------------------------+--------------------+------+-------------------------------------------------------------------------------------------------------------------------------------------------------------------+


+-------------------------------------------------------------------------------------------------------------------------------------------------------------------------------------------------------------------------------------------------------------------------------------------+
; Source assignments for reloj_soc:dut|reloj_soc_NIOSII:niosii|reloj_soc_NIOSII_cpu:cpu|reloj_soc_NIOSII_cpu_nios2_oci:the_reloj_soc_NIOSII_cpu_nios2_oci|reloj_soc_NIOSII_cpu_nios2_oci_debug:the_reloj_soc_NIOSII_cpu_nios2_oci_debug|altera_std_synchronizer:the_altera_std_synchronizer ;
+-----------------------------+------------------------+------+-----------------------------------------------------------------------------------------------------------------------------------------------------------------------------------------------------------------------------+
; Assignment                  ; Value                  ; From ; To                                                                                                                                                                                                                          ;
+-----------------------------+------------------------+------+-----------------------------------------------------------------------------------------------------------------------------------------------------------------------------------------------------------------------------+
; ADV_NETLIST_OPT_ALLOWED     ; NEVER_ALLOW            ; -    ; dreg[0]                                                                                                                                                                                                                     ;
; SYNCHRONIZER_IDENTIFICATION ; FORCED_IF_ASYNCHRONOUS ; -    ; dreg[0]                                                                                                                                                                                                                     ;
; DONT_MERGE_REGISTER         ; ON                     ; -    ; dreg[0]                                                                                                                                                                                                                     ;
; PRESERVE_REGISTER           ; ON                     ; -    ; dreg[0]                                                                                                                                                                                                                     ;
; ADV_NETLIST_OPT_ALLOWED     ; NEVER_ALLOW            ; -    ; din_s1                                                                                                                                                                                                                      ;
; SYNCHRONIZER_IDENTIFICATION ; FORCED_IF_ASYNCHRONOUS ; -    ; din_s1                                                                                                                                                                                                                      ;
; DONT_MERGE_REGISTER         ; ON                     ; -    ; din_s1                                                                                                                                                                                                                      ;
; PRESERVE_REGISTER           ; ON                     ; -    ; din_s1                                                                                                                                                                                                                      ;
+-----------------------------+------------------------+------+-----------------------------------------------------------------------------------------------------------------------------------------------------------------------------------------------------------------------------+


+-----------------------------------------------------------------------------------------------------------------------------------------------------------------------------------------------------------------------------------------------------------------------------------------------------------------------------------------------------------------------+
; Source assignments for reloj_soc:dut|reloj_soc_NIOSII:niosii|reloj_soc_NIOSII_cpu:cpu|reloj_soc_NIOSII_cpu_nios2_oci:the_reloj_soc_NIOSII_cpu_nios2_oci|reloj_soc_NIOSII_cpu_nios2_ocimem:the_reloj_soc_NIOSII_cpu_nios2_ocimem|reloj_soc_NIOSII_cpu_ociram_sp_ram_module:reloj_soc_NIOSII_cpu_ociram_sp_ram|altsyncram:the_altsyncram|altsyncram_qid1:auto_generated ;
+---------------------------------+--------------------+------+---------------------------------------------------------------------------------------------------------------------------------------------------------------------------------------------------------------------------------------------------------------------------------------------------------+
; Assignment                      ; Value              ; From ; To                                                                                                                                                                                                                                                                                                      ;
+---------------------------------+--------------------+------+---------------------------------------------------------------------------------------------------------------------------------------------------------------------------------------------------------------------------------------------------------------------------------------------------------+
; OPTIMIZE_POWER_DURING_SYNTHESIS ; NORMAL_COMPILATION ; -    ; -                                                                                                                                                                                                                                                                                                       ;
+---------------------------------+--------------------+------+---------------------------------------------------------------------------------------------------------------------------------------------------------------------------------------------------------------------------------------------------------------------------------------------------------+


+----------------------------------------------------------------------------------------------------------------------------------------------------------------------------------------------------------------------------------------------------------------------------------------------------------------------------------------------------------------------------------+
; Source assignments for reloj_soc:dut|reloj_soc_NIOSII:niosii|reloj_soc_NIOSII_cpu:cpu|reloj_soc_NIOSII_cpu_nios2_oci:the_reloj_soc_NIOSII_cpu_nios2_oci|reloj_soc_NIOSII_cpu_debug_slave_wrapper:the_reloj_soc_NIOSII_cpu_debug_slave_wrapper|reloj_soc_NIOSII_cpu_debug_slave_tck:the_reloj_soc_NIOSII_cpu_debug_slave_tck|altera_std_synchronizer:the_altera_std_synchronizer1 ;
+-----------------------------+------------------------+------+--------------------------------------------------------------------------------------------------------------------------------------------------------------------------------------------------------------------------------------------------------------------------------------------------------------------+
; Assignment                  ; Value                  ; From ; To                                                                                                                                                                                                                                                                                                                 ;
+-----------------------------+------------------------+------+--------------------------------------------------------------------------------------------------------------------------------------------------------------------------------------------------------------------------------------------------------------------------------------------------------------------+
; ADV_NETLIST_OPT_ALLOWED     ; NEVER_ALLOW            ; -    ; dreg[0]                                                                                                                                                                                                                                                                                                            ;
; SYNCHRONIZER_IDENTIFICATION ; FORCED_IF_ASYNCHRONOUS ; -    ; dreg[0]                                                                                                                                                                                                                                                                                                            ;
; DONT_MERGE_REGISTER         ; ON                     ; -    ; dreg[0]                                                                                                                                                                                                                                                                                                            ;
; PRESERVE_REGISTER           ; ON                     ; -    ; dreg[0]                                                                                                                                                                                                                                                                                                            ;
; ADV_NETLIST_OPT_ALLOWED     ; NEVER_ALLOW            ; -    ; din_s1                                                                                                                                                                                                                                                                                                             ;
; SYNCHRONIZER_IDENTIFICATION ; FORCED_IF_ASYNCHRONOUS ; -    ; din_s1                                                                                                                                                                                                                                                                                                             ;
; DONT_MERGE_REGISTER         ; ON                     ; -    ; din_s1                                                                                                                                                                                                                                                                                                             ;
; PRESERVE_REGISTER           ; ON                     ; -    ; din_s1                                                                                                                                                                                                                                                                                                             ;
+-----------------------------+------------------------+------+--------------------------------------------------------------------------------------------------------------------------------------------------------------------------------------------------------------------------------------------------------------------------------------------------------------------+


+----------------------------------------------------------------------------------------------------------------------------------------------------------------------------------------------------------------------------------------------------------------------------------------------------------------------------------------------------------------------------------+
; Source assignments for reloj_soc:dut|reloj_soc_NIOSII:niosii|reloj_soc_NIOSII_cpu:cpu|reloj_soc_NIOSII_cpu_nios2_oci:the_reloj_soc_NIOSII_cpu_nios2_oci|reloj_soc_NIOSII_cpu_debug_slave_wrapper:the_reloj_soc_NIOSII_cpu_debug_slave_wrapper|reloj_soc_NIOSII_cpu_debug_slave_tck:the_reloj_soc_NIOSII_cpu_debug_slave_tck|altera_std_synchronizer:the_altera_std_synchronizer2 ;
+-----------------------------+------------------------+------+--------------------------------------------------------------------------------------------------------------------------------------------------------------------------------------------------------------------------------------------------------------------------------------------------------------------+
; Assignment                  ; Value                  ; From ; To                                                                                                                                                                                                                                                                                                                 ;
+-----------------------------+------------------------+------+--------------------------------------------------------------------------------------------------------------------------------------------------------------------------------------------------------------------------------------------------------------------------------------------------------------------+
; ADV_NETLIST_OPT_ALLOWED     ; NEVER_ALLOW            ; -    ; dreg[0]                                                                                                                                                                                                                                                                                                            ;
; SYNCHRONIZER_IDENTIFICATION ; FORCED_IF_ASYNCHRONOUS ; -    ; dreg[0]                                                                                                                                                                                                                                                                                                            ;
; DONT_MERGE_REGISTER         ; ON                     ; -    ; dreg[0]                                                                                                                                                                                                                                                                                                            ;
; PRESERVE_REGISTER           ; ON                     ; -    ; dreg[0]                                                                                                                                                                                                                                                                                                            ;
; ADV_NETLIST_OPT_ALLOWED     ; NEVER_ALLOW            ; -    ; din_s1                                                                                                                                                                                                                                                                                                             ;
; SYNCHRONIZER_IDENTIFICATION ; FORCED_IF_ASYNCHRONOUS ; -    ; din_s1                                                                                                                                                                                                                                                                                                             ;
; DONT_MERGE_REGISTER         ; ON                     ; -    ; din_s1                                                                                                                                                                                                                                                                                                             ;
; PRESERVE_REGISTER           ; ON                     ; -    ; din_s1                                                                                                                                                                                                                                                                                                             ;
+-----------------------------+------------------------+------+--------------------------------------------------------------------------------------------------------------------------------------------------------------------------------------------------------------------------------------------------------------------------------------------------------------------+


+----------------------------------------------------------------------------------------------------------------------------------------------------------------------------------------------------------------------------------------------------------------------------------------------------------------------------------------------------------------------------------------+
; Source assignments for reloj_soc:dut|reloj_soc_NIOSII:niosii|reloj_soc_NIOSII_cpu:cpu|reloj_soc_NIOSII_cpu_nios2_oci:the_reloj_soc_NIOSII_cpu_nios2_oci|reloj_soc_NIOSII_cpu_debug_slave_wrapper:the_reloj_soc_NIOSII_cpu_debug_slave_wrapper|reloj_soc_NIOSII_cpu_debug_slave_sysclk:the_reloj_soc_NIOSII_cpu_debug_slave_sysclk|altera_std_synchronizer:the_altera_std_synchronizer3 ;
+-----------------------------+------------------------+------+--------------------------------------------------------------------------------------------------------------------------------------------------------------------------------------------------------------------------------------------------------------------------------------------------------------------------+
; Assignment                  ; Value                  ; From ; To                                                                                                                                                                                                                                                                                                                       ;
+-----------------------------+------------------------+------+--------------------------------------------------------------------------------------------------------------------------------------------------------------------------------------------------------------------------------------------------------------------------------------------------------------------------+
; ADV_NETLIST_OPT_ALLOWED     ; NEVER_ALLOW            ; -    ; dreg[0]                                                                                                                                                                                                                                                                                                                  ;
; SYNCHRONIZER_IDENTIFICATION ; FORCED_IF_ASYNCHRONOUS ; -    ; dreg[0]                                                                                                                                                                                                                                                                                                                  ;
; DONT_MERGE_REGISTER         ; ON                     ; -    ; dreg[0]                                                                                                                                                                                                                                                                                                                  ;
; PRESERVE_REGISTER           ; ON                     ; -    ; dreg[0]                                                                                                                                                                                                                                                                                                                  ;
; ADV_NETLIST_OPT_ALLOWED     ; NEVER_ALLOW            ; -    ; din_s1                                                                                                                                                                                                                                                                                                                   ;
; SYNCHRONIZER_IDENTIFICATION ; FORCED_IF_ASYNCHRONOUS ; -    ; din_s1                                                                                                                                                                                                                                                                                                                   ;
; DONT_MERGE_REGISTER         ; ON                     ; -    ; din_s1                                                                                                                                                                                                                                                                                                                   ;
; PRESERVE_REGISTER           ; ON                     ; -    ; din_s1                                                                                                                                                                                                                                                                                                                   ;
+-----------------------------+------------------------+------+--------------------------------------------------------------------------------------------------------------------------------------------------------------------------------------------------------------------------------------------------------------------------------------------------------------------------+


+----------------------------------------------------------------------------------------------------------------------------------------------------------------------------------------------------------------------------------------------------------------------------------------------------------------------------------------------------------------------------------------+
; Source assignments for reloj_soc:dut|reloj_soc_NIOSII:niosii|reloj_soc_NIOSII_cpu:cpu|reloj_soc_NIOSII_cpu_nios2_oci:the_reloj_soc_NIOSII_cpu_nios2_oci|reloj_soc_NIOSII_cpu_debug_slave_wrapper:the_reloj_soc_NIOSII_cpu_debug_slave_wrapper|reloj_soc_NIOSII_cpu_debug_slave_sysclk:the_reloj_soc_NIOSII_cpu_debug_slave_sysclk|altera_std_synchronizer:the_altera_std_synchronizer4 ;
+-----------------------------+------------------------+------+--------------------------------------------------------------------------------------------------------------------------------------------------------------------------------------------------------------------------------------------------------------------------------------------------------------------------+
; Assignment                  ; Value                  ; From ; To                                                                                                                                                                                                                                                                                                                       ;
+-----------------------------+------------------------+------+--------------------------------------------------------------------------------------------------------------------------------------------------------------------------------------------------------------------------------------------------------------------------------------------------------------------------+
; ADV_NETLIST_OPT_ALLOWED     ; NEVER_ALLOW            ; -    ; dreg[0]                                                                                                                                                                                                                                                                                                                  ;
; SYNCHRONIZER_IDENTIFICATION ; FORCED_IF_ASYNCHRONOUS ; -    ; dreg[0]                                                                                                                                                                                                                                                                                                                  ;
; DONT_MERGE_REGISTER         ; ON                     ; -    ; dreg[0]                                                                                                                                                                                                                                                                                                                  ;
; PRESERVE_REGISTER           ; ON                     ; -    ; dreg[0]                                                                                                                                                                                                                                                                                                                  ;
; ADV_NETLIST_OPT_ALLOWED     ; NEVER_ALLOW            ; -    ; din_s1                                                                                                                                                                                                                                                                                                                   ;
; SYNCHRONIZER_IDENTIFICATION ; FORCED_IF_ASYNCHRONOUS ; -    ; din_s1                                                                                                                                                                                                                                                                                                                   ;
; DONT_MERGE_REGISTER         ; ON                     ; -    ; din_s1                                                                                                                                                                                                                                                                                                                   ;
; PRESERVE_REGISTER           ; ON                     ; -    ; din_s1                                                                                                                                                                                                                                                                                                                   ;
+-----------------------------+------------------------+------+--------------------------------------------------------------------------------------------------------------------------------------------------------------------------------------------------------------------------------------------------------------------------------------------------------------------------+


+-----------------------------------------------------------------------------------------------------------------+
; Source assignments for reloj_soc:dut|reloj_soc_RAM:ram|altsyncram:the_altsyncram|altsyncram_bam1:auto_generated ;
+---------------------------------+--------------------+------+---------------------------------------------------+
; Assignment                      ; Value              ; From ; To                                                ;
+---------------------------------+--------------------+------+---------------------------------------------------+
; OPTIMIZE_POWER_DURING_SYNTHESIS ; NORMAL_COMPILATION ; -    ; -                                                 ;
+---------------------------------+--------------------+------+---------------------------------------------------+


+---------------------------------------------------------------------------------------------------------------------------------------------------------------------------------------------------+
; Source assignments for reloj_soc:dut|reloj_soc_UART:uart|reloj_soc_UART_scfifo_w:the_reloj_soc_UART_scfifo_w|scfifo:wfifo|scfifo_3291:auto_generated|a_dpfifo_5771:dpfifo|altsyncram_7pu1:FIFOram ;
+---------------------------------+--------------------+------+-------------------------------------------------------------------------------------------------------------------------------------+
; Assignment                      ; Value              ; From ; To                                                                                                                                  ;
+---------------------------------+--------------------+------+-------------------------------------------------------------------------------------------------------------------------------------+
; OPTIMIZE_POWER_DURING_SYNTHESIS ; NORMAL_COMPILATION ; -    ; -                                                                                                                                   ;
+---------------------------------+--------------------+------+-------------------------------------------------------------------------------------------------------------------------------------+


+---------------------------------------------------------------------------------------------------------------------------------------------------------------------------------------------------+
; Source assignments for reloj_soc:dut|reloj_soc_UART:uart|reloj_soc_UART_scfifo_r:the_reloj_soc_UART_scfifo_r|scfifo:rfifo|scfifo_3291:auto_generated|a_dpfifo_5771:dpfifo|altsyncram_7pu1:FIFOram ;
+---------------------------------+--------------------+------+-------------------------------------------------------------------------------------------------------------------------------------+
; Assignment                      ; Value              ; From ; To                                                                                                                                  ;
+---------------------------------+--------------------+------+-------------------------------------------------------------------------------------------------------------------------------------+
; OPTIMIZE_POWER_DURING_SYNTHESIS ; NORMAL_COMPILATION ; -    ; -                                                                                                                                   ;
+---------------------------------+--------------------+------+-------------------------------------------------------------------------------------------------------------------------------------+


+-------------------------------------------------------------------------------------------------------------------------------------------------------------------------------------------------------------------------------------------------------------+
; Source assignments for reloj_soc:dut|reloj_soc_audio_0:audio_0|altera_up_audio_out_serializer:Audio_Out_Serializer|altera_up_sync_fifo:Audio_Out_Left_Channel_FIFO|scfifo:Sync_FIFO|scfifo_9ba1:auto_generated|a_dpfifo_s2a1:dpfifo|altsyncram_r3i1:FIFOram ;
+---------------------------------+--------------------+------+-----------------------------------------------------------------------------------------------------------------------------------------------------------------------------------------------+
; Assignment                      ; Value              ; From ; To                                                                                                                                                                                            ;
+---------------------------------+--------------------+------+-----------------------------------------------------------------------------------------------------------------------------------------------------------------------------------------------+
; OPTIMIZE_POWER_DURING_SYNTHESIS ; NORMAL_COMPILATION ; -    ; -                                                                                                                                                                                             ;
+---------------------------------+--------------------+------+-----------------------------------------------------------------------------------------------------------------------------------------------------------------------------------------------+


+--------------------------------------------------------------------------------------------------------------------------------------------------------------------------------------------------------------------------------------------------------------+
; Source assignments for reloj_soc:dut|reloj_soc_audio_0:audio_0|altera_up_audio_out_serializer:Audio_Out_Serializer|altera_up_sync_fifo:Audio_Out_Right_Channel_FIFO|scfifo:Sync_FIFO|scfifo_9ba1:auto_generated|a_dpfifo_s2a1:dpfifo|altsyncram_r3i1:FIFOram ;
+---------------------------------+--------------------+------+------------------------------------------------------------------------------------------------------------------------------------------------------------------------------------------------+
; Assignment                      ; Value              ; From ; To                                                                                                                                                                                             ;
+---------------------------------+--------------------+------+------------------------------------------------------------------------------------------------------------------------------------------------------------------------------------------------+
; OPTIMIZE_POWER_DURING_SYNTHESIS ; NORMAL_COMPILATION ; -    ; -                                                                                                                                                                                              ;
+---------------------------------+--------------------+------+------------------------------------------------------------------------------------------------------------------------------------------------------------------------------------------------+


+------------------------------------------------------------------------------------------------------------------------------------+
; Source assignments for reloj_soc:dut|reloj_soc_mm_interconnect_0:mm_interconnect_0|reloj_soc_mm_interconnect_0_cmd_demux:cmd_demux ;
+-----------------+-------+------+---------------------------------------------------------------------------------------------------+
; Assignment      ; Value ; From ; To                                                                                                ;
+-----------------+-------+------+---------------------------------------------------------------------------------------------------+
; MESSAGE_DISABLE ; 15610 ; -    ; clk                                                                                               ;
; MESSAGE_DISABLE ; 15610 ; -    ; reset                                                                                             ;
+-----------------+-------+------+---------------------------------------------------------------------------------------------------+


+--------------------------------------------------------------------------------------------------------------------------------------------+
; Source assignments for reloj_soc:dut|reloj_soc_mm_interconnect_0:mm_interconnect_0|reloj_soc_mm_interconnect_0_cmd_demux_001:cmd_demux_001 ;
+-----------------+-------+------+-----------------------------------------------------------------------------------------------------------+
; Assignment      ; Value ; From ; To                                                                                                        ;
+-----------------+-------+------+-----------------------------------------------------------------------------------------------------------+
; MESSAGE_DISABLE ; 15610 ; -    ; clk                                                                                                       ;
; MESSAGE_DISABLE ; 15610 ; -    ; reset                                                                                                     ;
+-----------------+-------+------+-----------------------------------------------------------------------------------------------------------+


+------------------------------------------------------------------------------------------------------------------------------------+
; Source assignments for reloj_soc:dut|reloj_soc_mm_interconnect_0:mm_interconnect_0|reloj_soc_mm_interconnect_0_rsp_demux:rsp_demux ;
+-----------------+-------+------+---------------------------------------------------------------------------------------------------+
; Assignment      ; Value ; From ; To                                                                                                ;
+-----------------+-------+------+---------------------------------------------------------------------------------------------------+
; MESSAGE_DISABLE ; 15610 ; -    ; clk                                                                                               ;
; MESSAGE_DISABLE ; 15610 ; -    ; reset                                                                                             ;
+-----------------+-------+------+---------------------------------------------------------------------------------------------------+


+----------------------------------------------------------------------------------------------------------------------------------------+
; Source assignments for reloj_soc:dut|reloj_soc_mm_interconnect_0:mm_interconnect_0|reloj_soc_mm_interconnect_0_rsp_demux:rsp_demux_001 ;
+-----------------+-------+------+-------------------------------------------------------------------------------------------------------+
; Assignment      ; Value ; From ; To                                                                                                    ;
+-----------------+-------+------+-------------------------------------------------------------------------------------------------------+
; MESSAGE_DISABLE ; 15610 ; -    ; clk                                                                                                   ;
; MESSAGE_DISABLE ; 15610 ; -    ; reset                                                                                                 ;
+-----------------+-------+------+-------------------------------------------------------------------------------------------------------+


+--------------------------------------------------------------------------------------------------------------------------------------------+
; Source assignments for reloj_soc:dut|reloj_soc_mm_interconnect_0:mm_interconnect_0|reloj_soc_mm_interconnect_0_cmd_demux_001:rsp_demux_002 ;
+-----------------+-------+------+-----------------------------------------------------------------------------------------------------------+
; Assignment      ; Value ; From ; To                                                                                                        ;
+-----------------+-------+------+-----------------------------------------------------------------------------------------------------------+
; MESSAGE_DISABLE ; 15610 ; -    ; clk                                                                                                       ;
; MESSAGE_DISABLE ; 15610 ; -    ; reset                                                                                                     ;
+-----------------+-------+------+-----------------------------------------------------------------------------------------------------------+


+--------------------------------------------------------------------------------------------------------------------------------------------+
; Source assignments for reloj_soc:dut|reloj_soc_mm_interconnect_0:mm_interconnect_0|reloj_soc_mm_interconnect_0_cmd_demux_001:rsp_demux_003 ;
+-----------------+-------+------+-----------------------------------------------------------------------------------------------------------+
; Assignment      ; Value ; From ; To                                                                                                        ;
+-----------------+-------+------+-----------------------------------------------------------------------------------------------------------+
; MESSAGE_DISABLE ; 15610 ; -    ; clk                                                                                                       ;
; MESSAGE_DISABLE ; 15610 ; -    ; reset                                                                                                     ;
+-----------------+-------+------+-----------------------------------------------------------------------------------------------------------+


+----------------------------------------------------------------------------------------------------------------------------------------+
; Source assignments for reloj_soc:dut|reloj_soc_mm_interconnect_0:mm_interconnect_0|reloj_soc_mm_interconnect_0_rsp_demux:rsp_demux_004 ;
+-----------------+-------+------+-------------------------------------------------------------------------------------------------------+
; Assignment      ; Value ; From ; To                                                                                                    ;
+-----------------+-------+------+-------------------------------------------------------------------------------------------------------+
; MESSAGE_DISABLE ; 15610 ; -    ; clk                                                                                                   ;
; MESSAGE_DISABLE ; 15610 ; -    ; reset                                                                                                 ;
+-----------------+-------+------+-------------------------------------------------------------------------------------------------------+


+----------------------------------------------------------------------------------------------------------------------------------------+
; Source assignments for reloj_soc:dut|reloj_soc_mm_interconnect_0:mm_interconnect_0|reloj_soc_mm_interconnect_0_rsp_demux:rsp_demux_005 ;
+-----------------+-------+------+-------------------------------------------------------------------------------------------------------+
; Assignment      ; Value ; From ; To                                                                                                    ;
+-----------------+-------+------+-------------------------------------------------------------------------------------------------------+
; MESSAGE_DISABLE ; 15610 ; -    ; clk                                                                                                   ;
; MESSAGE_DISABLE ; 15610 ; -    ; reset                                                                                                 ;
+-----------------+-------+------+-------------------------------------------------------------------------------------------------------+


+----------------------------------------------------------------------------------------------------------------------------------------+
; Source assignments for reloj_soc:dut|reloj_soc_mm_interconnect_0:mm_interconnect_0|reloj_soc_mm_interconnect_0_rsp_demux:rsp_demux_006 ;
+-----------------+-------+------+-------------------------------------------------------------------------------------------------------+
; Assignment      ; Value ; From ; To                                                                                                    ;
+-----------------+-------+------+-------------------------------------------------------------------------------------------------------+
; MESSAGE_DISABLE ; 15610 ; -    ; clk                                                                                                   ;
; MESSAGE_DISABLE ; 15610 ; -    ; reset                                                                                                 ;
+-----------------+-------+------+-------------------------------------------------------------------------------------------------------+


+-----------------------------------------------------------------------------+
; Source assignments for reloj_soc:dut|altera_reset_controller:rst_controller ;
+-------------------+-------+------+------------------------------------------+
; Assignment        ; Value ; From ; To                                       ;
+-------------------+-------+------+------------------------------------------+
; PRESERVE_REGISTER ; on    ; -    ; altera_reset_synchronizer_int_chain[4]   ;
; PRESERVE_REGISTER ; on    ; -    ; altera_reset_synchronizer_int_chain[3]   ;
; PRESERVE_REGISTER ; on    ; -    ; altera_reset_synchronizer_int_chain[2]   ;
; PRESERVE_REGISTER ; on    ; -    ; altera_reset_synchronizer_int_chain[1]   ;
; PRESERVE_REGISTER ; on    ; -    ; altera_reset_synchronizer_int_chain[0]   ;
+-------------------+-------+------+------------------------------------------+


+------------------------------------------------------------------------------------------------------------------------+
; Source assignments for reloj_soc:dut|altera_reset_controller:rst_controller|altera_reset_synchronizer:alt_rst_sync_uq1 ;
+-------------------+-------+------+-------------------------------------------------------------------------------------+
; Assignment        ; Value ; From ; To                                                                                  ;
+-------------------+-------+------+-------------------------------------------------------------------------------------+
; PRESERVE_REGISTER ; on    ; -    ; altera_reset_synchronizer_int_chain[1]                                              ;
; PRESERVE_REGISTER ; on    ; -    ; altera_reset_synchronizer_int_chain[0]                                              ;
+-------------------+-------+------+-------------------------------------------------------------------------------------+


+----------------------------------------------------------------------------------------------------------------------------+
; Source assignments for reloj_soc:dut|altera_reset_controller:rst_controller|altera_reset_synchronizer:alt_rst_req_sync_uq1 ;
+-------------------+-------+------+-----------------------------------------------------------------------------------------+
; Assignment        ; Value ; From ; To                                                                                      ;
+-------------------+-------+------+-----------------------------------------------------------------------------------------+
; PRESERVE_REGISTER ; on    ; -    ; altera_reset_synchronizer_int_chain[0]                                                  ;
; PRESERVE_REGISTER ; on    ; -    ; altera_reset_synchronizer_int_chain[1]                                                  ;
+-------------------+-------+------+-----------------------------------------------------------------------------------------+


+----------------------------------------------------------------------------------------------------------------------------------------------------------------------------------------------+
; Parameter Settings for User Entity Instance: reloj_soc:dut|reloj_soc_NIOSII:niosii|reloj_soc_NIOSII_cpu:cpu|reloj_soc_NIOSII_cpu_register_bank_a_module:reloj_soc_NIOSII_cpu_register_bank_a ;
+----------------+--------+--------------------------------------------------------------------------------------------------------------------------------------------------------------------+
; Parameter Name ; Value  ; Type                                                                                                                                                               ;
+----------------+--------+--------------------------------------------------------------------------------------------------------------------------------------------------------------------+
; lpm_file       ; UNUSED ; String                                                                                                                                                             ;
+----------------+--------+--------------------------------------------------------------------------------------------------------------------------------------------------------------------+
Note: In order to hide this table in the UI and the text report file, please set the "Show Parameter Settings in Synthesis Report" option in "Analysis and Synthesis Settings -> More Settings" to "Off".


+------------------------------------------------------------------------------------------------------------------------------------------------------------------------------------------------------------------------+
; Parameter Settings for User Entity Instance: reloj_soc:dut|reloj_soc_NIOSII:niosii|reloj_soc_NIOSII_cpu:cpu|reloj_soc_NIOSII_cpu_register_bank_a_module:reloj_soc_NIOSII_cpu_register_bank_a|altsyncram:the_altsyncram ;
+------------------------------------+----------------------+------------------------------------------------------------------------------------------------------------------------------------------------------------+
; Parameter Name                     ; Value                ; Type                                                                                                                                                       ;
+------------------------------------+----------------------+------------------------------------------------------------------------------------------------------------------------------------------------------------+
; BYTE_SIZE_BLOCK                    ; 8                    ; Untyped                                                                                                                                                    ;
; AUTO_CARRY_CHAINS                  ; ON                   ; AUTO_CARRY                                                                                                                                                 ;
; IGNORE_CARRY_BUFFERS               ; OFF                  ; IGNORE_CARRY                                                                                                                                               ;
; AUTO_CASCADE_CHAINS                ; ON                   ; AUTO_CASCADE                                                                                                                                               ;
; IGNORE_CASCADE_BUFFERS             ; OFF                  ; IGNORE_CASCADE                                                                                                                                             ;
; WIDTH_BYTEENA                      ; 1                    ; Untyped                                                                                                                                                    ;
; OPERATION_MODE                     ; DUAL_PORT            ; Untyped                                                                                                                                                    ;
; WIDTH_A                            ; 32                   ; Signed Integer                                                                                                                                             ;
; WIDTHAD_A                          ; 5                    ; Signed Integer                                                                                                                                             ;
; NUMWORDS_A                         ; 32                   ; Signed Integer                                                                                                                                             ;
; OUTDATA_REG_A                      ; UNREGISTERED         ; Untyped                                                                                                                                                    ;
; ADDRESS_ACLR_A                     ; NONE                 ; Untyped                                                                                                                                                    ;
; OUTDATA_ACLR_A                     ; NONE                 ; Untyped                                                                                                                                                    ;
; WRCONTROL_ACLR_A                   ; NONE                 ; Untyped                                                                                                                                                    ;
; INDATA_ACLR_A                      ; NONE                 ; Untyped                                                                                                                                                    ;
; BYTEENA_ACLR_A                     ; NONE                 ; Untyped                                                                                                                                                    ;
; WIDTH_B                            ; 32                   ; Signed Integer                                                                                                                                             ;
; WIDTHAD_B                          ; 5                    ; Signed Integer                                                                                                                                             ;
; NUMWORDS_B                         ; 32                   ; Signed Integer                                                                                                                                             ;
; INDATA_REG_B                       ; CLOCK1               ; Untyped                                                                                                                                                    ;
; WRCONTROL_WRADDRESS_REG_B          ; CLOCK1               ; Untyped                                                                                                                                                    ;
; RDCONTROL_REG_B                    ; CLOCK0               ; Untyped                                                                                                                                                    ;
; ADDRESS_REG_B                      ; CLOCK0               ; Untyped                                                                                                                                                    ;
; OUTDATA_REG_B                      ; UNREGISTERED         ; Untyped                                                                                                                                                    ;
; BYTEENA_REG_B                      ; CLOCK1               ; Untyped                                                                                                                                                    ;
; INDATA_ACLR_B                      ; NONE                 ; Untyped                                                                                                                                                    ;
; WRCONTROL_ACLR_B                   ; NONE                 ; Untyped                                                                                                                                                    ;
; ADDRESS_ACLR_B                     ; NONE                 ; Untyped                                                                                                                                                    ;
; OUTDATA_ACLR_B                     ; NONE                 ; Untyped                                                                                                                                                    ;
; RDCONTROL_ACLR_B                   ; NONE                 ; Untyped                                                                                                                                                    ;
; BYTEENA_ACLR_B                     ; NONE                 ; Untyped                                                                                                                                                    ;
; WIDTH_BYTEENA_A                    ; 1                    ; Untyped                                                                                                                                                    ;
; WIDTH_BYTEENA_B                    ; 1                    ; Untyped                                                                                                                                                    ;
; RAM_BLOCK_TYPE                     ; AUTO                 ; Untyped                                                                                                                                                    ;
; BYTE_SIZE                          ; 8                    ; Untyped                                                                                                                                                    ;
; READ_DURING_WRITE_MODE_MIXED_PORTS ; DONT_CARE            ; Untyped                                                                                                                                                    ;
; READ_DURING_WRITE_MODE_PORT_A      ; NEW_DATA_NO_NBE_READ ; Untyped                                                                                                                                                    ;
; READ_DURING_WRITE_MODE_PORT_B      ; NEW_DATA_NO_NBE_READ ; Untyped                                                                                                                                                    ;
; INIT_FILE                          ; UNUSED               ; Untyped                                                                                                                                                    ;
; INIT_FILE_LAYOUT                   ; PORT_A               ; Untyped                                                                                                                                                    ;
; MAXIMUM_DEPTH                      ; 0                    ; Signed Integer                                                                                                                                             ;
; CLOCK_ENABLE_INPUT_A               ; NORMAL               ; Untyped                                                                                                                                                    ;
; CLOCK_ENABLE_INPUT_B               ; NORMAL               ; Untyped                                                                                                                                                    ;
; CLOCK_ENABLE_OUTPUT_A              ; NORMAL               ; Untyped                                                                                                                                                    ;
; CLOCK_ENABLE_OUTPUT_B              ; NORMAL               ; Untyped                                                                                                                                                    ;
; CLOCK_ENABLE_CORE_A                ; USE_INPUT_CLKEN      ; Untyped                                                                                                                                                    ;
; CLOCK_ENABLE_CORE_B                ; USE_INPUT_CLKEN      ; Untyped                                                                                                                                                    ;
; ENABLE_ECC                         ; FALSE                ; Untyped                                                                                                                                                    ;
; ECC_PIPELINE_STAGE_ENABLED         ; FALSE                ; Untyped                                                                                                                                                    ;
; WIDTH_ECCSTATUS                    ; 3                    ; Untyped                                                                                                                                                    ;
; DEVICE_FAMILY                      ; Cyclone V            ; Untyped                                                                                                                                                    ;
; CBXI_PARAMETER                     ; altsyncram_msi1      ; Untyped                                                                                                                                                    ;
+------------------------------------+----------------------+------------------------------------------------------------------------------------------------------------------------------------------------------------+
Note: In order to hide this table in the UI and the text report file, please set the "Show Parameter Settings in Synthesis Report" option in "Analysis and Synthesis Settings -> More Settings" to "Off".


+----------------------------------------------------------------------------------------------------------------------------------------------------------------------------------------------+
; Parameter Settings for User Entity Instance: reloj_soc:dut|reloj_soc_NIOSII:niosii|reloj_soc_NIOSII_cpu:cpu|reloj_soc_NIOSII_cpu_register_bank_b_module:reloj_soc_NIOSII_cpu_register_bank_b ;
+----------------+--------+--------------------------------------------------------------------------------------------------------------------------------------------------------------------+
; Parameter Name ; Value  ; Type                                                                                                                                                               ;
+----------------+--------+--------------------------------------------------------------------------------------------------------------------------------------------------------------------+
; lpm_file       ; UNUSED ; String                                                                                                                                                             ;
+----------------+--------+--------------------------------------------------------------------------------------------------------------------------------------------------------------------+
Note: In order to hide this table in the UI and the text report file, please set the "Show Parameter Settings in Synthesis Report" option in "Analysis and Synthesis Settings -> More Settings" to "Off".


+------------------------------------------------------------------------------------------------------------------------------------------------------------------------------------------------------------------------+
; Parameter Settings for User Entity Instance: reloj_soc:dut|reloj_soc_NIOSII:niosii|reloj_soc_NIOSII_cpu:cpu|reloj_soc_NIOSII_cpu_register_bank_b_module:reloj_soc_NIOSII_cpu_register_bank_b|altsyncram:the_altsyncram ;
+------------------------------------+----------------------+------------------------------------------------------------------------------------------------------------------------------------------------------------+
; Parameter Name                     ; Value                ; Type                                                                                                                                                       ;
+------------------------------------+----------------------+------------------------------------------------------------------------------------------------------------------------------------------------------------+
; BYTE_SIZE_BLOCK                    ; 8                    ; Untyped                                                                                                                                                    ;
; AUTO_CARRY_CHAINS                  ; ON                   ; AUTO_CARRY                                                                                                                                                 ;
; IGNORE_CARRY_BUFFERS               ; OFF                  ; IGNORE_CARRY                                                                                                                                               ;
; AUTO_CASCADE_CHAINS                ; ON                   ; AUTO_CASCADE                                                                                                                                               ;
; IGNORE_CASCADE_BUFFERS             ; OFF                  ; IGNORE_CASCADE                                                                                                                                             ;
; WIDTH_BYTEENA                      ; 1                    ; Untyped                                                                                                                                                    ;
; OPERATION_MODE                     ; DUAL_PORT            ; Untyped                                                                                                                                                    ;
; WIDTH_A                            ; 32                   ; Signed Integer                                                                                                                                             ;
; WIDTHAD_A                          ; 5                    ; Signed Integer                                                                                                                                             ;
; NUMWORDS_A                         ; 32                   ; Signed Integer                                                                                                                                             ;
; OUTDATA_REG_A                      ; UNREGISTERED         ; Untyped                                                                                                                                                    ;
; ADDRESS_ACLR_A                     ; NONE                 ; Untyped                                                                                                                                                    ;
; OUTDATA_ACLR_A                     ; NONE                 ; Untyped                                                                                                                                                    ;
; WRCONTROL_ACLR_A                   ; NONE                 ; Untyped                                                                                                                                                    ;
; INDATA_ACLR_A                      ; NONE                 ; Untyped                                                                                                                                                    ;
; BYTEENA_ACLR_A                     ; NONE                 ; Untyped                                                                                                                                                    ;
; WIDTH_B                            ; 32                   ; Signed Integer                                                                                                                                             ;
; WIDTHAD_B                          ; 5                    ; Signed Integer                                                                                                                                             ;
; NUMWORDS_B                         ; 32                   ; Signed Integer                                                                                                                                             ;
; INDATA_REG_B                       ; CLOCK1               ; Untyped                                                                                                                                                    ;
; WRCONTROL_WRADDRESS_REG_B          ; CLOCK1               ; Untyped                                                                                                                                                    ;
; RDCONTROL_REG_B                    ; CLOCK0               ; Untyped                                                                                                                                                    ;
; ADDRESS_REG_B                      ; CLOCK0               ; Untyped                                                                                                                                                    ;
; OUTDATA_REG_B                      ; UNREGISTERED         ; Untyped                                                                                                                                                    ;
; BYTEENA_REG_B                      ; CLOCK1               ; Untyped                                                                                                                                                    ;
; INDATA_ACLR_B                      ; NONE                 ; Untyped                                                                                                                                                    ;
; WRCONTROL_ACLR_B                   ; NONE                 ; Untyped                                                                                                                                                    ;
; ADDRESS_ACLR_B                     ; NONE                 ; Untyped                                                                                                                                                    ;
; OUTDATA_ACLR_B                     ; NONE                 ; Untyped                                                                                                                                                    ;
; RDCONTROL_ACLR_B                   ; NONE                 ; Untyped                                                                                                                                                    ;
; BYTEENA_ACLR_B                     ; NONE                 ; Untyped                                                                                                                                                    ;
; WIDTH_BYTEENA_A                    ; 1                    ; Untyped                                                                                                                                                    ;
; WIDTH_BYTEENA_B                    ; 1                    ; Untyped                                                                                                                                                    ;
; RAM_BLOCK_TYPE                     ; AUTO                 ; Untyped                                                                                                                                                    ;
; BYTE_SIZE                          ; 8                    ; Untyped                                                                                                                                                    ;
; READ_DURING_WRITE_MODE_MIXED_PORTS ; DONT_CARE            ; Untyped                                                                                                                                                    ;
; READ_DURING_WRITE_MODE_PORT_A      ; NEW_DATA_NO_NBE_READ ; Untyped                                                                                                                                                    ;
; READ_DURING_WRITE_MODE_PORT_B      ; NEW_DATA_NO_NBE_READ ; Untyped                                                                                                                                                    ;
; INIT_FILE                          ; UNUSED               ; Untyped                                                                                                                                                    ;
; INIT_FILE_LAYOUT                   ; PORT_A               ; Untyped                                                                                                                                                    ;
; MAXIMUM_DEPTH                      ; 0                    ; Signed Integer                                                                                                                                             ;
; CLOCK_ENABLE_INPUT_A               ; NORMAL               ; Untyped                                                                                                                                                    ;
; CLOCK_ENABLE_INPUT_B               ; NORMAL               ; Untyped                                                                                                                                                    ;
; CLOCK_ENABLE_OUTPUT_A              ; NORMAL               ; Untyped                                                                                                                                                    ;
; CLOCK_ENABLE_OUTPUT_B              ; NORMAL               ; Untyped                                                                                                                                                    ;
; CLOCK_ENABLE_CORE_A                ; USE_INPUT_CLKEN      ; Untyped                                                                                                                                                    ;
; CLOCK_ENABLE_CORE_B                ; USE_INPUT_CLKEN      ; Untyped                                                                                                                                                    ;
; ENABLE_ECC                         ; FALSE                ; Untyped                                                                                                                                                    ;
; ECC_PIPELINE_STAGE_ENABLED         ; FALSE                ; Untyped                                                                                                                                                    ;
; WIDTH_ECCSTATUS                    ; 3                    ; Untyped                                                                                                                                                    ;
; DEVICE_FAMILY                      ; Cyclone V            ; Untyped                                                                                                                                                    ;
; CBXI_PARAMETER                     ; altsyncram_msi1      ; Untyped                                                                                                                                                    ;
+------------------------------------+----------------------+------------------------------------------------------------------------------------------------------------------------------------------------------------+
Note: In order to hide this table in the UI and the text report file, please set the "Show Parameter Settings in Synthesis Report" option in "Analysis and Synthesis Settings -> More Settings" to "Off".


+-----------------------------------------------------------------------------------------------------------------------------------------------------------------------------------------------------------------------------------------------------------------------------------------------------------------+
; Parameter Settings for User Entity Instance: reloj_soc:dut|reloj_soc_NIOSII:niosii|reloj_soc_NIOSII_cpu:cpu|reloj_soc_NIOSII_cpu_nios2_oci:the_reloj_soc_NIOSII_cpu_nios2_oci|reloj_soc_NIOSII_cpu_nios2_oci_debug:the_reloj_soc_NIOSII_cpu_nios2_oci_debug|altera_std_synchronizer:the_altera_std_synchronizer ;
+----------------+-------+----------------------------------------------------------------------------------------------------------------------------------------------------------------------------------------------------------------------------------------------------------------------------------------+
; Parameter Name ; Value ; Type                                                                                                                                                                                                                                                                                   ;
+----------------+-------+----------------------------------------------------------------------------------------------------------------------------------------------------------------------------------------------------------------------------------------------------------------------------------------+
; depth          ; 2     ; Signed Integer                                                                                                                                                                                                                                                                         ;
+----------------+-------+----------------------------------------------------------------------------------------------------------------------------------------------------------------------------------------------------------------------------------------------------------------------------------------+
Note: In order to hide this table in the UI and the text report file, please set the "Show Parameter Settings in Synthesis Report" option in "Analysis and Synthesis Settings -> More Settings" to "Off".


+------------------------------------------------------------------------------------------------------------------------------------------------------------------------------------------------------------------------------------------------------------------------------------------------------------------------------------+
; Parameter Settings for User Entity Instance: reloj_soc:dut|reloj_soc_NIOSII:niosii|reloj_soc_NIOSII_cpu:cpu|reloj_soc_NIOSII_cpu_nios2_oci:the_reloj_soc_NIOSII_cpu_nios2_oci|reloj_soc_NIOSII_cpu_nios2_ocimem:the_reloj_soc_NIOSII_cpu_nios2_ocimem|reloj_soc_NIOSII_cpu_ociram_sp_ram_module:reloj_soc_NIOSII_cpu_ociram_sp_ram ;
+----------------+--------+----------------------------------------------------------------------------------------------------------------------------------------------------------------------------------------------------------------------------------------------------------------------------------------------------------+
; Parameter Name ; Value  ; Type                                                                                                                                                                                                                                                                                                     ;
+----------------+--------+----------------------------------------------------------------------------------------------------------------------------------------------------------------------------------------------------------------------------------------------------------------------------------------------------------+
; lpm_file       ; UNUSED ; String                                                                                                                                                                                                                                                                                                   ;
+----------------+--------+----------------------------------------------------------------------------------------------------------------------------------------------------------------------------------------------------------------------------------------------------------------------------------------------------------+
Note: In order to hide this table in the UI and the text report file, please set the "Show Parameter Settings in Synthesis Report" option in "Analysis and Synthesis Settings -> More Settings" to "Off".


+--------------------------------------------------------------------------------------------------------------------------------------------------------------------------------------------------------------------------------------------------------------------------------------------------------------------------------------------------------------+
; Parameter Settings for User Entity Instance: reloj_soc:dut|reloj_soc_NIOSII:niosii|reloj_soc_NIOSII_cpu:cpu|reloj_soc_NIOSII_cpu_nios2_oci:the_reloj_soc_NIOSII_cpu_nios2_oci|reloj_soc_NIOSII_cpu_nios2_ocimem:the_reloj_soc_NIOSII_cpu_nios2_ocimem|reloj_soc_NIOSII_cpu_ociram_sp_ram_module:reloj_soc_NIOSII_cpu_ociram_sp_ram|altsyncram:the_altsyncram ;
+------------------------------------+----------------------+--------------------------------------------------------------------------------------------------------------------------------------------------------------------------------------------------------------------------------------------------------------------------------------------------+
; Parameter Name                     ; Value                ; Type                                                                                                                                                                                                                                                                                             ;
+------------------------------------+----------------------+--------------------------------------------------------------------------------------------------------------------------------------------------------------------------------------------------------------------------------------------------------------------------------------------------+
; BYTE_SIZE_BLOCK                    ; 8                    ; Untyped                                                                                                                                                                                                                                                                                          ;
; AUTO_CARRY_CHAINS                  ; ON                   ; AUTO_CARRY                                                                                                                                                                                                                                                                                       ;
; IGNORE_CARRY_BUFFERS               ; OFF                  ; IGNORE_CARRY                                                                                                                                                                                                                                                                                     ;
; AUTO_CASCADE_CHAINS                ; ON                   ; AUTO_CASCADE                                                                                                                                                                                                                                                                                     ;
; IGNORE_CASCADE_BUFFERS             ; OFF                  ; IGNORE_CASCADE                                                                                                                                                                                                                                                                                   ;
; WIDTH_BYTEENA                      ; 1                    ; Untyped                                                                                                                                                                                                                                                                                          ;
; OPERATION_MODE                     ; SINGLE_PORT          ; Untyped                                                                                                                                                                                                                                                                                          ;
; WIDTH_A                            ; 32                   ; Signed Integer                                                                                                                                                                                                                                                                                   ;
; WIDTHAD_A                          ; 8                    ; Signed Integer                                                                                                                                                                                                                                                                                   ;
; NUMWORDS_A                         ; 256                  ; Signed Integer                                                                                                                                                                                                                                                                                   ;
; OUTDATA_REG_A                      ; UNREGISTERED         ; Untyped                                                                                                                                                                                                                                                                                          ;
; ADDRESS_ACLR_A                     ; NONE                 ; Untyped                                                                                                                                                                                                                                                                                          ;
; OUTDATA_ACLR_A                     ; NONE                 ; Untyped                                                                                                                                                                                                                                                                                          ;
; WRCONTROL_ACLR_A                   ; NONE                 ; Untyped                                                                                                                                                                                                                                                                                          ;
; INDATA_ACLR_A                      ; NONE                 ; Untyped                                                                                                                                                                                                                                                                                          ;
; BYTEENA_ACLR_A                     ; NONE                 ; Untyped                                                                                                                                                                                                                                                                                          ;
; WIDTH_B                            ; 1                    ; Untyped                                                                                                                                                                                                                                                                                          ;
; WIDTHAD_B                          ; 1                    ; Untyped                                                                                                                                                                                                                                                                                          ;
; NUMWORDS_B                         ; 1                    ; Untyped                                                                                                                                                                                                                                                                                          ;
; INDATA_REG_B                       ; CLOCK1               ; Untyped                                                                                                                                                                                                                                                                                          ;
; WRCONTROL_WRADDRESS_REG_B          ; CLOCK1               ; Untyped                                                                                                                                                                                                                                                                                          ;
; RDCONTROL_REG_B                    ; CLOCK1               ; Untyped                                                                                                                                                                                                                                                                                          ;
; ADDRESS_REG_B                      ; CLOCK1               ; Untyped                                                                                                                                                                                                                                                                                          ;
; OUTDATA_REG_B                      ; UNREGISTERED         ; Untyped                                                                                                                                                                                                                                                                                          ;
; BYTEENA_REG_B                      ; CLOCK1               ; Untyped                                                                                                                                                                                                                                                                                          ;
; INDATA_ACLR_B                      ; NONE                 ; Untyped                                                                                                                                                                                                                                                                                          ;
; WRCONTROL_ACLR_B                   ; NONE                 ; Untyped                                                                                                                                                                                                                                                                                          ;
; ADDRESS_ACLR_B                     ; NONE                 ; Untyped                                                                                                                                                                                                                                                                                          ;
; OUTDATA_ACLR_B                     ; NONE                 ; Untyped                                                                                                                                                                                                                                                                                          ;
; RDCONTROL_ACLR_B                   ; NONE                 ; Untyped                                                                                                                                                                                                                                                                                          ;
; BYTEENA_ACLR_B                     ; NONE                 ; Untyped                                                                                                                                                                                                                                                                                          ;
; WIDTH_BYTEENA_A                    ; 4                    ; Signed Integer                                                                                                                                                                                                                                                                                   ;
; WIDTH_BYTEENA_B                    ; 1                    ; Untyped                                                                                                                                                                                                                                                                                          ;
; RAM_BLOCK_TYPE                     ; AUTO                 ; Untyped                                                                                                                                                                                                                                                                                          ;
; BYTE_SIZE                          ; 8                    ; Untyped                                                                                                                                                                                                                                                                                          ;
; READ_DURING_WRITE_MODE_MIXED_PORTS ; DONT_CARE            ; Untyped                                                                                                                                                                                                                                                                                          ;
; READ_DURING_WRITE_MODE_PORT_A      ; DONT_CARE            ; Untyped                                                                                                                                                                                                                                                                                          ;
; READ_DURING_WRITE_MODE_PORT_B      ; NEW_DATA_NO_NBE_READ ; Untyped                                                                                                                                                                                                                                                                                          ;
; INIT_FILE                          ; UNUSED               ; Untyped                                                                                                                                                                                                                                                                                          ;
; INIT_FILE_LAYOUT                   ; PORT_A               ; Untyped                                                                                                                                                                                                                                                                                          ;
; MAXIMUM_DEPTH                      ; 0                    ; Signed Integer                                                                                                                                                                                                                                                                                   ;
; CLOCK_ENABLE_INPUT_A               ; NORMAL               ; Untyped                                                                                                                                                                                                                                                                                          ;
; CLOCK_ENABLE_INPUT_B               ; NORMAL               ; Untyped                                                                                                                                                                                                                                                                                          ;
; CLOCK_ENABLE_OUTPUT_A              ; NORMAL               ; Untyped                                                                                                                                                                                                                                                                                          ;
; CLOCK_ENABLE_OUTPUT_B              ; NORMAL               ; Untyped                                                                                                                                                                                                                                                                                          ;
; CLOCK_ENABLE_CORE_A                ; USE_INPUT_CLKEN      ; Untyped                                                                                                                                                                                                                                                                                          ;
; CLOCK_ENABLE_CORE_B                ; USE_INPUT_CLKEN      ; Untyped                                                                                                                                                                                                                                                                                          ;
; ENABLE_ECC                         ; FALSE                ; Untyped                                                                                                                                                                                                                                                                                          ;
; ECC_PIPELINE_STAGE_ENABLED         ; FALSE                ; Untyped                                                                                                                                                                                                                                                                                          ;
; WIDTH_ECCSTATUS                    ; 3                    ; Untyped                                                                                                                                                                                                                                                                                          ;
; DEVICE_FAMILY                      ; Cyclone V            ; Untyped                                                                                                                                                                                                                                                                                          ;
; CBXI_PARAMETER                     ; altsyncram_qid1      ; Untyped                                                                                                                                                                                                                                                                                          ;
+------------------------------------+----------------------+--------------------------------------------------------------------------------------------------------------------------------------------------------------------------------------------------------------------------------------------------------------------------------------------------+
Note: In order to hide this table in the UI and the text report file, please set the "Show Parameter Settings in Synthesis Report" option in "Analysis and Synthesis Settings -> More Settings" to "Off".


+--------------------------------------------------------------------------------------------------------------------------------------------------------------------------------------------------------------------------------------------------------------------------------------------------------------------------------------------------------------------------------------------------------+
; Parameter Settings for User Entity Instance: reloj_soc:dut|reloj_soc_NIOSII:niosii|reloj_soc_NIOSII_cpu:cpu|reloj_soc_NIOSII_cpu_nios2_oci:the_reloj_soc_NIOSII_cpu_nios2_oci|reloj_soc_NIOSII_cpu_debug_slave_wrapper:the_reloj_soc_NIOSII_cpu_debug_slave_wrapper|reloj_soc_NIOSII_cpu_debug_slave_tck:the_reloj_soc_NIOSII_cpu_debug_slave_tck|altera_std_synchronizer:the_altera_std_synchronizer1 ;
+----------------+-------+-------------------------------------------------------------------------------------------------------------------------------------------------------------------------------------------------------------------------------------------------------------------------------------------------------------------------------------------------------------------------------+
; Parameter Name ; Value ; Type                                                                                                                                                                                                                                                                                                                                                                          ;
+----------------+-------+-------------------------------------------------------------------------------------------------------------------------------------------------------------------------------------------------------------------------------------------------------------------------------------------------------------------------------------------------------------------------------+
; depth          ; 2     ; Signed Integer                                                                                                                                                                                                                                                                                                                                                                ;
+----------------+-------+-------------------------------------------------------------------------------------------------------------------------------------------------------------------------------------------------------------------------------------------------------------------------------------------------------------------------------------------------------------------------------+
Note: In order to hide this table in the UI and the text report file, please set the "Show Parameter Settings in Synthesis Report" option in "Analysis and Synthesis Settings -> More Settings" to "Off".


+--------------------------------------------------------------------------------------------------------------------------------------------------------------------------------------------------------------------------------------------------------------------------------------------------------------------------------------------------------------------------------------------------------+
; Parameter Settings for User Entity Instance: reloj_soc:dut|reloj_soc_NIOSII:niosii|reloj_soc_NIOSII_cpu:cpu|reloj_soc_NIOSII_cpu_nios2_oci:the_reloj_soc_NIOSII_cpu_nios2_oci|reloj_soc_NIOSII_cpu_debug_slave_wrapper:the_reloj_soc_NIOSII_cpu_debug_slave_wrapper|reloj_soc_NIOSII_cpu_debug_slave_tck:the_reloj_soc_NIOSII_cpu_debug_slave_tck|altera_std_synchronizer:the_altera_std_synchronizer2 ;
+----------------+-------+-------------------------------------------------------------------------------------------------------------------------------------------------------------------------------------------------------------------------------------------------------------------------------------------------------------------------------------------------------------------------------+
; Parameter Name ; Value ; Type                                                                                                                                                                                                                                                                                                                                                                          ;
+----------------+-------+-------------------------------------------------------------------------------------------------------------------------------------------------------------------------------------------------------------------------------------------------------------------------------------------------------------------------------------------------------------------------------+
; depth          ; 2     ; Signed Integer                                                                                                                                                                                                                                                                                                                                                                ;
+----------------+-------+-------------------------------------------------------------------------------------------------------------------------------------------------------------------------------------------------------------------------------------------------------------------------------------------------------------------------------------------------------------------------------+
Note: In order to hide this table in the UI and the text report file, please set the "Show Parameter Settings in Synthesis Report" option in "Analysis and Synthesis Settings -> More Settings" to "Off".


+--------------------------------------------------------------------------------------------------------------------------------------------------------------------------------------------------------------------------------------------------------------------------------------------------------------------------------------------------------------------------------------------------------------+
; Parameter Settings for User Entity Instance: reloj_soc:dut|reloj_soc_NIOSII:niosii|reloj_soc_NIOSII_cpu:cpu|reloj_soc_NIOSII_cpu_nios2_oci:the_reloj_soc_NIOSII_cpu_nios2_oci|reloj_soc_NIOSII_cpu_debug_slave_wrapper:the_reloj_soc_NIOSII_cpu_debug_slave_wrapper|reloj_soc_NIOSII_cpu_debug_slave_sysclk:the_reloj_soc_NIOSII_cpu_debug_slave_sysclk|altera_std_synchronizer:the_altera_std_synchronizer3 ;
+----------------+-------+-------------------------------------------------------------------------------------------------------------------------------------------------------------------------------------------------------------------------------------------------------------------------------------------------------------------------------------------------------------------------------------+
; Parameter Name ; Value ; Type                                                                                                                                                                                                                                                                                                                                                                                ;
+----------------+-------+-------------------------------------------------------------------------------------------------------------------------------------------------------------------------------------------------------------------------------------------------------------------------------------------------------------------------------------------------------------------------------------+
; depth          ; 2     ; Signed Integer                                                                                                                                                                                                                                                                                                                                                                      ;
+----------------+-------+-------------------------------------------------------------------------------------------------------------------------------------------------------------------------------------------------------------------------------------------------------------------------------------------------------------------------------------------------------------------------------------+
Note: In order to hide this table in the UI and the text report file, please set the "Show Parameter Settings in Synthesis Report" option in "Analysis and Synthesis Settings -> More Settings" to "Off".


+--------------------------------------------------------------------------------------------------------------------------------------------------------------------------------------------------------------------------------------------------------------------------------------------------------------------------------------------------------------------------------------------------------------+
; Parameter Settings for User Entity Instance: reloj_soc:dut|reloj_soc_NIOSII:niosii|reloj_soc_NIOSII_cpu:cpu|reloj_soc_NIOSII_cpu_nios2_oci:the_reloj_soc_NIOSII_cpu_nios2_oci|reloj_soc_NIOSII_cpu_debug_slave_wrapper:the_reloj_soc_NIOSII_cpu_debug_slave_wrapper|reloj_soc_NIOSII_cpu_debug_slave_sysclk:the_reloj_soc_NIOSII_cpu_debug_slave_sysclk|altera_std_synchronizer:the_altera_std_synchronizer4 ;
+----------------+-------+-------------------------------------------------------------------------------------------------------------------------------------------------------------------------------------------------------------------------------------------------------------------------------------------------------------------------------------------------------------------------------------+
; Parameter Name ; Value ; Type                                                                                                                                                                                                                                                                                                                                                                                ;
+----------------+-------+-------------------------------------------------------------------------------------------------------------------------------------------------------------------------------------------------------------------------------------------------------------------------------------------------------------------------------------------------------------------------------------+
; depth          ; 2     ; Signed Integer                                                                                                                                                                                                                                                                                                                                                                      ;
+----------------+-------+-------------------------------------------------------------------------------------------------------------------------------------------------------------------------------------------------------------------------------------------------------------------------------------------------------------------------------------------------------------------------------------+
Note: In order to hide this table in the UI and the text report file, please set the "Show Parameter Settings in Synthesis Report" option in "Analysis and Synthesis Settings -> More Settings" to "Off".


+---------------------------------------------------------------------------------------------------------------------------------------------------------------------------------------------------------------------------------------------------------------------------------------------------------------------------------+
; Parameter Settings for User Entity Instance: reloj_soc:dut|reloj_soc_NIOSII:niosii|reloj_soc_NIOSII_cpu:cpu|reloj_soc_NIOSII_cpu_nios2_oci:the_reloj_soc_NIOSII_cpu_nios2_oci|reloj_soc_NIOSII_cpu_debug_slave_wrapper:the_reloj_soc_NIOSII_cpu_debug_slave_wrapper|sld_virtual_jtag_basic:reloj_soc_NIOSII_cpu_debug_slave_phy ;
+-------------------------+------------------------+------------------------------------------------------------------------------------------------------------------------------------------------------------------------------------------------------------------------------------------------------------------------------+
; Parameter Name          ; Value                  ; Type                                                                                                                                                                                                                                                                         ;
+-------------------------+------------------------+------------------------------------------------------------------------------------------------------------------------------------------------------------------------------------------------------------------------------------------------------------------------------+
; sld_mfg_id              ; 70                     ; Signed Integer                                                                                                                                                                                                                                                               ;
; sld_type_id             ; 34                     ; Signed Integer                                                                                                                                                                                                                                                               ;
; sld_version             ; 3                      ; Signed Integer                                                                                                                                                                                                                                                               ;
; sld_instance_index      ; 0                      ; Signed Integer                                                                                                                                                                                                                                                               ;
; sld_auto_instance_index ; YES                    ; String                                                                                                                                                                                                                                                                       ;
; sld_ir_width            ; 2                      ; Signed Integer                                                                                                                                                                                                                                                               ;
; sld_sim_n_scan          ; 0                      ; Signed Integer                                                                                                                                                                                                                                                               ;
; sld_sim_action          ;                        ; String                                                                                                                                                                                                                                                                       ;
; sld_sim_total_length    ; 0                      ; Signed Integer                                                                                                                                                                                                                                                               ;
; lpm_type                ; sld_virtual_jtag_basic ; String                                                                                                                                                                                                                                                                       ;
; lpm_hint                ; UNUSED                 ; String                                                                                                                                                                                                                                                                       ;
+-------------------------+------------------------+------------------------------------------------------------------------------------------------------------------------------------------------------------------------------------------------------------------------------------------------------------------------------+
Note: In order to hide this table in the UI and the text report file, please set the "Show Parameter Settings in Synthesis Report" option in "Analysis and Synthesis Settings -> More Settings" to "Off".


+------------------------------------------------------------------------------+
; Parameter Settings for User Entity Instance: reloj_soc:dut|reloj_soc_RAM:ram ;
+----------------+-------------------+-----------------------------------------+
; Parameter Name ; Value             ; Type                                    ;
+----------------+-------------------+-----------------------------------------+
; INIT_FILE      ; reloj_soc_RAM.hex ; String                                  ;
+----------------+-------------------+-----------------------------------------+
Note: In order to hide this table in the UI and the text report file, please set the "Show Parameter Settings in Synthesis Report" option in "Analysis and Synthesis Settings -> More Settings" to "Off".


+--------------------------------------------------------------------------------------------------------+
; Parameter Settings for User Entity Instance: reloj_soc:dut|reloj_soc_RAM:ram|altsyncram:the_altsyncram ;
+------------------------------------+----------------------+--------------------------------------------+
; Parameter Name                     ; Value                ; Type                                       ;
+------------------------------------+----------------------+--------------------------------------------+
; BYTE_SIZE_BLOCK                    ; 8                    ; Untyped                                    ;
; AUTO_CARRY_CHAINS                  ; ON                   ; AUTO_CARRY                                 ;
; IGNORE_CARRY_BUFFERS               ; OFF                  ; IGNORE_CARRY                               ;
; AUTO_CASCADE_CHAINS                ; ON                   ; AUTO_CASCADE                               ;
; IGNORE_CASCADE_BUFFERS             ; OFF                  ; IGNORE_CASCADE                             ;
; WIDTH_BYTEENA                      ; 1                    ; Untyped                                    ;
; OPERATION_MODE                     ; SINGLE_PORT          ; Untyped                                    ;
; WIDTH_A                            ; 32                   ; Signed Integer                             ;
; WIDTHAD_A                          ; 11                   ; Signed Integer                             ;
; NUMWORDS_A                         ; 2048                 ; Signed Integer                             ;
; OUTDATA_REG_A                      ; UNREGISTERED         ; Untyped                                    ;
; ADDRESS_ACLR_A                     ; NONE                 ; Untyped                                    ;
; OUTDATA_ACLR_A                     ; NONE                 ; Untyped                                    ;
; WRCONTROL_ACLR_A                   ; NONE                 ; Untyped                                    ;
; INDATA_ACLR_A                      ; NONE                 ; Untyped                                    ;
; BYTEENA_ACLR_A                     ; NONE                 ; Untyped                                    ;
; WIDTH_B                            ; 1                    ; Untyped                                    ;
; WIDTHAD_B                          ; 1                    ; Untyped                                    ;
; NUMWORDS_B                         ; 1                    ; Untyped                                    ;
; INDATA_REG_B                       ; CLOCK1               ; Untyped                                    ;
; WRCONTROL_WRADDRESS_REG_B          ; CLOCK1               ; Untyped                                    ;
; RDCONTROL_REG_B                    ; CLOCK1               ; Untyped                                    ;
; ADDRESS_REG_B                      ; CLOCK1               ; Untyped                                    ;
; OUTDATA_REG_B                      ; UNREGISTERED         ; Untyped                                    ;
; BYTEENA_REG_B                      ; CLOCK1               ; Untyped                                    ;
; INDATA_ACLR_B                      ; NONE                 ; Untyped                                    ;
; WRCONTROL_ACLR_B                   ; NONE                 ; Untyped                                    ;
; ADDRESS_ACLR_B                     ; NONE                 ; Untyped                                    ;
; OUTDATA_ACLR_B                     ; NONE                 ; Untyped                                    ;
; RDCONTROL_ACLR_B                   ; NONE                 ; Untyped                                    ;
; BYTEENA_ACLR_B                     ; NONE                 ; Untyped                                    ;
; WIDTH_BYTEENA_A                    ; 4                    ; Signed Integer                             ;
; WIDTH_BYTEENA_B                    ; 1                    ; Untyped                                    ;
; RAM_BLOCK_TYPE                     ; AUTO                 ; Untyped                                    ;
; BYTE_SIZE                          ; 8                    ; Signed Integer                             ;
; READ_DURING_WRITE_MODE_MIXED_PORTS ; DONT_CARE            ; Untyped                                    ;
; READ_DURING_WRITE_MODE_PORT_A      ; DONT_CARE            ; Untyped                                    ;
; READ_DURING_WRITE_MODE_PORT_B      ; NEW_DATA_NO_NBE_READ ; Untyped                                    ;
; INIT_FILE                          ; reloj_soc_RAM.hex    ; Untyped                                    ;
; INIT_FILE_LAYOUT                   ; PORT_A               ; Untyped                                    ;
; MAXIMUM_DEPTH                      ; 2048                 ; Signed Integer                             ;
; CLOCK_ENABLE_INPUT_A               ; NORMAL               ; Untyped                                    ;
; CLOCK_ENABLE_INPUT_B               ; NORMAL               ; Untyped                                    ;
; CLOCK_ENABLE_OUTPUT_A              ; NORMAL               ; Untyped                                    ;
; CLOCK_ENABLE_OUTPUT_B              ; NORMAL               ; Untyped                                    ;
; CLOCK_ENABLE_CORE_A                ; USE_INPUT_CLKEN      ; Untyped                                    ;
; CLOCK_ENABLE_CORE_B                ; USE_INPUT_CLKEN      ; Untyped                                    ;
; ENABLE_ECC                         ; FALSE                ; Untyped                                    ;
; ECC_PIPELINE_STAGE_ENABLED         ; FALSE                ; Untyped                                    ;
; WIDTH_ECCSTATUS                    ; 3                    ; Untyped                                    ;
; DEVICE_FAMILY                      ; Cyclone V            ; Untyped                                    ;
; CBXI_PARAMETER                     ; altsyncram_bam1      ; Untyped                                    ;
+------------------------------------+----------------------+--------------------------------------------+
Note: In order to hide this table in the UI and the text report file, please set the "Show Parameter Settings in Synthesis Report" option in "Analysis and Synthesis Settings -> More Settings" to "Off".


+-------------------------------------------------------------------------------------------------------------------------------------------------+
; Parameter Settings for User Entity Instance: reloj_soc:dut|reloj_soc_UART:uart|reloj_soc_UART_scfifo_w:the_reloj_soc_UART_scfifo_w|scfifo:wfifo ;
+-------------------------+-------------+---------------------------------------------------------------------------------------------------------+
; Parameter Name          ; Value       ; Type                                                                                                    ;
+-------------------------+-------------+---------------------------------------------------------------------------------------------------------+
; AUTO_CARRY_CHAINS       ; ON          ; AUTO_CARRY                                                                                              ;
; IGNORE_CARRY_BUFFERS    ; OFF         ; IGNORE_CARRY                                                                                            ;
; AUTO_CASCADE_CHAINS     ; ON          ; AUTO_CASCADE                                                                                            ;
; IGNORE_CASCADE_BUFFERS  ; OFF         ; IGNORE_CASCADE                                                                                          ;
; lpm_width               ; 8           ; Signed Integer                                                                                          ;
; LPM_NUMWORDS            ; 64          ; Signed Integer                                                                                          ;
; LPM_WIDTHU              ; 6           ; Signed Integer                                                                                          ;
; LPM_SHOWAHEAD           ; OFF         ; Untyped                                                                                                 ;
; UNDERFLOW_CHECKING      ; OFF         ; Untyped                                                                                                 ;
; OVERFLOW_CHECKING       ; OFF         ; Untyped                                                                                                 ;
; ALLOW_RWCYCLE_WHEN_FULL ; OFF         ; Untyped                                                                                                 ;
; ADD_RAM_OUTPUT_REGISTER ; OFF         ; Untyped                                                                                                 ;
; ALMOST_FULL_VALUE       ; 0           ; Untyped                                                                                                 ;
; ALMOST_EMPTY_VALUE      ; 0           ; Untyped                                                                                                 ;
; ENABLE_ECC              ; FALSE       ; Untyped                                                                                                 ;
; USE_EAB                 ; ON          ; Untyped                                                                                                 ;
; MAXIMIZE_SPEED          ; 5           ; Untyped                                                                                                 ;
; DEVICE_FAMILY           ; Cyclone V   ; Untyped                                                                                                 ;
; OPTIMIZE_FOR_SPEED      ; 5           ; Untyped                                                                                                 ;
; CBXI_PARAMETER          ; scfifo_3291 ; Untyped                                                                                                 ;
+-------------------------+-------------+---------------------------------------------------------------------------------------------------------+
Note: In order to hide this table in the UI and the text report file, please set the "Show Parameter Settings in Synthesis Report" option in "Analysis and Synthesis Settings -> More Settings" to "Off".


+-------------------------------------------------------------------------------------------------------------------------------------------------+
; Parameter Settings for User Entity Instance: reloj_soc:dut|reloj_soc_UART:uart|reloj_soc_UART_scfifo_r:the_reloj_soc_UART_scfifo_r|scfifo:rfifo ;
+-------------------------+-------------+---------------------------------------------------------------------------------------------------------+
; Parameter Name          ; Value       ; Type                                                                                                    ;
+-------------------------+-------------+---------------------------------------------------------------------------------------------------------+
; AUTO_CARRY_CHAINS       ; ON          ; AUTO_CARRY                                                                                              ;
; IGNORE_CARRY_BUFFERS    ; OFF         ; IGNORE_CARRY                                                                                            ;
; AUTO_CASCADE_CHAINS     ; ON          ; AUTO_CASCADE                                                                                            ;
; IGNORE_CASCADE_BUFFERS  ; OFF         ; IGNORE_CASCADE                                                                                          ;
; lpm_width               ; 8           ; Signed Integer                                                                                          ;
; LPM_NUMWORDS            ; 64          ; Signed Integer                                                                                          ;
; LPM_WIDTHU              ; 6           ; Signed Integer                                                                                          ;
; LPM_SHOWAHEAD           ; OFF         ; Untyped                                                                                                 ;
; UNDERFLOW_CHECKING      ; OFF         ; Untyped                                                                                                 ;
; OVERFLOW_CHECKING       ; OFF         ; Untyped                                                                                                 ;
; ALLOW_RWCYCLE_WHEN_FULL ; OFF         ; Untyped                                                                                                 ;
; ADD_RAM_OUTPUT_REGISTER ; OFF         ; Untyped                                                                                                 ;
; ALMOST_FULL_VALUE       ; 0           ; Untyped                                                                                                 ;
; ALMOST_EMPTY_VALUE      ; 0           ; Untyped                                                                                                 ;
; ENABLE_ECC              ; FALSE       ; Untyped                                                                                                 ;
; USE_EAB                 ; ON          ; Untyped                                                                                                 ;
; MAXIMIZE_SPEED          ; 5           ; Untyped                                                                                                 ;
; DEVICE_FAMILY           ; Cyclone V   ; Untyped                                                                                                 ;
; OPTIMIZE_FOR_SPEED      ; 5           ; Untyped                                                                                                 ;
; CBXI_PARAMETER          ; scfifo_3291 ; Untyped                                                                                                 ;
+-------------------------+-------------+---------------------------------------------------------------------------------------------------------+
Note: In order to hide this table in the UI and the text report file, please set the "Show Parameter Settings in Synthesis Report" option in "Analysis and Synthesis Settings -> More Settings" to "Off".


+------------------------------------------------------------------------------------------------------------------------------------------+
; Parameter Settings for User Entity Instance: reloj_soc:dut|reloj_soc_audio_0:audio_0|altera_up_audio_out_serializer:Audio_Out_Serializer ;
+----------------+-------+-----------------------------------------------------------------------------------------------------------------+
; Parameter Name ; Value ; Type                                                                                                            ;
+----------------+-------+-----------------------------------------------------------------------------------------------------------------+
; DW             ; 15    ; Signed Integer                                                                                                  ;
+----------------+-------+-----------------------------------------------------------------------------------------------------------------+
Note: In order to hide this table in the UI and the text report file, please set the "Show Parameter Settings in Synthesis Report" option in "Analysis and Synthesis Settings -> More Settings" to "Off".


+------------------------------------------------------------------------------------------------------------------------------------------------------------------------------------------+
; Parameter Settings for User Entity Instance: reloj_soc:dut|reloj_soc_audio_0:audio_0|altera_up_audio_out_serializer:Audio_Out_Serializer|altera_up_sync_fifo:Audio_Out_Left_Channel_FIFO ;
+----------------+-------+-----------------------------------------------------------------------------------------------------------------------------------------------------------------+
; Parameter Name ; Value ; Type                                                                                                                                                            ;
+----------------+-------+-----------------------------------------------------------------------------------------------------------------------------------------------------------------+
; DW             ; 15    ; Signed Integer                                                                                                                                                  ;
; DATA_DEPTH     ; 128   ; Signed Integer                                                                                                                                                  ;
; AW             ; 6     ; Signed Integer                                                                                                                                                  ;
+----------------+-------+-----------------------------------------------------------------------------------------------------------------------------------------------------------------+
Note: In order to hide this table in the UI and the text report file, please set the "Show Parameter Settings in Synthesis Report" option in "Analysis and Synthesis Settings -> More Settings" to "Off".


+-----------------------------------------------------------------------------------------------------------------------------------------------------------------------------------------------------------+
; Parameter Settings for User Entity Instance: reloj_soc:dut|reloj_soc_audio_0:audio_0|altera_up_audio_out_serializer:Audio_Out_Serializer|altera_up_sync_fifo:Audio_Out_Left_Channel_FIFO|scfifo:Sync_FIFO ;
+-------------------------+-------------+-------------------------------------------------------------------------------------------------------------------------------------------------------------------+
; Parameter Name          ; Value       ; Type                                                                                                                                                              ;
+-------------------------+-------------+-------------------------------------------------------------------------------------------------------------------------------------------------------------------+
; AUTO_CARRY_CHAINS       ; ON          ; AUTO_CARRY                                                                                                                                                        ;
; IGNORE_CARRY_BUFFERS    ; OFF         ; IGNORE_CARRY                                                                                                                                                      ;
; AUTO_CASCADE_CHAINS     ; ON          ; AUTO_CASCADE                                                                                                                                                      ;
; IGNORE_CASCADE_BUFFERS  ; OFF         ; IGNORE_CASCADE                                                                                                                                                    ;
; lpm_width               ; 16          ; Signed Integer                                                                                                                                                    ;
; LPM_NUMWORDS            ; 128         ; Signed Integer                                                                                                                                                    ;
; LPM_WIDTHU              ; 7           ; Signed Integer                                                                                                                                                    ;
; LPM_SHOWAHEAD           ; ON          ; Untyped                                                                                                                                                           ;
; UNDERFLOW_CHECKING      ; OFF         ; Untyped                                                                                                                                                           ;
; OVERFLOW_CHECKING       ; OFF         ; Untyped                                                                                                                                                           ;
; ALLOW_RWCYCLE_WHEN_FULL ; OFF         ; Untyped                                                                                                                                                           ;
; ADD_RAM_OUTPUT_REGISTER ; OFF         ; Untyped                                                                                                                                                           ;
; ALMOST_FULL_VALUE       ; 0           ; Untyped                                                                                                                                                           ;
; ALMOST_EMPTY_VALUE      ; 0           ; Untyped                                                                                                                                                           ;
; ENABLE_ECC              ; FALSE       ; Untyped                                                                                                                                                           ;
; USE_EAB                 ; ON          ; Untyped                                                                                                                                                           ;
; MAXIMIZE_SPEED          ; 5           ; Untyped                                                                                                                                                           ;
; DEVICE_FAMILY           ; Cyclone V   ; Untyped                                                                                                                                                           ;
; OPTIMIZE_FOR_SPEED      ; 5           ; Untyped                                                                                                                                                           ;
; CBXI_PARAMETER          ; scfifo_9ba1 ; Untyped                                                                                                                                                           ;
+-------------------------+-------------+-------------------------------------------------------------------------------------------------------------------------------------------------------------------+
Note: In order to hide this table in the UI and the text report file, please set the "Show Parameter Settings in Synthesis Report" option in "Analysis and Synthesis Settings -> More Settings" to "Off".


+-------------------------------------------------------------------------------------------------------------------------------------------------------------------------------------------+
; Parameter Settings for User Entity Instance: reloj_soc:dut|reloj_soc_audio_0:audio_0|altera_up_audio_out_serializer:Audio_Out_Serializer|altera_up_sync_fifo:Audio_Out_Right_Channel_FIFO ;
+----------------+-------+------------------------------------------------------------------------------------------------------------------------------------------------------------------+
; Parameter Name ; Value ; Type                                                                                                                                                             ;
+----------------+-------+------------------------------------------------------------------------------------------------------------------------------------------------------------------+
; DW             ; 15    ; Signed Integer                                                                                                                                                   ;
; DATA_DEPTH     ; 128   ; Signed Integer                                                                                                                                                   ;
; AW             ; 6     ; Signed Integer                                                                                                                                                   ;
+----------------+-------+------------------------------------------------------------------------------------------------------------------------------------------------------------------+
Note: In order to hide this table in the UI and the text report file, please set the "Show Parameter Settings in Synthesis Report" option in "Analysis and Synthesis Settings -> More Settings" to "Off".


+------------------------------------------------------------------------------------------------------------------------------------------------------------------------------------------------------------+
; Parameter Settings for User Entity Instance: reloj_soc:dut|reloj_soc_audio_0:audio_0|altera_up_audio_out_serializer:Audio_Out_Serializer|altera_up_sync_fifo:Audio_Out_Right_Channel_FIFO|scfifo:Sync_FIFO ;
+-------------------------+-------------+--------------------------------------------------------------------------------------------------------------------------------------------------------------------+
; Parameter Name          ; Value       ; Type                                                                                                                                                               ;
+-------------------------+-------------+--------------------------------------------------------------------------------------------------------------------------------------------------------------------+
; AUTO_CARRY_CHAINS       ; ON          ; AUTO_CARRY                                                                                                                                                         ;
; IGNORE_CARRY_BUFFERS    ; OFF         ; IGNORE_CARRY                                                                                                                                                       ;
; AUTO_CASCADE_CHAINS     ; ON          ; AUTO_CASCADE                                                                                                                                                       ;
; IGNORE_CASCADE_BUFFERS  ; OFF         ; IGNORE_CASCADE                                                                                                                                                     ;
; lpm_width               ; 16          ; Signed Integer                                                                                                                                                     ;
; LPM_NUMWORDS            ; 128         ; Signed Integer                                                                                                                                                     ;
; LPM_WIDTHU              ; 7           ; Signed Integer                                                                                                                                                     ;
; LPM_SHOWAHEAD           ; ON          ; Untyped                                                                                                                                                            ;
; UNDERFLOW_CHECKING      ; OFF         ; Untyped                                                                                                                                                            ;
; OVERFLOW_CHECKING       ; OFF         ; Untyped                                                                                                                                                            ;
; ALLOW_RWCYCLE_WHEN_FULL ; OFF         ; Untyped                                                                                                                                                            ;
; ADD_RAM_OUTPUT_REGISTER ; OFF         ; Untyped                                                                                                                                                            ;
; ALMOST_FULL_VALUE       ; 0           ; Untyped                                                                                                                                                            ;
; ALMOST_EMPTY_VALUE      ; 0           ; Untyped                                                                                                                                                            ;
; ENABLE_ECC              ; FALSE       ; Untyped                                                                                                                                                            ;
; USE_EAB                 ; ON          ; Untyped                                                                                                                                                            ;
; MAXIMIZE_SPEED          ; 5           ; Untyped                                                                                                                                                            ;
; DEVICE_FAMILY           ; Cyclone V   ; Untyped                                                                                                                                                            ;
; OPTIMIZE_FOR_SPEED      ; 5           ; Untyped                                                                                                                                                            ;
; CBXI_PARAMETER          ; scfifo_9ba1 ; Untyped                                                                                                                                                            ;
+-------------------------+-------------+--------------------------------------------------------------------------------------------------------------------------------------------------------------------+
Note: In order to hide this table in the UI and the text report file, please set the "Show Parameter Settings in Synthesis Report" option in "Analysis and Synthesis Settings -> More Settings" to "Off".


+------------------------------------------------------------------------------------------------------------------------------------------------------------------------+
; Parameter Settings for User Entity Instance: reloj_soc:dut|reloj_soc_mm_interconnect_0:mm_interconnect_0|altera_merlin_master_translator:niosii_data_master_translator ;
+-----------------------------+-------+----------------------------------------------------------------------------------------------------------------------------------+
; Parameter Name              ; Value ; Type                                                                                                                             ;
+-----------------------------+-------+----------------------------------------------------------------------------------------------------------------------------------+
; AV_ADDRESS_W                ; 15    ; Signed Integer                                                                                                                   ;
; AV_DATA_W                   ; 32    ; Signed Integer                                                                                                                   ;
; AV_BURSTCOUNT_W             ; 1     ; Signed Integer                                                                                                                   ;
; AV_BYTEENABLE_W             ; 4     ; Signed Integer                                                                                                                   ;
; UAV_ADDRESS_W               ; 15    ; Signed Integer                                                                                                                   ;
; UAV_BURSTCOUNT_W            ; 3     ; Signed Integer                                                                                                                   ;
; USE_BURSTCOUNT              ; 0     ; Signed Integer                                                                                                                   ;
; USE_BEGINBURSTTRANSFER      ; 0     ; Signed Integer                                                                                                                   ;
; USE_BEGINTRANSFER           ; 0     ; Signed Integer                                                                                                                   ;
; USE_CHIPSELECT              ; 0     ; Signed Integer                                                                                                                   ;
; USE_READ                    ; 1     ; Signed Integer                                                                                                                   ;
; USE_READDATAVALID           ; 0     ; Signed Integer                                                                                                                   ;
; USE_WRITE                   ; 1     ; Signed Integer                                                                                                                   ;
; USE_WAITREQUEST             ; 1     ; Signed Integer                                                                                                                   ;
; USE_WRITERESPONSE           ; 0     ; Signed Integer                                                                                                                   ;
; USE_READRESPONSE            ; 0     ; Signed Integer                                                                                                                   ;
; AV_REGISTERINCOMINGSIGNALS  ; 1     ; Signed Integer                                                                                                                   ;
; AV_SYMBOLS_PER_WORD         ; 4     ; Signed Integer                                                                                                                   ;
; AV_ADDRESS_SYMBOLS          ; 1     ; Signed Integer                                                                                                                   ;
; AV_CONSTANT_BURST_BEHAVIOR  ; 0     ; Signed Integer                                                                                                                   ;
; UAV_CONSTANT_BURST_BEHAVIOR ; 0     ; Signed Integer                                                                                                                   ;
; AV_BURSTCOUNT_SYMBOLS       ; 0     ; Signed Integer                                                                                                                   ;
; AV_LINEWRAPBURSTS           ; 0     ; Signed Integer                                                                                                                   ;
+-----------------------------+-------+----------------------------------------------------------------------------------------------------------------------------------+
Note: In order to hide this table in the UI and the text report file, please set the "Show Parameter Settings in Synthesis Report" option in "Analysis and Synthesis Settings -> More Settings" to "Off".


+-------------------------------------------------------------------------------------------------------------------------------------------------------------------------------+
; Parameter Settings for User Entity Instance: reloj_soc:dut|reloj_soc_mm_interconnect_0:mm_interconnect_0|altera_merlin_master_translator:niosii_instruction_master_translator ;
+-----------------------------+-------+-----------------------------------------------------------------------------------------------------------------------------------------+
; Parameter Name              ; Value ; Type                                                                                                                                    ;
+-----------------------------+-------+-----------------------------------------------------------------------------------------------------------------------------------------+
; AV_ADDRESS_W                ; 15    ; Signed Integer                                                                                                                          ;
; AV_DATA_W                   ; 32    ; Signed Integer                                                                                                                          ;
; AV_BURSTCOUNT_W             ; 1     ; Signed Integer                                                                                                                          ;
; AV_BYTEENABLE_W             ; 4     ; Signed Integer                                                                                                                          ;
; UAV_ADDRESS_W               ; 15    ; Signed Integer                                                                                                                          ;
; UAV_BURSTCOUNT_W            ; 3     ; Signed Integer                                                                                                                          ;
; USE_BURSTCOUNT              ; 0     ; Signed Integer                                                                                                                          ;
; USE_BEGINBURSTTRANSFER      ; 0     ; Signed Integer                                                                                                                          ;
; USE_BEGINTRANSFER           ; 0     ; Signed Integer                                                                                                                          ;
; USE_CHIPSELECT              ; 0     ; Signed Integer                                                                                                                          ;
; USE_READ                    ; 1     ; Signed Integer                                                                                                                          ;
; USE_READDATAVALID           ; 0     ; Signed Integer                                                                                                                          ;
; USE_WRITE                   ; 0     ; Signed Integer                                                                                                                          ;
; USE_WAITREQUEST             ; 1     ; Signed Integer                                                                                                                          ;
; USE_WRITERESPONSE           ; 0     ; Signed Integer                                                                                                                          ;
; USE_READRESPONSE            ; 0     ; Signed Integer                                                                                                                          ;
; AV_REGISTERINCOMINGSIGNALS  ; 0     ; Signed Integer                                                                                                                          ;
; AV_SYMBOLS_PER_WORD         ; 4     ; Signed Integer                                                                                                                          ;
; AV_ADDRESS_SYMBOLS          ; 1     ; Signed Integer                                                                                                                          ;
; AV_CONSTANT_BURST_BEHAVIOR  ; 0     ; Signed Integer                                                                                                                          ;
; UAV_CONSTANT_BURST_BEHAVIOR ; 0     ; Signed Integer                                                                                                                          ;
; AV_BURSTCOUNT_SYMBOLS       ; 0     ; Signed Integer                                                                                                                          ;
; AV_LINEWRAPBURSTS           ; 1     ; Signed Integer                                                                                                                          ;
+-----------------------------+-------+-----------------------------------------------------------------------------------------------------------------------------------------+
Note: In order to hide this table in the UI and the text report file, please set the "Show Parameter Settings in Synthesis Report" option in "Analysis and Synthesis Settings -> More Settings" to "Off".


+-------------------------------------------------------------------------------------------------------------------------------------------------------------------------------+
; Parameter Settings for User Entity Instance: reloj_soc:dut|reloj_soc_mm_interconnect_0:mm_interconnect_0|altera_merlin_slave_translator:audio_0_avalon_audio_slave_translator ;
+--------------------------------+-------+--------------------------------------------------------------------------------------------------------------------------------------+
; Parameter Name                 ; Value ; Type                                                                                                                                 ;
+--------------------------------+-------+--------------------------------------------------------------------------------------------------------------------------------------+
; AV_ADDRESS_W                   ; 2     ; Signed Integer                                                                                                                       ;
; AV_DATA_W                      ; 32    ; Signed Integer                                                                                                                       ;
; AV_BURSTCOUNT_W                ; 1     ; Signed Integer                                                                                                                       ;
; AV_BYTEENABLE_W                ; 4     ; Signed Integer                                                                                                                       ;
; UAV_BYTEENABLE_W               ; 4     ; Signed Integer                                                                                                                       ;
; AV_READLATENCY                 ; 1     ; Signed Integer                                                                                                                       ;
; AV_READ_WAIT_CYCLES            ; 0     ; Signed Integer                                                                                                                       ;
; AV_WRITE_WAIT_CYCLES           ; 0     ; Signed Integer                                                                                                                       ;
; AV_SETUP_WAIT_CYCLES           ; 0     ; Signed Integer                                                                                                                       ;
; AV_DATA_HOLD_CYCLES            ; 0     ; Signed Integer                                                                                                                       ;
; USE_READDATAVALID              ; 0     ; Signed Integer                                                                                                                       ;
; USE_WAITREQUEST                ; 0     ; Signed Integer                                                                                                                       ;
; USE_READRESPONSE               ; 0     ; Signed Integer                                                                                                                       ;
; USE_WRITERESPONSE              ; 0     ; Signed Integer                                                                                                                       ;
; AV_SYMBOLS_PER_WORD            ; 4     ; Signed Integer                                                                                                                       ;
; AV_ADDRESS_SYMBOLS             ; 0     ; Signed Integer                                                                                                                       ;
; AV_BURSTCOUNT_SYMBOLS          ; 0     ; Signed Integer                                                                                                                       ;
; BITS_PER_WORD                  ; 2     ; Signed Integer                                                                                                                       ;
; UAV_ADDRESS_W                  ; 15    ; Signed Integer                                                                                                                       ;
; UAV_BURSTCOUNT_W               ; 3     ; Signed Integer                                                                                                                       ;
; UAV_DATA_W                     ; 32    ; Signed Integer                                                                                                                       ;
; AV_CONSTANT_BURST_BEHAVIOR     ; 0     ; Signed Integer                                                                                                                       ;
; UAV_CONSTANT_BURST_BEHAVIOR    ; 0     ; Signed Integer                                                                                                                       ;
; CHIPSELECT_THROUGH_READLATENCY ; 0     ; Signed Integer                                                                                                                       ;
; USE_UAV_CLKEN                  ; 0     ; Signed Integer                                                                                                                       ;
; AV_REQUIRE_UNALIGNED_ADDRESSES ; 0     ; Signed Integer                                                                                                                       ;
+--------------------------------+-------+--------------------------------------------------------------------------------------------------------------------------------------+
Note: In order to hide this table in the UI and the text report file, please set the "Show Parameter Settings in Synthesis Report" option in "Analysis and Synthesis Settings -> More Settings" to "Off".


+---------------------------------------------------------------------------------------------------------------------------------------------------------------------------+
; Parameter Settings for User Entity Instance: reloj_soc:dut|reloj_soc_mm_interconnect_0:mm_interconnect_0|altera_merlin_slave_translator:uart_avalon_jtag_slave_translator ;
+--------------------------------+-------+----------------------------------------------------------------------------------------------------------------------------------+
; Parameter Name                 ; Value ; Type                                                                                                                             ;
+--------------------------------+-------+----------------------------------------------------------------------------------------------------------------------------------+
; AV_ADDRESS_W                   ; 1     ; Signed Integer                                                                                                                   ;
; AV_DATA_W                      ; 32    ; Signed Integer                                                                                                                   ;
; AV_BURSTCOUNT_W                ; 1     ; Signed Integer                                                                                                                   ;
; AV_BYTEENABLE_W                ; 1     ; Signed Integer                                                                                                                   ;
; UAV_BYTEENABLE_W               ; 4     ; Signed Integer                                                                                                                   ;
; AV_READLATENCY                 ; 0     ; Signed Integer                                                                                                                   ;
; AV_READ_WAIT_CYCLES            ; 1     ; Signed Integer                                                                                                                   ;
; AV_WRITE_WAIT_CYCLES           ; 0     ; Signed Integer                                                                                                                   ;
; AV_SETUP_WAIT_CYCLES           ; 0     ; Signed Integer                                                                                                                   ;
; AV_DATA_HOLD_CYCLES            ; 0     ; Signed Integer                                                                                                                   ;
; USE_READDATAVALID              ; 0     ; Signed Integer                                                                                                                   ;
; USE_WAITREQUEST                ; 1     ; Signed Integer                                                                                                                   ;
; USE_READRESPONSE               ; 0     ; Signed Integer                                                                                                                   ;
; USE_WRITERESPONSE              ; 0     ; Signed Integer                                                                                                                   ;
; AV_SYMBOLS_PER_WORD            ; 4     ; Signed Integer                                                                                                                   ;
; AV_ADDRESS_SYMBOLS             ; 0     ; Signed Integer                                                                                                                   ;
; AV_BURSTCOUNT_SYMBOLS          ; 0     ; Signed Integer                                                                                                                   ;
; BITS_PER_WORD                  ; 2     ; Signed Integer                                                                                                                   ;
; UAV_ADDRESS_W                  ; 15    ; Signed Integer                                                                                                                   ;
; UAV_BURSTCOUNT_W               ; 3     ; Signed Integer                                                                                                                   ;
; UAV_DATA_W                     ; 32    ; Signed Integer                                                                                                                   ;
; AV_CONSTANT_BURST_BEHAVIOR     ; 0     ; Signed Integer                                                                                                                   ;
; UAV_CONSTANT_BURST_BEHAVIOR    ; 0     ; Signed Integer                                                                                                                   ;
; CHIPSELECT_THROUGH_READLATENCY ; 0     ; Signed Integer                                                                                                                   ;
; USE_UAV_CLKEN                  ; 0     ; Signed Integer                                                                                                                   ;
; AV_REQUIRE_UNALIGNED_ADDRESSES ; 0     ; Signed Integer                                                                                                                   ;
+--------------------------------+-------+----------------------------------------------------------------------------------------------------------------------------------+
Note: In order to hide this table in the UI and the text report file, please set the "Show Parameter Settings in Synthesis Report" option in "Analysis and Synthesis Settings -> More Settings" to "Off".


+---------------------------------------------------------------------------------------------------------------------------------------------------------------------------+
; Parameter Settings for User Entity Instance: reloj_soc:dut|reloj_soc_mm_interconnect_0:mm_interconnect_0|altera_merlin_slave_translator:niosii_debug_mem_slave_translator ;
+--------------------------------+-------+----------------------------------------------------------------------------------------------------------------------------------+
; Parameter Name                 ; Value ; Type                                                                                                                             ;
+--------------------------------+-------+----------------------------------------------------------------------------------------------------------------------------------+
; AV_ADDRESS_W                   ; 9     ; Signed Integer                                                                                                                   ;
; AV_DATA_W                      ; 32    ; Signed Integer                                                                                                                   ;
; AV_BURSTCOUNT_W                ; 1     ; Signed Integer                                                                                                                   ;
; AV_BYTEENABLE_W                ; 4     ; Signed Integer                                                                                                                   ;
; UAV_BYTEENABLE_W               ; 4     ; Signed Integer                                                                                                                   ;
; AV_READLATENCY                 ; 0     ; Signed Integer                                                                                                                   ;
; AV_READ_WAIT_CYCLES            ; 1     ; Signed Integer                                                                                                                   ;
; AV_WRITE_WAIT_CYCLES           ; 0     ; Signed Integer                                                                                                                   ;
; AV_SETUP_WAIT_CYCLES           ; 0     ; Signed Integer                                                                                                                   ;
; AV_DATA_HOLD_CYCLES            ; 0     ; Signed Integer                                                                                                                   ;
; USE_READDATAVALID              ; 0     ; Signed Integer                                                                                                                   ;
; USE_WAITREQUEST                ; 1     ; Signed Integer                                                                                                                   ;
; USE_READRESPONSE               ; 0     ; Signed Integer                                                                                                                   ;
; USE_WRITERESPONSE              ; 0     ; Signed Integer                                                                                                                   ;
; AV_SYMBOLS_PER_WORD            ; 4     ; Signed Integer                                                                                                                   ;
; AV_ADDRESS_SYMBOLS             ; 0     ; Signed Integer                                                                                                                   ;
; AV_BURSTCOUNT_SYMBOLS          ; 0     ; Signed Integer                                                                                                                   ;
; BITS_PER_WORD                  ; 2     ; Signed Integer                                                                                                                   ;
; UAV_ADDRESS_W                  ; 15    ; Signed Integer                                                                                                                   ;
; UAV_BURSTCOUNT_W               ; 3     ; Signed Integer                                                                                                                   ;
; UAV_DATA_W                     ; 32    ; Signed Integer                                                                                                                   ;
; AV_CONSTANT_BURST_BEHAVIOR     ; 0     ; Signed Integer                                                                                                                   ;
; UAV_CONSTANT_BURST_BEHAVIOR    ; 0     ; Signed Integer                                                                                                                   ;
; CHIPSELECT_THROUGH_READLATENCY ; 0     ; Signed Integer                                                                                                                   ;
; USE_UAV_CLKEN                  ; 0     ; Signed Integer                                                                                                                   ;
; AV_REQUIRE_UNALIGNED_ADDRESSES ; 0     ; Signed Integer                                                                                                                   ;
+--------------------------------+-------+----------------------------------------------------------------------------------------------------------------------------------+
Note: In order to hide this table in the UI and the text report file, please set the "Show Parameter Settings in Synthesis Report" option in "Analysis and Synthesis Settings -> More Settings" to "Off".


+-----------------------------------------------------------------------------------------------------------------------------------------------------------+
; Parameter Settings for User Entity Instance: reloj_soc:dut|reloj_soc_mm_interconnect_0:mm_interconnect_0|altera_merlin_slave_translator:ram_s1_translator ;
+--------------------------------+-------+------------------------------------------------------------------------------------------------------------------+
; Parameter Name                 ; Value ; Type                                                                                                             ;
+--------------------------------+-------+------------------------------------------------------------------------------------------------------------------+
; AV_ADDRESS_W                   ; 11    ; Signed Integer                                                                                                   ;
; AV_DATA_W                      ; 32    ; Signed Integer                                                                                                   ;
; AV_BURSTCOUNT_W                ; 1     ; Signed Integer                                                                                                   ;
; AV_BYTEENABLE_W                ; 4     ; Signed Integer                                                                                                   ;
; UAV_BYTEENABLE_W               ; 4     ; Signed Integer                                                                                                   ;
; AV_READLATENCY                 ; 1     ; Signed Integer                                                                                                   ;
; AV_READ_WAIT_CYCLES            ; 0     ; Signed Integer                                                                                                   ;
; AV_WRITE_WAIT_CYCLES           ; 0     ; Signed Integer                                                                                                   ;
; AV_SETUP_WAIT_CYCLES           ; 0     ; Signed Integer                                                                                                   ;
; AV_DATA_HOLD_CYCLES            ; 0     ; Signed Integer                                                                                                   ;
; USE_READDATAVALID              ; 0     ; Signed Integer                                                                                                   ;
; USE_WAITREQUEST                ; 0     ; Signed Integer                                                                                                   ;
; USE_READRESPONSE               ; 0     ; Signed Integer                                                                                                   ;
; USE_WRITERESPONSE              ; 0     ; Signed Integer                                                                                                   ;
; AV_SYMBOLS_PER_WORD            ; 4     ; Signed Integer                                                                                                   ;
; AV_ADDRESS_SYMBOLS             ; 0     ; Signed Integer                                                                                                   ;
; AV_BURSTCOUNT_SYMBOLS          ; 0     ; Signed Integer                                                                                                   ;
; BITS_PER_WORD                  ; 2     ; Signed Integer                                                                                                   ;
; UAV_ADDRESS_W                  ; 15    ; Signed Integer                                                                                                   ;
; UAV_BURSTCOUNT_W               ; 3     ; Signed Integer                                                                                                   ;
; UAV_DATA_W                     ; 32    ; Signed Integer                                                                                                   ;
; AV_CONSTANT_BURST_BEHAVIOR     ; 0     ; Signed Integer                                                                                                   ;
; UAV_CONSTANT_BURST_BEHAVIOR    ; 0     ; Signed Integer                                                                                                   ;
; CHIPSELECT_THROUGH_READLATENCY ; 0     ; Signed Integer                                                                                                   ;
; USE_UAV_CLKEN                  ; 0     ; Signed Integer                                                                                                   ;
; AV_REQUIRE_UNALIGNED_ADDRESSES ; 0     ; Signed Integer                                                                                                   ;
+--------------------------------+-------+------------------------------------------------------------------------------------------------------------------+
Note: In order to hide this table in the UI and the text report file, please set the "Show Parameter Settings in Synthesis Report" option in "Analysis and Synthesis Settings -> More Settings" to "Off".


+----------------------------------------------------------------------------------------------------------------------------------------------------------------+
; Parameter Settings for User Entity Instance: reloj_soc:dut|reloj_soc_mm_interconnect_0:mm_interconnect_0|altera_merlin_slave_translator:reg_leds_s1_translator ;
+--------------------------------+-------+-----------------------------------------------------------------------------------------------------------------------+
; Parameter Name                 ; Value ; Type                                                                                                                  ;
+--------------------------------+-------+-----------------------------------------------------------------------------------------------------------------------+
; AV_ADDRESS_W                   ; 2     ; Signed Integer                                                                                                        ;
; AV_DATA_W                      ; 32    ; Signed Integer                                                                                                        ;
; AV_BURSTCOUNT_W                ; 1     ; Signed Integer                                                                                                        ;
; AV_BYTEENABLE_W                ; 1     ; Signed Integer                                                                                                        ;
; UAV_BYTEENABLE_W               ; 4     ; Signed Integer                                                                                                        ;
; AV_READLATENCY                 ; 0     ; Signed Integer                                                                                                        ;
; AV_READ_WAIT_CYCLES            ; 1     ; Signed Integer                                                                                                        ;
; AV_WRITE_WAIT_CYCLES           ; 0     ; Signed Integer                                                                                                        ;
; AV_SETUP_WAIT_CYCLES           ; 0     ; Signed Integer                                                                                                        ;
; AV_DATA_HOLD_CYCLES            ; 0     ; Signed Integer                                                                                                        ;
; USE_READDATAVALID              ; 0     ; Signed Integer                                                                                                        ;
; USE_WAITREQUEST                ; 0     ; Signed Integer                                                                                                        ;
; USE_READRESPONSE               ; 0     ; Signed Integer                                                                                                        ;
; USE_WRITERESPONSE              ; 0     ; Signed Integer                                                                                                        ;
; AV_SYMBOLS_PER_WORD            ; 4     ; Signed Integer                                                                                                        ;
; AV_ADDRESS_SYMBOLS             ; 0     ; Signed Integer                                                                                                        ;
; AV_BURSTCOUNT_SYMBOLS          ; 0     ; Signed Integer                                                                                                        ;
; BITS_PER_WORD                  ; 2     ; Signed Integer                                                                                                        ;
; UAV_ADDRESS_W                  ; 15    ; Signed Integer                                                                                                        ;
; UAV_BURSTCOUNT_W               ; 3     ; Signed Integer                                                                                                        ;
; UAV_DATA_W                     ; 32    ; Signed Integer                                                                                                        ;
; AV_CONSTANT_BURST_BEHAVIOR     ; 0     ; Signed Integer                                                                                                        ;
; UAV_CONSTANT_BURST_BEHAVIOR    ; 0     ; Signed Integer                                                                                                        ;
; CHIPSELECT_THROUGH_READLATENCY ; 0     ; Signed Integer                                                                                                        ;
; USE_UAV_CLKEN                  ; 0     ; Signed Integer                                                                                                        ;
; AV_REQUIRE_UNALIGNED_ADDRESSES ; 0     ; Signed Integer                                                                                                        ;
+--------------------------------+-------+-----------------------------------------------------------------------------------------------------------------------+
Note: In order to hide this table in the UI and the text report file, please set the "Show Parameter Settings in Synthesis Report" option in "Analysis and Synthesis Settings -> More Settings" to "Off".


+-------------------------------------------------------------------------------------------------------------------------------------------------------------+
; Parameter Settings for User Entity Instance: reloj_soc:dut|reloj_soc_mm_interconnect_0:mm_interconnect_0|altera_merlin_slave_translator:timer_s1_translator ;
+--------------------------------+-------+--------------------------------------------------------------------------------------------------------------------+
; Parameter Name                 ; Value ; Type                                                                                                               ;
+--------------------------------+-------+--------------------------------------------------------------------------------------------------------------------+
; AV_ADDRESS_W                   ; 3     ; Signed Integer                                                                                                     ;
; AV_DATA_W                      ; 16    ; Signed Integer                                                                                                     ;
; AV_BURSTCOUNT_W                ; 1     ; Signed Integer                                                                                                     ;
; AV_BYTEENABLE_W                ; 1     ; Signed Integer                                                                                                     ;
; UAV_BYTEENABLE_W               ; 4     ; Signed Integer                                                                                                     ;
; AV_READLATENCY                 ; 0     ; Signed Integer                                                                                                     ;
; AV_READ_WAIT_CYCLES            ; 1     ; Signed Integer                                                                                                     ;
; AV_WRITE_WAIT_CYCLES           ; 0     ; Signed Integer                                                                                                     ;
; AV_SETUP_WAIT_CYCLES           ; 0     ; Signed Integer                                                                                                     ;
; AV_DATA_HOLD_CYCLES            ; 0     ; Signed Integer                                                                                                     ;
; USE_READDATAVALID              ; 0     ; Signed Integer                                                                                                     ;
; USE_WAITREQUEST                ; 0     ; Signed Integer                                                                                                     ;
; USE_READRESPONSE               ; 0     ; Signed Integer                                                                                                     ;
; USE_WRITERESPONSE              ; 0     ; Signed Integer                                                                                                     ;
; AV_SYMBOLS_PER_WORD            ; 4     ; Signed Integer                                                                                                     ;
; AV_ADDRESS_SYMBOLS             ; 0     ; Signed Integer                                                                                                     ;
; AV_BURSTCOUNT_SYMBOLS          ; 0     ; Signed Integer                                                                                                     ;
; BITS_PER_WORD                  ; 2     ; Signed Integer                                                                                                     ;
; UAV_ADDRESS_W                  ; 15    ; Signed Integer                                                                                                     ;
; UAV_BURSTCOUNT_W               ; 3     ; Signed Integer                                                                                                     ;
; UAV_DATA_W                     ; 32    ; Signed Integer                                                                                                     ;
; AV_CONSTANT_BURST_BEHAVIOR     ; 0     ; Signed Integer                                                                                                     ;
; UAV_CONSTANT_BURST_BEHAVIOR    ; 0     ; Signed Integer                                                                                                     ;
; CHIPSELECT_THROUGH_READLATENCY ; 0     ; Signed Integer                                                                                                     ;
; USE_UAV_CLKEN                  ; 0     ; Signed Integer                                                                                                     ;
; AV_REQUIRE_UNALIGNED_ADDRESSES ; 0     ; Signed Integer                                                                                                     ;
+--------------------------------+-------+--------------------------------------------------------------------------------------------------------------------+
Note: In order to hide this table in the UI and the text report file, please set the "Show Parameter Settings in Synthesis Report" option in "Analysis and Synthesis Settings -> More Settings" to "Off".


+------------------------------------------------------------------------------------------------------------------------------------------------------------------+
; Parameter Settings for User Entity Instance: reloj_soc:dut|reloj_soc_mm_interconnect_0:mm_interconnect_0|altera_merlin_slave_translator:reg_button_s1_translator ;
+--------------------------------+-------+-------------------------------------------------------------------------------------------------------------------------+
; Parameter Name                 ; Value ; Type                                                                                                                    ;
+--------------------------------+-------+-------------------------------------------------------------------------------------------------------------------------+
; AV_ADDRESS_W                   ; 2     ; Signed Integer                                                                                                          ;
; AV_DATA_W                      ; 32    ; Signed Integer                                                                                                          ;
; AV_BURSTCOUNT_W                ; 1     ; Signed Integer                                                                                                          ;
; AV_BYTEENABLE_W                ; 1     ; Signed Integer                                                                                                          ;
; UAV_BYTEENABLE_W               ; 4     ; Signed Integer                                                                                                          ;
; AV_READLATENCY                 ; 0     ; Signed Integer                                                                                                          ;
; AV_READ_WAIT_CYCLES            ; 1     ; Signed Integer                                                                                                          ;
; AV_WRITE_WAIT_CYCLES           ; 0     ; Signed Integer                                                                                                          ;
; AV_SETUP_WAIT_CYCLES           ; 0     ; Signed Integer                                                                                                          ;
; AV_DATA_HOLD_CYCLES            ; 0     ; Signed Integer                                                                                                          ;
; USE_READDATAVALID              ; 0     ; Signed Integer                                                                                                          ;
; USE_WAITREQUEST                ; 0     ; Signed Integer                                                                                                          ;
; USE_READRESPONSE               ; 0     ; Signed Integer                                                                                                          ;
; USE_WRITERESPONSE              ; 0     ; Signed Integer                                                                                                          ;
; AV_SYMBOLS_PER_WORD            ; 4     ; Signed Integer                                                                                                          ;
; AV_ADDRESS_SYMBOLS             ; 0     ; Signed Integer                                                                                                          ;
; AV_BURSTCOUNT_SYMBOLS          ; 0     ; Signed Integer                                                                                                          ;
; BITS_PER_WORD                  ; 2     ; Signed Integer                                                                                                          ;
; UAV_ADDRESS_W                  ; 15    ; Signed Integer                                                                                                          ;
; UAV_BURSTCOUNT_W               ; 3     ; Signed Integer                                                                                                          ;
; UAV_DATA_W                     ; 32    ; Signed Integer                                                                                                          ;
; AV_CONSTANT_BURST_BEHAVIOR     ; 0     ; Signed Integer                                                                                                          ;
; UAV_CONSTANT_BURST_BEHAVIOR    ; 0     ; Signed Integer                                                                                                          ;
; CHIPSELECT_THROUGH_READLATENCY ; 0     ; Signed Integer                                                                                                          ;
; USE_UAV_CLKEN                  ; 0     ; Signed Integer                                                                                                          ;
; AV_REQUIRE_UNALIGNED_ADDRESSES ; 0     ; Signed Integer                                                                                                          ;
+--------------------------------+-------+-------------------------------------------------------------------------------------------------------------------------+
Note: In order to hide this table in the UI and the text report file, please set the "Show Parameter Settings in Synthesis Report" option in "Analysis and Synthesis Settings -> More Settings" to "Off".


+--------------------------------------------------------------------------------------------------------------------------------------------------------------+
; Parameter Settings for User Entity Instance: reloj_soc:dut|reloj_soc_mm_interconnect_0:mm_interconnect_0|altera_merlin_master_agent:niosii_data_master_agent ;
+---------------------------+-------+--------------------------------------------------------------------------------------------------------------------------+
; Parameter Name            ; Value ; Type                                                                                                                     ;
+---------------------------+-------+--------------------------------------------------------------------------------------------------------------------------+
; PKT_QOS_H                 ; 71    ; Signed Integer                                                                                                           ;
; PKT_QOS_L                 ; 71    ; Signed Integer                                                                                                           ;
; PKT_DATA_SIDEBAND_H       ; 69    ; Signed Integer                                                                                                           ;
; PKT_DATA_SIDEBAND_L       ; 69    ; Signed Integer                                                                                                           ;
; PKT_ADDR_SIDEBAND_H       ; 68    ; Signed Integer                                                                                                           ;
; PKT_ADDR_SIDEBAND_L       ; 68    ; Signed Integer                                                                                                           ;
; PKT_CACHE_H               ; 85    ; Signed Integer                                                                                                           ;
; PKT_CACHE_L               ; 82    ; Signed Integer                                                                                                           ;
; PKT_THREAD_ID_H           ; 78    ; Signed Integer                                                                                                           ;
; PKT_THREAD_ID_L           ; 78    ; Signed Integer                                                                                                           ;
; PKT_BEGIN_BURST           ; 70    ; Signed Integer                                                                                                           ;
; PKT_PROTECTION_H          ; 81    ; Signed Integer                                                                                                           ;
; PKT_PROTECTION_L          ; 79    ; Signed Integer                                                                                                           ;
; PKT_BURSTWRAP_H           ; 62    ; Signed Integer                                                                                                           ;
; PKT_BURSTWRAP_L           ; 60    ; Signed Integer                                                                                                           ;
; PKT_BYTE_CNT_H            ; 59    ; Signed Integer                                                                                                           ;
; PKT_BYTE_CNT_L            ; 57    ; Signed Integer                                                                                                           ;
; PKT_ADDR_H                ; 50    ; Signed Integer                                                                                                           ;
; PKT_ADDR_L                ; 36    ; Signed Integer                                                                                                           ;
; PKT_BURST_SIZE_H          ; 65    ; Signed Integer                                                                                                           ;
; PKT_BURST_SIZE_L          ; 63    ; Signed Integer                                                                                                           ;
; PKT_BURST_TYPE_H          ; 67    ; Signed Integer                                                                                                           ;
; PKT_BURST_TYPE_L          ; 66    ; Signed Integer                                                                                                           ;
; PKT_TRANS_EXCLUSIVE       ; 56    ; Signed Integer                                                                                                           ;
; PKT_TRANS_LOCK            ; 55    ; Signed Integer                                                                                                           ;
; PKT_TRANS_COMPRESSED_READ ; 51    ; Signed Integer                                                                                                           ;
; PKT_TRANS_POSTED          ; 52    ; Signed Integer                                                                                                           ;
; PKT_TRANS_WRITE           ; 53    ; Signed Integer                                                                                                           ;
; PKT_TRANS_READ            ; 54    ; Signed Integer                                                                                                           ;
; PKT_DATA_H                ; 31    ; Signed Integer                                                                                                           ;
; PKT_DATA_L                ; 0     ; Signed Integer                                                                                                           ;
; PKT_BYTEEN_H              ; 35    ; Signed Integer                                                                                                           ;
; PKT_BYTEEN_L              ; 32    ; Signed Integer                                                                                                           ;
; PKT_SRC_ID_H              ; 74    ; Signed Integer                                                                                                           ;
; PKT_SRC_ID_L              ; 72    ; Signed Integer                                                                                                           ;
; PKT_DEST_ID_H             ; 77    ; Signed Integer                                                                                                           ;
; PKT_DEST_ID_L             ; 75    ; Signed Integer                                                                                                           ;
; PKT_RESPONSE_STATUS_L     ; 86    ; Signed Integer                                                                                                           ;
; PKT_RESPONSE_STATUS_H     ; 87    ; Signed Integer                                                                                                           ;
; PKT_ORI_BURST_SIZE_L      ; 88    ; Signed Integer                                                                                                           ;
; PKT_ORI_BURST_SIZE_H      ; 90    ; Signed Integer                                                                                                           ;
; ST_DATA_W                 ; 91    ; Signed Integer                                                                                                           ;
; ST_CHANNEL_W              ; 7     ; Signed Integer                                                                                                           ;
; AV_BURSTCOUNT_W           ; 3     ; Signed Integer                                                                                                           ;
; ID                        ; 0     ; Signed Integer                                                                                                           ;
; SUPPRESS_0_BYTEEN_RSP     ; 0     ; Signed Integer                                                                                                           ;
; BURSTWRAP_VALUE           ; 7     ; Signed Integer                                                                                                           ;
; CACHE_VALUE               ; 0     ; Signed Integer                                                                                                           ;
; SECURE_ACCESS_BIT         ; 1     ; Signed Integer                                                                                                           ;
; USE_READRESPONSE          ; 0     ; Signed Integer                                                                                                           ;
; USE_WRITERESPONSE         ; 0     ; Signed Integer                                                                                                           ;
; PKT_BURSTWRAP_W           ; 3     ; Signed Integer                                                                                                           ;
; PKT_BYTE_CNT_W            ; 3     ; Signed Integer                                                                                                           ;
; PKT_PROTECTION_W          ; 3     ; Signed Integer                                                                                                           ;
; PKT_ADDR_W                ; 15    ; Signed Integer                                                                                                           ;
; PKT_DATA_W                ; 32    ; Signed Integer                                                                                                           ;
; PKT_BYTEEN_W              ; 4     ; Signed Integer                                                                                                           ;
; PKT_SRC_ID_W              ; 3     ; Signed Integer                                                                                                           ;
; PKT_DEST_ID_W             ; 3     ; Signed Integer                                                                                                           ;
; PKT_BURST_SIZE_W          ; 3     ; Signed Integer                                                                                                           ;
+---------------------------+-------+--------------------------------------------------------------------------------------------------------------------------+
Note: In order to hide this table in the UI and the text report file, please set the "Show Parameter Settings in Synthesis Report" option in "Analysis and Synthesis Settings -> More Settings" to "Off".


+---------------------------------------------------------------------------------------------------------------------------------------------------------------------+
; Parameter Settings for User Entity Instance: reloj_soc:dut|reloj_soc_mm_interconnect_0:mm_interconnect_0|altera_merlin_master_agent:niosii_instruction_master_agent ;
+---------------------------+-------+---------------------------------------------------------------------------------------------------------------------------------+
; Parameter Name            ; Value ; Type                                                                                                                            ;
+---------------------------+-------+---------------------------------------------------------------------------------------------------------------------------------+
; PKT_QOS_H                 ; 71    ; Signed Integer                                                                                                                  ;
; PKT_QOS_L                 ; 71    ; Signed Integer                                                                                                                  ;
; PKT_DATA_SIDEBAND_H       ; 69    ; Signed Integer                                                                                                                  ;
; PKT_DATA_SIDEBAND_L       ; 69    ; Signed Integer                                                                                                                  ;
; PKT_ADDR_SIDEBAND_H       ; 68    ; Signed Integer                                                                                                                  ;
; PKT_ADDR_SIDEBAND_L       ; 68    ; Signed Integer                                                                                                                  ;
; PKT_CACHE_H               ; 85    ; Signed Integer                                                                                                                  ;
; PKT_CACHE_L               ; 82    ; Signed Integer                                                                                                                  ;
; PKT_THREAD_ID_H           ; 78    ; Signed Integer                                                                                                                  ;
; PKT_THREAD_ID_L           ; 78    ; Signed Integer                                                                                                                  ;
; PKT_BEGIN_BURST           ; 70    ; Signed Integer                                                                                                                  ;
; PKT_PROTECTION_H          ; 81    ; Signed Integer                                                                                                                  ;
; PKT_PROTECTION_L          ; 79    ; Signed Integer                                                                                                                  ;
; PKT_BURSTWRAP_H           ; 62    ; Signed Integer                                                                                                                  ;
; PKT_BURSTWRAP_L           ; 60    ; Signed Integer                                                                                                                  ;
; PKT_BYTE_CNT_H            ; 59    ; Signed Integer                                                                                                                  ;
; PKT_BYTE_CNT_L            ; 57    ; Signed Integer                                                                                                                  ;
; PKT_ADDR_H                ; 50    ; Signed Integer                                                                                                                  ;
; PKT_ADDR_L                ; 36    ; Signed Integer                                                                                                                  ;
; PKT_BURST_SIZE_H          ; 65    ; Signed Integer                                                                                                                  ;
; PKT_BURST_SIZE_L          ; 63    ; Signed Integer                                                                                                                  ;
; PKT_BURST_TYPE_H          ; 67    ; Signed Integer                                                                                                                  ;
; PKT_BURST_TYPE_L          ; 66    ; Signed Integer                                                                                                                  ;
; PKT_TRANS_EXCLUSIVE       ; 56    ; Signed Integer                                                                                                                  ;
; PKT_TRANS_LOCK            ; 55    ; Signed Integer                                                                                                                  ;
; PKT_TRANS_COMPRESSED_READ ; 51    ; Signed Integer                                                                                                                  ;
; PKT_TRANS_POSTED          ; 52    ; Signed Integer                                                                                                                  ;
; PKT_TRANS_WRITE           ; 53    ; Signed Integer                                                                                                                  ;
; PKT_TRANS_READ            ; 54    ; Signed Integer                                                                                                                  ;
; PKT_DATA_H                ; 31    ; Signed Integer                                                                                                                  ;
; PKT_DATA_L                ; 0     ; Signed Integer                                                                                                                  ;
; PKT_BYTEEN_H              ; 35    ; Signed Integer                                                                                                                  ;
; PKT_BYTEEN_L              ; 32    ; Signed Integer                                                                                                                  ;
; PKT_SRC_ID_H              ; 74    ; Signed Integer                                                                                                                  ;
; PKT_SRC_ID_L              ; 72    ; Signed Integer                                                                                                                  ;
; PKT_DEST_ID_H             ; 77    ; Signed Integer                                                                                                                  ;
; PKT_DEST_ID_L             ; 75    ; Signed Integer                                                                                                                  ;
; PKT_RESPONSE_STATUS_L     ; 86    ; Signed Integer                                                                                                                  ;
; PKT_RESPONSE_STATUS_H     ; 87    ; Signed Integer                                                                                                                  ;
; PKT_ORI_BURST_SIZE_L      ; 88    ; Signed Integer                                                                                                                  ;
; PKT_ORI_BURST_SIZE_H      ; 90    ; Signed Integer                                                                                                                  ;
; ST_DATA_W                 ; 91    ; Signed Integer                                                                                                                  ;
; ST_CHANNEL_W              ; 7     ; Signed Integer                                                                                                                  ;
; AV_BURSTCOUNT_W           ; 3     ; Signed Integer                                                                                                                  ;
; ID                        ; 1     ; Signed Integer                                                                                                                  ;
; SUPPRESS_0_BYTEEN_RSP     ; 0     ; Signed Integer                                                                                                                  ;
; BURSTWRAP_VALUE           ; 3     ; Signed Integer                                                                                                                  ;
; CACHE_VALUE               ; 0     ; Signed Integer                                                                                                                  ;
; SECURE_ACCESS_BIT         ; 1     ; Signed Integer                                                                                                                  ;
; USE_READRESPONSE          ; 0     ; Signed Integer                                                                                                                  ;
; USE_WRITERESPONSE         ; 0     ; Signed Integer                                                                                                                  ;
; PKT_BURSTWRAP_W           ; 3     ; Signed Integer                                                                                                                  ;
; PKT_BYTE_CNT_W            ; 3     ; Signed Integer                                                                                                                  ;
; PKT_PROTECTION_W          ; 3     ; Signed Integer                                                                                                                  ;
; PKT_ADDR_W                ; 15    ; Signed Integer                                                                                                                  ;
; PKT_DATA_W                ; 32    ; Signed Integer                                                                                                                  ;
; PKT_BYTEEN_W              ; 4     ; Signed Integer                                                                                                                  ;
; PKT_SRC_ID_W              ; 3     ; Signed Integer                                                                                                                  ;
; PKT_DEST_ID_W             ; 3     ; Signed Integer                                                                                                                  ;
; PKT_BURST_SIZE_W          ; 3     ; Signed Integer                                                                                                                  ;
+---------------------------+-------+---------------------------------------------------------------------------------------------------------------------------------+
Note: In order to hide this table in the UI and the text report file, please set the "Show Parameter Settings in Synthesis Report" option in "Analysis and Synthesis Settings -> More Settings" to "Off".


+---------------------------------------------------------------------------------------------------------------------------------------------------------------------+
; Parameter Settings for User Entity Instance: reloj_soc:dut|reloj_soc_mm_interconnect_0:mm_interconnect_0|altera_merlin_slave_agent:audio_0_avalon_audio_slave_agent ;
+---------------------------+-------+---------------------------------------------------------------------------------------------------------------------------------+
; Parameter Name            ; Value ; Type                                                                                                                            ;
+---------------------------+-------+---------------------------------------------------------------------------------------------------------------------------------+
; PKT_BEGIN_BURST           ; 70    ; Signed Integer                                                                                                                  ;
; PKT_DATA_H                ; 31    ; Signed Integer                                                                                                                  ;
; PKT_DATA_L                ; 0     ; Signed Integer                                                                                                                  ;
; PKT_SYMBOL_W              ; 8     ; Signed Integer                                                                                                                  ;
; PKT_BYTEEN_H              ; 35    ; Signed Integer                                                                                                                  ;
; PKT_BYTEEN_L              ; 32    ; Signed Integer                                                                                                                  ;
; PKT_ADDR_H                ; 50    ; Signed Integer                                                                                                                  ;
; PKT_ADDR_L                ; 36    ; Signed Integer                                                                                                                  ;
; PKT_TRANS_LOCK            ; 55    ; Signed Integer                                                                                                                  ;
; PKT_TRANS_COMPRESSED_READ ; 51    ; Signed Integer                                                                                                                  ;
; PKT_TRANS_POSTED          ; 52    ; Signed Integer                                                                                                                  ;
; PKT_TRANS_WRITE           ; 53    ; Signed Integer                                                                                                                  ;
; PKT_TRANS_READ            ; 54    ; Signed Integer                                                                                                                  ;
; PKT_SRC_ID_H              ; 74    ; Signed Integer                                                                                                                  ;
; PKT_SRC_ID_L              ; 72    ; Signed Integer                                                                                                                  ;
; PKT_DEST_ID_H             ; 77    ; Signed Integer                                                                                                                  ;
; PKT_DEST_ID_L             ; 75    ; Signed Integer                                                                                                                  ;
; PKT_BURSTWRAP_H           ; 62    ; Signed Integer                                                                                                                  ;
; PKT_BURSTWRAP_L           ; 60    ; Signed Integer                                                                                                                  ;
; PKT_BYTE_CNT_H            ; 59    ; Signed Integer                                                                                                                  ;
; PKT_BYTE_CNT_L            ; 57    ; Signed Integer                                                                                                                  ;
; PKT_PROTECTION_H          ; 81    ; Signed Integer                                                                                                                  ;
; PKT_PROTECTION_L          ; 79    ; Signed Integer                                                                                                                  ;
; PKT_RESPONSE_STATUS_H     ; 87    ; Signed Integer                                                                                                                  ;
; PKT_RESPONSE_STATUS_L     ; 86    ; Signed Integer                                                                                                                  ;
; PKT_BURST_SIZE_H          ; 65    ; Signed Integer                                                                                                                  ;
; PKT_BURST_SIZE_L          ; 63    ; Signed Integer                                                                                                                  ;
; PKT_ORI_BURST_SIZE_L      ; 88    ; Signed Integer                                                                                                                  ;
; PKT_ORI_BURST_SIZE_H      ; 90    ; Signed Integer                                                                                                                  ;
; ST_DATA_W                 ; 91    ; Signed Integer                                                                                                                  ;
; ST_CHANNEL_W              ; 7     ; Signed Integer                                                                                                                  ;
; ADDR_W                    ; 15    ; Signed Integer                                                                                                                  ;
; AVS_DATA_W                ; 32    ; Signed Integer                                                                                                                  ;
; AVS_BURSTCOUNT_W          ; 3     ; Signed Integer                                                                                                                  ;
; PKT_SYMBOLS               ; 4     ; Signed Integer                                                                                                                  ;
; PREVENT_FIFO_OVERFLOW     ; 1     ; Signed Integer                                                                                                                  ;
; SUPPRESS_0_BYTEEN_CMD     ; 0     ; Signed Integer                                                                                                                  ;
; USE_READRESPONSE          ; 0     ; Signed Integer                                                                                                                  ;
; USE_WRITERESPONSE         ; 0     ; Signed Integer                                                                                                                  ;
; AVS_BE_W                  ; 4     ; Signed Integer                                                                                                                  ;
; BURST_SIZE_W              ; 3     ; Signed Integer                                                                                                                  ;
; FIFO_DATA_W               ; 92    ; Signed Integer                                                                                                                  ;
; ECC_ENABLE                ; 0     ; Signed Integer                                                                                                                  ;
+---------------------------+-------+---------------------------------------------------------------------------------------------------------------------------------+
Note: In order to hide this table in the UI and the text report file, please set the "Show Parameter Settings in Synthesis Report" option in "Analysis and Synthesis Settings -> More Settings" to "Off".


+-------------------------------------------------------------------------------------------------------------------------------------------------------------------------------------------------------------------+
; Parameter Settings for User Entity Instance: reloj_soc:dut|reloj_soc_mm_interconnect_0:mm_interconnect_0|altera_merlin_slave_agent:audio_0_avalon_audio_slave_agent|altera_merlin_burst_uncompressor:uncompressor ;
+----------------+-------+------------------------------------------------------------------------------------------------------------------------------------------------------------------------------------------+
; Parameter Name ; Value ; Type                                                                                                                                                                                     ;
+----------------+-------+------------------------------------------------------------------------------------------------------------------------------------------------------------------------------------------+
; ADDR_W         ; 15    ; Signed Integer                                                                                                                                                                           ;
; BURSTWRAP_W    ; 3     ; Signed Integer                                                                                                                                                                           ;
; BYTE_CNT_W     ; 3     ; Signed Integer                                                                                                                                                                           ;
; PKT_SYMBOLS    ; 4     ; Signed Integer                                                                                                                                                                           ;
; BURST_SIZE_W   ; 3     ; Signed Integer                                                                                                                                                                           ;
+----------------+-------+------------------------------------------------------------------------------------------------------------------------------------------------------------------------------------------+
Note: In order to hide this table in the UI and the text report file, please set the "Show Parameter Settings in Synthesis Report" option in "Analysis and Synthesis Settings -> More Settings" to "Off".


+--------------------------------------------------------------------------------------------------------------------------------------------------------------------------+
; Parameter Settings for User Entity Instance: reloj_soc:dut|reloj_soc_mm_interconnect_0:mm_interconnect_0|altera_avalon_sc_fifo:audio_0_avalon_audio_slave_agent_rsp_fifo ;
+---------------------+-------+--------------------------------------------------------------------------------------------------------------------------------------------+
; Parameter Name      ; Value ; Type                                                                                                                                       ;
+---------------------+-------+--------------------------------------------------------------------------------------------------------------------------------------------+
; SYMBOLS_PER_BEAT    ; 1     ; Signed Integer                                                                                                                             ;
; BITS_PER_SYMBOL     ; 92    ; Signed Integer                                                                                                                             ;
; FIFO_DEPTH          ; 2     ; Signed Integer                                                                                                                             ;
; CHANNEL_WIDTH       ; 0     ; Signed Integer                                                                                                                             ;
; ERROR_WIDTH         ; 0     ; Signed Integer                                                                                                                             ;
; USE_PACKETS         ; 1     ; Signed Integer                                                                                                                             ;
; USE_FILL_LEVEL      ; 0     ; Signed Integer                                                                                                                             ;
; USE_STORE_FORWARD   ; 0     ; Signed Integer                                                                                                                             ;
; USE_ALMOST_FULL_IF  ; 0     ; Signed Integer                                                                                                                             ;
; USE_ALMOST_EMPTY_IF ; 0     ; Signed Integer                                                                                                                             ;
; EMPTY_LATENCY       ; 1     ; Signed Integer                                                                                                                             ;
; USE_MEMORY_BLOCKS   ; 0     ; Signed Integer                                                                                                                             ;
; DATA_WIDTH          ; 92    ; Signed Integer                                                                                                                             ;
; EMPTY_WIDTH         ; 0     ; Signed Integer                                                                                                                             ;
+---------------------+-------+--------------------------------------------------------------------------------------------------------------------------------------------+
Note: In order to hide this table in the UI and the text report file, please set the "Show Parameter Settings in Synthesis Report" option in "Analysis and Synthesis Settings -> More Settings" to "Off".


+-----------------------------------------------------------------------------------------------------------------------------------------------------------------+
; Parameter Settings for User Entity Instance: reloj_soc:dut|reloj_soc_mm_interconnect_0:mm_interconnect_0|altera_merlin_slave_agent:uart_avalon_jtag_slave_agent ;
+---------------------------+-------+-----------------------------------------------------------------------------------------------------------------------------+
; Parameter Name            ; Value ; Type                                                                                                                        ;
+---------------------------+-------+-----------------------------------------------------------------------------------------------------------------------------+
; PKT_BEGIN_BURST           ; 70    ; Signed Integer                                                                                                              ;
; PKT_DATA_H                ; 31    ; Signed Integer                                                                                                              ;
; PKT_DATA_L                ; 0     ; Signed Integer                                                                                                              ;
; PKT_SYMBOL_W              ; 8     ; Signed Integer                                                                                                              ;
; PKT_BYTEEN_H              ; 35    ; Signed Integer                                                                                                              ;
; PKT_BYTEEN_L              ; 32    ; Signed Integer                                                                                                              ;
; PKT_ADDR_H                ; 50    ; Signed Integer                                                                                                              ;
; PKT_ADDR_L                ; 36    ; Signed Integer                                                                                                              ;
; PKT_TRANS_LOCK            ; 55    ; Signed Integer                                                                                                              ;
; PKT_TRANS_COMPRESSED_READ ; 51    ; Signed Integer                                                                                                              ;
; PKT_TRANS_POSTED          ; 52    ; Signed Integer                                                                                                              ;
; PKT_TRANS_WRITE           ; 53    ; Signed Integer                                                                                                              ;
; PKT_TRANS_READ            ; 54    ; Signed Integer                                                                                                              ;
; PKT_SRC_ID_H              ; 74    ; Signed Integer                                                                                                              ;
; PKT_SRC_ID_L              ; 72    ; Signed Integer                                                                                                              ;
; PKT_DEST_ID_H             ; 77    ; Signed Integer                                                                                                              ;
; PKT_DEST_ID_L             ; 75    ; Signed Integer                                                                                                              ;
; PKT_BURSTWRAP_H           ; 62    ; Signed Integer                                                                                                              ;
; PKT_BURSTWRAP_L           ; 60    ; Signed Integer                                                                                                              ;
; PKT_BYTE_CNT_H            ; 59    ; Signed Integer                                                                                                              ;
; PKT_BYTE_CNT_L            ; 57    ; Signed Integer                                                                                                              ;
; PKT_PROTECTION_H          ; 81    ; Signed Integer                                                                                                              ;
; PKT_PROTECTION_L          ; 79    ; Signed Integer                                                                                                              ;
; PKT_RESPONSE_STATUS_H     ; 87    ; Signed Integer                                                                                                              ;
; PKT_RESPONSE_STATUS_L     ; 86    ; Signed Integer                                                                                                              ;
; PKT_BURST_SIZE_H          ; 65    ; Signed Integer                                                                                                              ;
; PKT_BURST_SIZE_L          ; 63    ; Signed Integer                                                                                                              ;
; PKT_ORI_BURST_SIZE_L      ; 88    ; Signed Integer                                                                                                              ;
; PKT_ORI_BURST_SIZE_H      ; 90    ; Signed Integer                                                                                                              ;
; ST_DATA_W                 ; 91    ; Signed Integer                                                                                                              ;
; ST_CHANNEL_W              ; 7     ; Signed Integer                                                                                                              ;
; ADDR_W                    ; 15    ; Signed Integer                                                                                                              ;
; AVS_DATA_W                ; 32    ; Signed Integer                                                                                                              ;
; AVS_BURSTCOUNT_W          ; 3     ; Signed Integer                                                                                                              ;
; PKT_SYMBOLS               ; 4     ; Signed Integer                                                                                                              ;
; PREVENT_FIFO_OVERFLOW     ; 1     ; Signed Integer                                                                                                              ;
; SUPPRESS_0_BYTEEN_CMD     ; 0     ; Signed Integer                                                                                                              ;
; USE_READRESPONSE          ; 0     ; Signed Integer                                                                                                              ;
; USE_WRITERESPONSE         ; 0     ; Signed Integer                                                                                                              ;
; AVS_BE_W                  ; 4     ; Signed Integer                                                                                                              ;
; BURST_SIZE_W              ; 3     ; Signed Integer                                                                                                              ;
; FIFO_DATA_W               ; 92    ; Signed Integer                                                                                                              ;
; ECC_ENABLE                ; 0     ; Signed Integer                                                                                                              ;
+---------------------------+-------+-----------------------------------------------------------------------------------------------------------------------------+
Note: In order to hide this table in the UI and the text report file, please set the "Show Parameter Settings in Synthesis Report" option in "Analysis and Synthesis Settings -> More Settings" to "Off".


+---------------------------------------------------------------------------------------------------------------------------------------------------------------------------------------------------------------+
; Parameter Settings for User Entity Instance: reloj_soc:dut|reloj_soc_mm_interconnect_0:mm_interconnect_0|altera_merlin_slave_agent:uart_avalon_jtag_slave_agent|altera_merlin_burst_uncompressor:uncompressor ;
+----------------+-------+--------------------------------------------------------------------------------------------------------------------------------------------------------------------------------------+
; Parameter Name ; Value ; Type                                                                                                                                                                                 ;
+----------------+-------+--------------------------------------------------------------------------------------------------------------------------------------------------------------------------------------+
; ADDR_W         ; 15    ; Signed Integer                                                                                                                                                                       ;
; BURSTWRAP_W    ; 3     ; Signed Integer                                                                                                                                                                       ;
; BYTE_CNT_W     ; 3     ; Signed Integer                                                                                                                                                                       ;
; PKT_SYMBOLS    ; 4     ; Signed Integer                                                                                                                                                                       ;
; BURST_SIZE_W   ; 3     ; Signed Integer                                                                                                                                                                       ;
+----------------+-------+--------------------------------------------------------------------------------------------------------------------------------------------------------------------------------------+
Note: In order to hide this table in the UI and the text report file, please set the "Show Parameter Settings in Synthesis Report" option in "Analysis and Synthesis Settings -> More Settings" to "Off".


+----------------------------------------------------------------------------------------------------------------------------------------------------------------------+
; Parameter Settings for User Entity Instance: reloj_soc:dut|reloj_soc_mm_interconnect_0:mm_interconnect_0|altera_avalon_sc_fifo:uart_avalon_jtag_slave_agent_rsp_fifo ;
+---------------------+-------+----------------------------------------------------------------------------------------------------------------------------------------+
; Parameter Name      ; Value ; Type                                                                                                                                   ;
+---------------------+-------+----------------------------------------------------------------------------------------------------------------------------------------+
; SYMBOLS_PER_BEAT    ; 1     ; Signed Integer                                                                                                                         ;
; BITS_PER_SYMBOL     ; 92    ; Signed Integer                                                                                                                         ;
; FIFO_DEPTH          ; 2     ; Signed Integer                                                                                                                         ;
; CHANNEL_WIDTH       ; 0     ; Signed Integer                                                                                                                         ;
; ERROR_WIDTH         ; 0     ; Signed Integer                                                                                                                         ;
; USE_PACKETS         ; 1     ; Signed Integer                                                                                                                         ;
; USE_FILL_LEVEL      ; 0     ; Signed Integer                                                                                                                         ;
; USE_STORE_FORWARD   ; 0     ; Signed Integer                                                                                                                         ;
; USE_ALMOST_FULL_IF  ; 0     ; Signed Integer                                                                                                                         ;
; USE_ALMOST_EMPTY_IF ; 0     ; Signed Integer                                                                                                                         ;
; EMPTY_LATENCY       ; 1     ; Signed Integer                                                                                                                         ;
; USE_MEMORY_BLOCKS   ; 0     ; Signed Integer                                                                                                                         ;
; DATA_WIDTH          ; 92    ; Signed Integer                                                                                                                         ;
; EMPTY_WIDTH         ; 0     ; Signed Integer                                                                                                                         ;
+---------------------+-------+----------------------------------------------------------------------------------------------------------------------------------------+
Note: In order to hide this table in the UI and the text report file, please set the "Show Parameter Settings in Synthesis Report" option in "Analysis and Synthesis Settings -> More Settings" to "Off".


+-----------------------------------------------------------------------------------------------------------------------------------------------------------------+
; Parameter Settings for User Entity Instance: reloj_soc:dut|reloj_soc_mm_interconnect_0:mm_interconnect_0|altera_merlin_slave_agent:niosii_debug_mem_slave_agent ;
+---------------------------+-------+-----------------------------------------------------------------------------------------------------------------------------+
; Parameter Name            ; Value ; Type                                                                                                                        ;
+---------------------------+-------+-----------------------------------------------------------------------------------------------------------------------------+
; PKT_BEGIN_BURST           ; 70    ; Signed Integer                                                                                                              ;
; PKT_DATA_H                ; 31    ; Signed Integer                                                                                                              ;
; PKT_DATA_L                ; 0     ; Signed Integer                                                                                                              ;
; PKT_SYMBOL_W              ; 8     ; Signed Integer                                                                                                              ;
; PKT_BYTEEN_H              ; 35    ; Signed Integer                                                                                                              ;
; PKT_BYTEEN_L              ; 32    ; Signed Integer                                                                                                              ;
; PKT_ADDR_H                ; 50    ; Signed Integer                                                                                                              ;
; PKT_ADDR_L                ; 36    ; Signed Integer                                                                                                              ;
; PKT_TRANS_LOCK            ; 55    ; Signed Integer                                                                                                              ;
; PKT_TRANS_COMPRESSED_READ ; 51    ; Signed Integer                                                                                                              ;
; PKT_TRANS_POSTED          ; 52    ; Signed Integer                                                                                                              ;
; PKT_TRANS_WRITE           ; 53    ; Signed Integer                                                                                                              ;
; PKT_TRANS_READ            ; 54    ; Signed Integer                                                                                                              ;
; PKT_SRC_ID_H              ; 74    ; Signed Integer                                                                                                              ;
; PKT_SRC_ID_L              ; 72    ; Signed Integer                                                                                                              ;
; PKT_DEST_ID_H             ; 77    ; Signed Integer                                                                                                              ;
; PKT_DEST_ID_L             ; 75    ; Signed Integer                                                                                                              ;
; PKT_BURSTWRAP_H           ; 62    ; Signed Integer                                                                                                              ;
; PKT_BURSTWRAP_L           ; 60    ; Signed Integer                                                                                                              ;
; PKT_BYTE_CNT_H            ; 59    ; Signed Integer                                                                                                              ;
; PKT_BYTE_CNT_L            ; 57    ; Signed Integer                                                                                                              ;
; PKT_PROTECTION_H          ; 81    ; Signed Integer                                                                                                              ;
; PKT_PROTECTION_L          ; 79    ; Signed Integer                                                                                                              ;
; PKT_RESPONSE_STATUS_H     ; 87    ; Signed Integer                                                                                                              ;
; PKT_RESPONSE_STATUS_L     ; 86    ; Signed Integer                                                                                                              ;
; PKT_BURST_SIZE_H          ; 65    ; Signed Integer                                                                                                              ;
; PKT_BURST_SIZE_L          ; 63    ; Signed Integer                                                                                                              ;
; PKT_ORI_BURST_SIZE_L      ; 88    ; Signed Integer                                                                                                              ;
; PKT_ORI_BURST_SIZE_H      ; 90    ; Signed Integer                                                                                                              ;
; ST_DATA_W                 ; 91    ; Signed Integer                                                                                                              ;
; ST_CHANNEL_W              ; 7     ; Signed Integer                                                                                                              ;
; ADDR_W                    ; 15    ; Signed Integer                                                                                                              ;
; AVS_DATA_W                ; 32    ; Signed Integer                                                                                                              ;
; AVS_BURSTCOUNT_W          ; 3     ; Signed Integer                                                                                                              ;
; PKT_SYMBOLS               ; 4     ; Signed Integer                                                                                                              ;
; PREVENT_FIFO_OVERFLOW     ; 1     ; Signed Integer                                                                                                              ;
; SUPPRESS_0_BYTEEN_CMD     ; 0     ; Signed Integer                                                                                                              ;
; USE_READRESPONSE          ; 0     ; Signed Integer                                                                                                              ;
; USE_WRITERESPONSE         ; 0     ; Signed Integer                                                                                                              ;
; AVS_BE_W                  ; 4     ; Signed Integer                                                                                                              ;
; BURST_SIZE_W              ; 3     ; Signed Integer                                                                                                              ;
; FIFO_DATA_W               ; 92    ; Signed Integer                                                                                                              ;
; ECC_ENABLE                ; 0     ; Signed Integer                                                                                                              ;
+---------------------------+-------+-----------------------------------------------------------------------------------------------------------------------------+
Note: In order to hide this table in the UI and the text report file, please set the "Show Parameter Settings in Synthesis Report" option in "Analysis and Synthesis Settings -> More Settings" to "Off".


+---------------------------------------------------------------------------------------------------------------------------------------------------------------------------------------------------------------+
; Parameter Settings for User Entity Instance: reloj_soc:dut|reloj_soc_mm_interconnect_0:mm_interconnect_0|altera_merlin_slave_agent:niosii_debug_mem_slave_agent|altera_merlin_burst_uncompressor:uncompressor ;
+----------------+-------+--------------------------------------------------------------------------------------------------------------------------------------------------------------------------------------+
; Parameter Name ; Value ; Type                                                                                                                                                                                 ;
+----------------+-------+--------------------------------------------------------------------------------------------------------------------------------------------------------------------------------------+
; ADDR_W         ; 15    ; Signed Integer                                                                                                                                                                       ;
; BURSTWRAP_W    ; 3     ; Signed Integer                                                                                                                                                                       ;
; BYTE_CNT_W     ; 3     ; Signed Integer                                                                                                                                                                       ;
; PKT_SYMBOLS    ; 4     ; Signed Integer                                                                                                                                                                       ;
; BURST_SIZE_W   ; 3     ; Signed Integer                                                                                                                                                                       ;
+----------------+-------+--------------------------------------------------------------------------------------------------------------------------------------------------------------------------------------+
Note: In order to hide this table in the UI and the text report file, please set the "Show Parameter Settings in Synthesis Report" option in "Analysis and Synthesis Settings -> More Settings" to "Off".


+----------------------------------------------------------------------------------------------------------------------------------------------------------------------+
; Parameter Settings for User Entity Instance: reloj_soc:dut|reloj_soc_mm_interconnect_0:mm_interconnect_0|altera_avalon_sc_fifo:niosii_debug_mem_slave_agent_rsp_fifo ;
+---------------------+-------+----------------------------------------------------------------------------------------------------------------------------------------+
; Parameter Name      ; Value ; Type                                                                                                                                   ;
+---------------------+-------+----------------------------------------------------------------------------------------------------------------------------------------+
; SYMBOLS_PER_BEAT    ; 1     ; Signed Integer                                                                                                                         ;
; BITS_PER_SYMBOL     ; 92    ; Signed Integer                                                                                                                         ;
; FIFO_DEPTH          ; 2     ; Signed Integer                                                                                                                         ;
; CHANNEL_WIDTH       ; 0     ; Signed Integer                                                                                                                         ;
; ERROR_WIDTH         ; 0     ; Signed Integer                                                                                                                         ;
; USE_PACKETS         ; 1     ; Signed Integer                                                                                                                         ;
; USE_FILL_LEVEL      ; 0     ; Signed Integer                                                                                                                         ;
; USE_STORE_FORWARD   ; 0     ; Signed Integer                                                                                                                         ;
; USE_ALMOST_FULL_IF  ; 0     ; Signed Integer                                                                                                                         ;
; USE_ALMOST_EMPTY_IF ; 0     ; Signed Integer                                                                                                                         ;
; EMPTY_LATENCY       ; 1     ; Signed Integer                                                                                                                         ;
; USE_MEMORY_BLOCKS   ; 0     ; Signed Integer                                                                                                                         ;
; DATA_WIDTH          ; 92    ; Signed Integer                                                                                                                         ;
; EMPTY_WIDTH         ; 0     ; Signed Integer                                                                                                                         ;
+---------------------+-------+----------------------------------------------------------------------------------------------------------------------------------------+
Note: In order to hide this table in the UI and the text report file, please set the "Show Parameter Settings in Synthesis Report" option in "Analysis and Synthesis Settings -> More Settings" to "Off".


+-------------------------------------------------------------------------------------------------------------------------------------------------+
; Parameter Settings for User Entity Instance: reloj_soc:dut|reloj_soc_mm_interconnect_0:mm_interconnect_0|altera_merlin_slave_agent:ram_s1_agent ;
+---------------------------+-------+-------------------------------------------------------------------------------------------------------------+
; Parameter Name            ; Value ; Type                                                                                                        ;
+---------------------------+-------+-------------------------------------------------------------------------------------------------------------+
; PKT_BEGIN_BURST           ; 70    ; Signed Integer                                                                                              ;
; PKT_DATA_H                ; 31    ; Signed Integer                                                                                              ;
; PKT_DATA_L                ; 0     ; Signed Integer                                                                                              ;
; PKT_SYMBOL_W              ; 8     ; Signed Integer                                                                                              ;
; PKT_BYTEEN_H              ; 35    ; Signed Integer                                                                                              ;
; PKT_BYTEEN_L              ; 32    ; Signed Integer                                                                                              ;
; PKT_ADDR_H                ; 50    ; Signed Integer                                                                                              ;
; PKT_ADDR_L                ; 36    ; Signed Integer                                                                                              ;
; PKT_TRANS_LOCK            ; 55    ; Signed Integer                                                                                              ;
; PKT_TRANS_COMPRESSED_READ ; 51    ; Signed Integer                                                                                              ;
; PKT_TRANS_POSTED          ; 52    ; Signed Integer                                                                                              ;
; PKT_TRANS_WRITE           ; 53    ; Signed Integer                                                                                              ;
; PKT_TRANS_READ            ; 54    ; Signed Integer                                                                                              ;
; PKT_SRC_ID_H              ; 74    ; Signed Integer                                                                                              ;
; PKT_SRC_ID_L              ; 72    ; Signed Integer                                                                                              ;
; PKT_DEST_ID_H             ; 77    ; Signed Integer                                                                                              ;
; PKT_DEST_ID_L             ; 75    ; Signed Integer                                                                                              ;
; PKT_BURSTWRAP_H           ; 62    ; Signed Integer                                                                                              ;
; PKT_BURSTWRAP_L           ; 60    ; Signed Integer                                                                                              ;
; PKT_BYTE_CNT_H            ; 59    ; Signed Integer                                                                                              ;
; PKT_BYTE_CNT_L            ; 57    ; Signed Integer                                                                                              ;
; PKT_PROTECTION_H          ; 81    ; Signed Integer                                                                                              ;
; PKT_PROTECTION_L          ; 79    ; Signed Integer                                                                                              ;
; PKT_RESPONSE_STATUS_H     ; 87    ; Signed Integer                                                                                              ;
; PKT_RESPONSE_STATUS_L     ; 86    ; Signed Integer                                                                                              ;
; PKT_BURST_SIZE_H          ; 65    ; Signed Integer                                                                                              ;
; PKT_BURST_SIZE_L          ; 63    ; Signed Integer                                                                                              ;
; PKT_ORI_BURST_SIZE_L      ; 88    ; Signed Integer                                                                                              ;
; PKT_ORI_BURST_SIZE_H      ; 90    ; Signed Integer                                                                                              ;
; ST_DATA_W                 ; 91    ; Signed Integer                                                                                              ;
; ST_CHANNEL_W              ; 7     ; Signed Integer                                                                                              ;
; ADDR_W                    ; 15    ; Signed Integer                                                                                              ;
; AVS_DATA_W                ; 32    ; Signed Integer                                                                                              ;
; AVS_BURSTCOUNT_W          ; 3     ; Signed Integer                                                                                              ;
; PKT_SYMBOLS               ; 4     ; Signed Integer                                                                                              ;
; PREVENT_FIFO_OVERFLOW     ; 1     ; Signed Integer                                                                                              ;
; SUPPRESS_0_BYTEEN_CMD     ; 0     ; Signed Integer                                                                                              ;
; USE_READRESPONSE          ; 0     ; Signed Integer                                                                                              ;
; USE_WRITERESPONSE         ; 0     ; Signed Integer                                                                                              ;
; AVS_BE_W                  ; 4     ; Signed Integer                                                                                              ;
; BURST_SIZE_W              ; 3     ; Signed Integer                                                                                              ;
; FIFO_DATA_W               ; 92    ; Signed Integer                                                                                              ;
; ECC_ENABLE                ; 0     ; Signed Integer                                                                                              ;
+---------------------------+-------+-------------------------------------------------------------------------------------------------------------+
Note: In order to hide this table in the UI and the text report file, please set the "Show Parameter Settings in Synthesis Report" option in "Analysis and Synthesis Settings -> More Settings" to "Off".


+-----------------------------------------------------------------------------------------------------------------------------------------------------------------------------------------------+
; Parameter Settings for User Entity Instance: reloj_soc:dut|reloj_soc_mm_interconnect_0:mm_interconnect_0|altera_merlin_slave_agent:ram_s1_agent|altera_merlin_burst_uncompressor:uncompressor ;
+----------------+-------+----------------------------------------------------------------------------------------------------------------------------------------------------------------------+
; Parameter Name ; Value ; Type                                                                                                                                                                 ;
+----------------+-------+----------------------------------------------------------------------------------------------------------------------------------------------------------------------+
; ADDR_W         ; 15    ; Signed Integer                                                                                                                                                       ;
; BURSTWRAP_W    ; 3     ; Signed Integer                                                                                                                                                       ;
; BYTE_CNT_W     ; 3     ; Signed Integer                                                                                                                                                       ;
; PKT_SYMBOLS    ; 4     ; Signed Integer                                                                                                                                                       ;
; BURST_SIZE_W   ; 3     ; Signed Integer                                                                                                                                                       ;
+----------------+-------+----------------------------------------------------------------------------------------------------------------------------------------------------------------------+
Note: In order to hide this table in the UI and the text report file, please set the "Show Parameter Settings in Synthesis Report" option in "Analysis and Synthesis Settings -> More Settings" to "Off".


+------------------------------------------------------------------------------------------------------------------------------------------------------+
; Parameter Settings for User Entity Instance: reloj_soc:dut|reloj_soc_mm_interconnect_0:mm_interconnect_0|altera_avalon_sc_fifo:ram_s1_agent_rsp_fifo ;
+---------------------+-------+------------------------------------------------------------------------------------------------------------------------+
; Parameter Name      ; Value ; Type                                                                                                                   ;
+---------------------+-------+------------------------------------------------------------------------------------------------------------------------+
; SYMBOLS_PER_BEAT    ; 1     ; Signed Integer                                                                                                         ;
; BITS_PER_SYMBOL     ; 92    ; Signed Integer                                                                                                         ;
; FIFO_DEPTH          ; 2     ; Signed Integer                                                                                                         ;
; CHANNEL_WIDTH       ; 0     ; Signed Integer                                                                                                         ;
; ERROR_WIDTH         ; 0     ; Signed Integer                                                                                                         ;
; USE_PACKETS         ; 1     ; Signed Integer                                                                                                         ;
; USE_FILL_LEVEL      ; 0     ; Signed Integer                                                                                                         ;
; USE_STORE_FORWARD   ; 0     ; Signed Integer                                                                                                         ;
; USE_ALMOST_FULL_IF  ; 0     ; Signed Integer                                                                                                         ;
; USE_ALMOST_EMPTY_IF ; 0     ; Signed Integer                                                                                                         ;
; EMPTY_LATENCY       ; 1     ; Signed Integer                                                                                                         ;
; USE_MEMORY_BLOCKS   ; 0     ; Signed Integer                                                                                                         ;
; DATA_WIDTH          ; 92    ; Signed Integer                                                                                                         ;
; EMPTY_WIDTH         ; 0     ; Signed Integer                                                                                                         ;
+---------------------+-------+------------------------------------------------------------------------------------------------------------------------+
Note: In order to hide this table in the UI and the text report file, please set the "Show Parameter Settings in Synthesis Report" option in "Analysis and Synthesis Settings -> More Settings" to "Off".


+------------------------------------------------------------------------------------------------------------------------------------------------------+
; Parameter Settings for User Entity Instance: reloj_soc:dut|reloj_soc_mm_interconnect_0:mm_interconnect_0|altera_merlin_slave_agent:reg_leds_s1_agent ;
+---------------------------+-------+------------------------------------------------------------------------------------------------------------------+
; Parameter Name            ; Value ; Type                                                                                                             ;
+---------------------------+-------+------------------------------------------------------------------------------------------------------------------+
; PKT_BEGIN_BURST           ; 70    ; Signed Integer                                                                                                   ;
; PKT_DATA_H                ; 31    ; Signed Integer                                                                                                   ;
; PKT_DATA_L                ; 0     ; Signed Integer                                                                                                   ;
; PKT_SYMBOL_W              ; 8     ; Signed Integer                                                                                                   ;
; PKT_BYTEEN_H              ; 35    ; Signed Integer                                                                                                   ;
; PKT_BYTEEN_L              ; 32    ; Signed Integer                                                                                                   ;
; PKT_ADDR_H                ; 50    ; Signed Integer                                                                                                   ;
; PKT_ADDR_L                ; 36    ; Signed Integer                                                                                                   ;
; PKT_TRANS_LOCK            ; 55    ; Signed Integer                                                                                                   ;
; PKT_TRANS_COMPRESSED_READ ; 51    ; Signed Integer                                                                                                   ;
; PKT_TRANS_POSTED          ; 52    ; Signed Integer                                                                                                   ;
; PKT_TRANS_WRITE           ; 53    ; Signed Integer                                                                                                   ;
; PKT_TRANS_READ            ; 54    ; Signed Integer                                                                                                   ;
; PKT_SRC_ID_H              ; 74    ; Signed Integer                                                                                                   ;
; PKT_SRC_ID_L              ; 72    ; Signed Integer                                                                                                   ;
; PKT_DEST_ID_H             ; 77    ; Signed Integer                                                                                                   ;
; PKT_DEST_ID_L             ; 75    ; Signed Integer                                                                                                   ;
; PKT_BURSTWRAP_H           ; 62    ; Signed Integer                                                                                                   ;
; PKT_BURSTWRAP_L           ; 60    ; Signed Integer                                                                                                   ;
; PKT_BYTE_CNT_H            ; 59    ; Signed Integer                                                                                                   ;
; PKT_BYTE_CNT_L            ; 57    ; Signed Integer                                                                                                   ;
; PKT_PROTECTION_H          ; 81    ; Signed Integer                                                                                                   ;
; PKT_PROTECTION_L          ; 79    ; Signed Integer                                                                                                   ;
; PKT_RESPONSE_STATUS_H     ; 87    ; Signed Integer                                                                                                   ;
; PKT_RESPONSE_STATUS_L     ; 86    ; Signed Integer                                                                                                   ;
; PKT_BURST_SIZE_H          ; 65    ; Signed Integer                                                                                                   ;
; PKT_BURST_SIZE_L          ; 63    ; Signed Integer                                                                                                   ;
; PKT_ORI_BURST_SIZE_L      ; 88    ; Signed Integer                                                                                                   ;
; PKT_ORI_BURST_SIZE_H      ; 90    ; Signed Integer                                                                                                   ;
; ST_DATA_W                 ; 91    ; Signed Integer                                                                                                   ;
; ST_CHANNEL_W              ; 7     ; Signed Integer                                                                                                   ;
; ADDR_W                    ; 15    ; Signed Integer                                                                                                   ;
; AVS_DATA_W                ; 32    ; Signed Integer                                                                                                   ;
; AVS_BURSTCOUNT_W          ; 3     ; Signed Integer                                                                                                   ;
; PKT_SYMBOLS               ; 4     ; Signed Integer                                                                                                   ;
; PREVENT_FIFO_OVERFLOW     ; 1     ; Signed Integer                                                                                                   ;
; SUPPRESS_0_BYTEEN_CMD     ; 0     ; Signed Integer                                                                                                   ;
; USE_READRESPONSE          ; 0     ; Signed Integer                                                                                                   ;
; USE_WRITERESPONSE         ; 0     ; Signed Integer                                                                                                   ;
; AVS_BE_W                  ; 4     ; Signed Integer                                                                                                   ;
; BURST_SIZE_W              ; 3     ; Signed Integer                                                                                                   ;
; FIFO_DATA_W               ; 92    ; Signed Integer                                                                                                   ;
; ECC_ENABLE                ; 0     ; Signed Integer                                                                                                   ;
+---------------------------+-------+------------------------------------------------------------------------------------------------------------------+
Note: In order to hide this table in the UI and the text report file, please set the "Show Parameter Settings in Synthesis Report" option in "Analysis and Synthesis Settings -> More Settings" to "Off".


+----------------------------------------------------------------------------------------------------------------------------------------------------------------------------------------------------+
; Parameter Settings for User Entity Instance: reloj_soc:dut|reloj_soc_mm_interconnect_0:mm_interconnect_0|altera_merlin_slave_agent:reg_leds_s1_agent|altera_merlin_burst_uncompressor:uncompressor ;
+----------------+-------+---------------------------------------------------------------------------------------------------------------------------------------------------------------------------+
; Parameter Name ; Value ; Type                                                                                                                                                                      ;
+----------------+-------+---------------------------------------------------------------------------------------------------------------------------------------------------------------------------+
; ADDR_W         ; 15    ; Signed Integer                                                                                                                                                            ;
; BURSTWRAP_W    ; 3     ; Signed Integer                                                                                                                                                            ;
; BYTE_CNT_W     ; 3     ; Signed Integer                                                                                                                                                            ;
; PKT_SYMBOLS    ; 4     ; Signed Integer                                                                                                                                                            ;
; BURST_SIZE_W   ; 3     ; Signed Integer                                                                                                                                                            ;
+----------------+-------+---------------------------------------------------------------------------------------------------------------------------------------------------------------------------+
Note: In order to hide this table in the UI and the text report file, please set the "Show Parameter Settings in Synthesis Report" option in "Analysis and Synthesis Settings -> More Settings" to "Off".


+-----------------------------------------------------------------------------------------------------------------------------------------------------------+
; Parameter Settings for User Entity Instance: reloj_soc:dut|reloj_soc_mm_interconnect_0:mm_interconnect_0|altera_avalon_sc_fifo:reg_leds_s1_agent_rsp_fifo ;
+---------------------+-------+-----------------------------------------------------------------------------------------------------------------------------+
; Parameter Name      ; Value ; Type                                                                                                                        ;
+---------------------+-------+-----------------------------------------------------------------------------------------------------------------------------+
; SYMBOLS_PER_BEAT    ; 1     ; Signed Integer                                                                                                              ;
; BITS_PER_SYMBOL     ; 92    ; Signed Integer                                                                                                              ;
; FIFO_DEPTH          ; 2     ; Signed Integer                                                                                                              ;
; CHANNEL_WIDTH       ; 0     ; Signed Integer                                                                                                              ;
; ERROR_WIDTH         ; 0     ; Signed Integer                                                                                                              ;
; USE_PACKETS         ; 1     ; Signed Integer                                                                                                              ;
; USE_FILL_LEVEL      ; 0     ; Signed Integer                                                                                                              ;
; USE_STORE_FORWARD   ; 0     ; Signed Integer                                                                                                              ;
; USE_ALMOST_FULL_IF  ; 0     ; Signed Integer                                                                                                              ;
; USE_ALMOST_EMPTY_IF ; 0     ; Signed Integer                                                                                                              ;
; EMPTY_LATENCY       ; 1     ; Signed Integer                                                                                                              ;
; USE_MEMORY_BLOCKS   ; 0     ; Signed Integer                                                                                                              ;
; DATA_WIDTH          ; 92    ; Signed Integer                                                                                                              ;
; EMPTY_WIDTH         ; 0     ; Signed Integer                                                                                                              ;
+---------------------+-------+-----------------------------------------------------------------------------------------------------------------------------+
Note: In order to hide this table in the UI and the text report file, please set the "Show Parameter Settings in Synthesis Report" option in "Analysis and Synthesis Settings -> More Settings" to "Off".


+---------------------------------------------------------------------------------------------------------------------------------------------------+
; Parameter Settings for User Entity Instance: reloj_soc:dut|reloj_soc_mm_interconnect_0:mm_interconnect_0|altera_merlin_slave_agent:timer_s1_agent ;
+---------------------------+-------+---------------------------------------------------------------------------------------------------------------+
; Parameter Name            ; Value ; Type                                                                                                          ;
+---------------------------+-------+---------------------------------------------------------------------------------------------------------------+
; PKT_BEGIN_BURST           ; 70    ; Signed Integer                                                                                                ;
; PKT_DATA_H                ; 31    ; Signed Integer                                                                                                ;
; PKT_DATA_L                ; 0     ; Signed Integer                                                                                                ;
; PKT_SYMBOL_W              ; 8     ; Signed Integer                                                                                                ;
; PKT_BYTEEN_H              ; 35    ; Signed Integer                                                                                                ;
; PKT_BYTEEN_L              ; 32    ; Signed Integer                                                                                                ;
; PKT_ADDR_H                ; 50    ; Signed Integer                                                                                                ;
; PKT_ADDR_L                ; 36    ; Signed Integer                                                                                                ;
; PKT_TRANS_LOCK            ; 55    ; Signed Integer                                                                                                ;
; PKT_TRANS_COMPRESSED_READ ; 51    ; Signed Integer                                                                                                ;
; PKT_TRANS_POSTED          ; 52    ; Signed Integer                                                                                                ;
; PKT_TRANS_WRITE           ; 53    ; Signed Integer                                                                                                ;
; PKT_TRANS_READ            ; 54    ; Signed Integer                                                                                                ;
; PKT_SRC_ID_H              ; 74    ; Signed Integer                                                                                                ;
; PKT_SRC_ID_L              ; 72    ; Signed Integer                                                                                                ;
; PKT_DEST_ID_H             ; 77    ; Signed Integer                                                                                                ;
; PKT_DEST_ID_L             ; 75    ; Signed Integer                                                                                                ;
; PKT_BURSTWRAP_H           ; 62    ; Signed Integer                                                                                                ;
; PKT_BURSTWRAP_L           ; 60    ; Signed Integer                                                                                                ;
; PKT_BYTE_CNT_H            ; 59    ; Signed Integer                                                                                                ;
; PKT_BYTE_CNT_L            ; 57    ; Signed Integer                                                                                                ;
; PKT_PROTECTION_H          ; 81    ; Signed Integer                                                                                                ;
; PKT_PROTECTION_L          ; 79    ; Signed Integer                                                                                                ;
; PKT_RESPONSE_STATUS_H     ; 87    ; Signed Integer                                                                                                ;
; PKT_RESPONSE_STATUS_L     ; 86    ; Signed Integer                                                                                                ;
; PKT_BURST_SIZE_H          ; 65    ; Signed Integer                                                                                                ;
; PKT_BURST_SIZE_L          ; 63    ; Signed Integer                                                                                                ;
; PKT_ORI_BURST_SIZE_L      ; 88    ; Signed Integer                                                                                                ;
; PKT_ORI_BURST_SIZE_H      ; 90    ; Signed Integer                                                                                                ;
; ST_DATA_W                 ; 91    ; Signed Integer                                                                                                ;
; ST_CHANNEL_W              ; 7     ; Signed Integer                                                                                                ;
; ADDR_W                    ; 15    ; Signed Integer                                                                                                ;
; AVS_DATA_W                ; 32    ; Signed Integer                                                                                                ;
; AVS_BURSTCOUNT_W          ; 3     ; Signed Integer                                                                                                ;
; PKT_SYMBOLS               ; 4     ; Signed Integer                                                                                                ;
; PREVENT_FIFO_OVERFLOW     ; 1     ; Signed Integer                                                                                                ;
; SUPPRESS_0_BYTEEN_CMD     ; 0     ; Signed Integer                                                                                                ;
; USE_READRESPONSE          ; 0     ; Signed Integer                                                                                                ;
; USE_WRITERESPONSE         ; 0     ; Signed Integer                                                                                                ;
; AVS_BE_W                  ; 4     ; Signed Integer                                                                                                ;
; BURST_SIZE_W              ; 3     ; Signed Integer                                                                                                ;
; FIFO_DATA_W               ; 92    ; Signed Integer                                                                                                ;
; ECC_ENABLE                ; 0     ; Signed Integer                                                                                                ;
+---------------------------+-------+---------------------------------------------------------------------------------------------------------------+
Note: In order to hide this table in the UI and the text report file, please set the "Show Parameter Settings in Synthesis Report" option in "Analysis and Synthesis Settings -> More Settings" to "Off".


+-------------------------------------------------------------------------------------------------------------------------------------------------------------------------------------------------+
; Parameter Settings for User Entity Instance: reloj_soc:dut|reloj_soc_mm_interconnect_0:mm_interconnect_0|altera_merlin_slave_agent:timer_s1_agent|altera_merlin_burst_uncompressor:uncompressor ;
+----------------+-------+------------------------------------------------------------------------------------------------------------------------------------------------------------------------+
; Parameter Name ; Value ; Type                                                                                                                                                                   ;
+----------------+-------+------------------------------------------------------------------------------------------------------------------------------------------------------------------------+
; ADDR_W         ; 15    ; Signed Integer                                                                                                                                                         ;
; BURSTWRAP_W    ; 3     ; Signed Integer                                                                                                                                                         ;
; BYTE_CNT_W     ; 3     ; Signed Integer                                                                                                                                                         ;
; PKT_SYMBOLS    ; 4     ; Signed Integer                                                                                                                                                         ;
; BURST_SIZE_W   ; 3     ; Signed Integer                                                                                                                                                         ;
+----------------+-------+------------------------------------------------------------------------------------------------------------------------------------------------------------------------+
Note: In order to hide this table in the UI and the text report file, please set the "Show Parameter Settings in Synthesis Report" option in "Analysis and Synthesis Settings -> More Settings" to "Off".


+--------------------------------------------------------------------------------------------------------------------------------------------------------+
; Parameter Settings for User Entity Instance: reloj_soc:dut|reloj_soc_mm_interconnect_0:mm_interconnect_0|altera_avalon_sc_fifo:timer_s1_agent_rsp_fifo ;
+---------------------+-------+--------------------------------------------------------------------------------------------------------------------------+
; Parameter Name      ; Value ; Type                                                                                                                     ;
+---------------------+-------+--------------------------------------------------------------------------------------------------------------------------+
; SYMBOLS_PER_BEAT    ; 1     ; Signed Integer                                                                                                           ;
; BITS_PER_SYMBOL     ; 92    ; Signed Integer                                                                                                           ;
; FIFO_DEPTH          ; 2     ; Signed Integer                                                                                                           ;
; CHANNEL_WIDTH       ; 0     ; Signed Integer                                                                                                           ;
; ERROR_WIDTH         ; 0     ; Signed Integer                                                                                                           ;
; USE_PACKETS         ; 1     ; Signed Integer                                                                                                           ;
; USE_FILL_LEVEL      ; 0     ; Signed Integer                                                                                                           ;
; USE_STORE_FORWARD   ; 0     ; Signed Integer                                                                                                           ;
; USE_ALMOST_FULL_IF  ; 0     ; Signed Integer                                                                                                           ;
; USE_ALMOST_EMPTY_IF ; 0     ; Signed Integer                                                                                                           ;
; EMPTY_LATENCY       ; 1     ; Signed Integer                                                                                                           ;
; USE_MEMORY_BLOCKS   ; 0     ; Signed Integer                                                                                                           ;
; DATA_WIDTH          ; 92    ; Signed Integer                                                                                                           ;
; EMPTY_WIDTH         ; 0     ; Signed Integer                                                                                                           ;
+---------------------+-------+--------------------------------------------------------------------------------------------------------------------------+
Note: In order to hide this table in the UI and the text report file, please set the "Show Parameter Settings in Synthesis Report" option in "Analysis and Synthesis Settings -> More Settings" to "Off".


+--------------------------------------------------------------------------------------------------------------------------------------------------------+
; Parameter Settings for User Entity Instance: reloj_soc:dut|reloj_soc_mm_interconnect_0:mm_interconnect_0|altera_merlin_slave_agent:reg_button_s1_agent ;
+---------------------------+-------+--------------------------------------------------------------------------------------------------------------------+
; Parameter Name            ; Value ; Type                                                                                                               ;
+---------------------------+-------+--------------------------------------------------------------------------------------------------------------------+
; PKT_BEGIN_BURST           ; 70    ; Signed Integer                                                                                                     ;
; PKT_DATA_H                ; 31    ; Signed Integer                                                                                                     ;
; PKT_DATA_L                ; 0     ; Signed Integer                                                                                                     ;
; PKT_SYMBOL_W              ; 8     ; Signed Integer                                                                                                     ;
; PKT_BYTEEN_H              ; 35    ; Signed Integer                                                                                                     ;
; PKT_BYTEEN_L              ; 32    ; Signed Integer                                                                                                     ;
; PKT_ADDR_H                ; 50    ; Signed Integer                                                                                                     ;
; PKT_ADDR_L                ; 36    ; Signed Integer                                                                                                     ;
; PKT_TRANS_LOCK            ; 55    ; Signed Integer                                                                                                     ;
; PKT_TRANS_COMPRESSED_READ ; 51    ; Signed Integer                                                                                                     ;
; PKT_TRANS_POSTED          ; 52    ; Signed Integer                                                                                                     ;
; PKT_TRANS_WRITE           ; 53    ; Signed Integer                                                                                                     ;
; PKT_TRANS_READ            ; 54    ; Signed Integer                                                                                                     ;
; PKT_SRC_ID_H              ; 74    ; Signed Integer                                                                                                     ;
; PKT_SRC_ID_L              ; 72    ; Signed Integer                                                                                                     ;
; PKT_DEST_ID_H             ; 77    ; Signed Integer                                                                                                     ;
; PKT_DEST_ID_L             ; 75    ; Signed Integer                                                                                                     ;
; PKT_BURSTWRAP_H           ; 62    ; Signed Integer                                                                                                     ;
; PKT_BURSTWRAP_L           ; 60    ; Signed Integer                                                                                                     ;
; PKT_BYTE_CNT_H            ; 59    ; Signed Integer                                                                                                     ;
; PKT_BYTE_CNT_L            ; 57    ; Signed Integer                                                                                                     ;
; PKT_PROTECTION_H          ; 81    ; Signed Integer                                                                                                     ;
; PKT_PROTECTION_L          ; 79    ; Signed Integer                                                                                                     ;
; PKT_RESPONSE_STATUS_H     ; 87    ; Signed Integer                                                                                                     ;
; PKT_RESPONSE_STATUS_L     ; 86    ; Signed Integer                                                                                                     ;
; PKT_BURST_SIZE_H          ; 65    ; Signed Integer                                                                                                     ;
; PKT_BURST_SIZE_L          ; 63    ; Signed Integer                                                                                                     ;
; PKT_ORI_BURST_SIZE_L      ; 88    ; Signed Integer                                                                                                     ;
; PKT_ORI_BURST_SIZE_H      ; 90    ; Signed Integer                                                                                                     ;
; ST_DATA_W                 ; 91    ; Signed Integer                                                                                                     ;
; ST_CHANNEL_W              ; 7     ; Signed Integer                                                                                                     ;
; ADDR_W                    ; 15    ; Signed Integer                                                                                                     ;
; AVS_DATA_W                ; 32    ; Signed Integer                                                                                                     ;
; AVS_BURSTCOUNT_W          ; 3     ; Signed Integer                                                                                                     ;
; PKT_SYMBOLS               ; 4     ; Signed Integer                                                                                                     ;
; PREVENT_FIFO_OVERFLOW     ; 1     ; Signed Integer                                                                                                     ;
; SUPPRESS_0_BYTEEN_CMD     ; 0     ; Signed Integer                                                                                                     ;
; USE_READRESPONSE          ; 0     ; Signed Integer                                                                                                     ;
; USE_WRITERESPONSE         ; 0     ; Signed Integer                                                                                                     ;
; AVS_BE_W                  ; 4     ; Signed Integer                                                                                                     ;
; BURST_SIZE_W              ; 3     ; Signed Integer                                                                                                     ;
; FIFO_DATA_W               ; 92    ; Signed Integer                                                                                                     ;
; ECC_ENABLE                ; 0     ; Signed Integer                                                                                                     ;
+---------------------------+-------+--------------------------------------------------------------------------------------------------------------------+
Note: In order to hide this table in the UI and the text report file, please set the "Show Parameter Settings in Synthesis Report" option in "Analysis and Synthesis Settings -> More Settings" to "Off".


+------------------------------------------------------------------------------------------------------------------------------------------------------------------------------------------------------+
; Parameter Settings for User Entity Instance: reloj_soc:dut|reloj_soc_mm_interconnect_0:mm_interconnect_0|altera_merlin_slave_agent:reg_button_s1_agent|altera_merlin_burst_uncompressor:uncompressor ;
+----------------+-------+-----------------------------------------------------------------------------------------------------------------------------------------------------------------------------+
; Parameter Name ; Value ; Type                                                                                                                                                                        ;
+----------------+-------+-----------------------------------------------------------------------------------------------------------------------------------------------------------------------------+
; ADDR_W         ; 15    ; Signed Integer                                                                                                                                                              ;
; BURSTWRAP_W    ; 3     ; Signed Integer                                                                                                                                                              ;
; BYTE_CNT_W     ; 3     ; Signed Integer                                                                                                                                                              ;
; PKT_SYMBOLS    ; 4     ; Signed Integer                                                                                                                                                              ;
; BURST_SIZE_W   ; 3     ; Signed Integer                                                                                                                                                              ;
+----------------+-------+-----------------------------------------------------------------------------------------------------------------------------------------------------------------------------+
Note: In order to hide this table in the UI and the text report file, please set the "Show Parameter Settings in Synthesis Report" option in "Analysis and Synthesis Settings -> More Settings" to "Off".


+-------------------------------------------------------------------------------------------------------------------------------------------------------------+
; Parameter Settings for User Entity Instance: reloj_soc:dut|reloj_soc_mm_interconnect_0:mm_interconnect_0|altera_avalon_sc_fifo:reg_button_s1_agent_rsp_fifo ;
+---------------------+-------+-------------------------------------------------------------------------------------------------------------------------------+
; Parameter Name      ; Value ; Type                                                                                                                          ;
+---------------------+-------+-------------------------------------------------------------------------------------------------------------------------------+
; SYMBOLS_PER_BEAT    ; 1     ; Signed Integer                                                                                                                ;
; BITS_PER_SYMBOL     ; 92    ; Signed Integer                                                                                                                ;
; FIFO_DEPTH          ; 2     ; Signed Integer                                                                                                                ;
; CHANNEL_WIDTH       ; 0     ; Signed Integer                                                                                                                ;
; ERROR_WIDTH         ; 0     ; Signed Integer                                                                                                                ;
; USE_PACKETS         ; 1     ; Signed Integer                                                                                                                ;
; USE_FILL_LEVEL      ; 0     ; Signed Integer                                                                                                                ;
; USE_STORE_FORWARD   ; 0     ; Signed Integer                                                                                                                ;
; USE_ALMOST_FULL_IF  ; 0     ; Signed Integer                                                                                                                ;
; USE_ALMOST_EMPTY_IF ; 0     ; Signed Integer                                                                                                                ;
; EMPTY_LATENCY       ; 1     ; Signed Integer                                                                                                                ;
; USE_MEMORY_BLOCKS   ; 0     ; Signed Integer                                                                                                                ;
; DATA_WIDTH          ; 92    ; Signed Integer                                                                                                                ;
; EMPTY_WIDTH         ; 0     ; Signed Integer                                                                                                                ;
+---------------------+-------+-------------------------------------------------------------------------------------------------------------------------------+
Note: In order to hide this table in the UI and the text report file, please set the "Show Parameter Settings in Synthesis Report" option in "Analysis and Synthesis Settings -> More Settings" to "Off".


+-------------------------------------------------------------------------------------------------------------------------------------------------------------------------------------------------------------------------+
; Parameter Settings for User Entity Instance: reloj_soc:dut|reloj_soc_mm_interconnect_0:mm_interconnect_0|reloj_soc_mm_interconnect_0_router:router|reloj_soc_mm_interconnect_0_router_default_decode:the_default_decode ;
+--------------------+-------+--------------------------------------------------------------------------------------------------------------------------------------------------------------------------------------------+
; Parameter Name     ; Value ; Type                                                                                                                                                                                       ;
+--------------------+-------+--------------------------------------------------------------------------------------------------------------------------------------------------------------------------------------------+
; DEFAULT_CHANNEL    ; 3     ; Signed Integer                                                                                                                                                                             ;
; DEFAULT_WR_CHANNEL ; -1    ; Signed Integer                                                                                                                                                                             ;
; DEFAULT_RD_CHANNEL ; -1    ; Signed Integer                                                                                                                                                                             ;
; DEFAULT_DESTID     ; 1     ; Signed Integer                                                                                                                                                                             ;
+--------------------+-------+--------------------------------------------------------------------------------------------------------------------------------------------------------------------------------------------+
Note: In order to hide this table in the UI and the text report file, please set the "Show Parameter Settings in Synthesis Report" option in "Analysis and Synthesis Settings -> More Settings" to "Off".


+-------------------------------------------------------------------------------------------------------------------------------------------------------------------------------------------------------------------------------------+
; Parameter Settings for User Entity Instance: reloj_soc:dut|reloj_soc_mm_interconnect_0:mm_interconnect_0|reloj_soc_mm_interconnect_0_router_001:router_001|reloj_soc_mm_interconnect_0_router_001_default_decode:the_default_decode ;
+--------------------+-------+--------------------------------------------------------------------------------------------------------------------------------------------------------------------------------------------------------+
; Parameter Name     ; Value ; Type                                                                                                                                                                                                   ;
+--------------------+-------+--------------------------------------------------------------------------------------------------------------------------------------------------------------------------------------------------------+
; DEFAULT_CHANNEL    ; 1     ; Signed Integer                                                                                                                                                                                         ;
; DEFAULT_WR_CHANNEL ; -1    ; Signed Integer                                                                                                                                                                                         ;
; DEFAULT_RD_CHANNEL ; -1    ; Signed Integer                                                                                                                                                                                         ;
; DEFAULT_DESTID     ; 1     ; Signed Integer                                                                                                                                                                                         ;
+--------------------+-------+--------------------------------------------------------------------------------------------------------------------------------------------------------------------------------------------------------+
Note: In order to hide this table in the UI and the text report file, please set the "Show Parameter Settings in Synthesis Report" option in "Analysis and Synthesis Settings -> More Settings" to "Off".


+-------------------------------------------------------------------------------------------------------------------------------------------------------------------------------------------------------------------------------------+
; Parameter Settings for User Entity Instance: reloj_soc:dut|reloj_soc_mm_interconnect_0:mm_interconnect_0|reloj_soc_mm_interconnect_0_router_002:router_002|reloj_soc_mm_interconnect_0_router_002_default_decode:the_default_decode ;
+--------------------+-------+--------------------------------------------------------------------------------------------------------------------------------------------------------------------------------------------------------+
; Parameter Name     ; Value ; Type                                                                                                                                                                                                   ;
+--------------------+-------+--------------------------------------------------------------------------------------------------------------------------------------------------------------------------------------------------------+
; DEFAULT_CHANNEL    ; 0     ; Signed Integer                                                                                                                                                                                         ;
; DEFAULT_WR_CHANNEL ; -1    ; Signed Integer                                                                                                                                                                                         ;
; DEFAULT_RD_CHANNEL ; -1    ; Signed Integer                                                                                                                                                                                         ;
; DEFAULT_DESTID     ; 0     ; Signed Integer                                                                                                                                                                                         ;
+--------------------+-------+--------------------------------------------------------------------------------------------------------------------------------------------------------------------------------------------------------+
Note: In order to hide this table in the UI and the text report file, please set the "Show Parameter Settings in Synthesis Report" option in "Analysis and Synthesis Settings -> More Settings" to "Off".


+-------------------------------------------------------------------------------------------------------------------------------------------------------------------------------------------------------------------------------------+
; Parameter Settings for User Entity Instance: reloj_soc:dut|reloj_soc_mm_interconnect_0:mm_interconnect_0|reloj_soc_mm_interconnect_0_router_002:router_003|reloj_soc_mm_interconnect_0_router_002_default_decode:the_default_decode ;
+--------------------+-------+--------------------------------------------------------------------------------------------------------------------------------------------------------------------------------------------------------+
; Parameter Name     ; Value ; Type                                                                                                                                                                                                   ;
+--------------------+-------+--------------------------------------------------------------------------------------------------------------------------------------------------------------------------------------------------------+
; DEFAULT_CHANNEL    ; 0     ; Signed Integer                                                                                                                                                                                         ;
; DEFAULT_WR_CHANNEL ; -1    ; Signed Integer                                                                                                                                                                                         ;
; DEFAULT_RD_CHANNEL ; -1    ; Signed Integer                                                                                                                                                                                         ;
; DEFAULT_DESTID     ; 0     ; Signed Integer                                                                                                                                                                                         ;
+--------------------+-------+--------------------------------------------------------------------------------------------------------------------------------------------------------------------------------------------------------+
Note: In order to hide this table in the UI and the text report file, please set the "Show Parameter Settings in Synthesis Report" option in "Analysis and Synthesis Settings -> More Settings" to "Off".


+-------------------------------------------------------------------------------------------------------------------------------------------------------------------------------------------------------------------------------------+
; Parameter Settings for User Entity Instance: reloj_soc:dut|reloj_soc_mm_interconnect_0:mm_interconnect_0|reloj_soc_mm_interconnect_0_router_004:router_004|reloj_soc_mm_interconnect_0_router_004_default_decode:the_default_decode ;
+--------------------+-------+--------------------------------------------------------------------------------------------------------------------------------------------------------------------------------------------------------+
; Parameter Name     ; Value ; Type                                                                                                                                                                                                   ;
+--------------------+-------+--------------------------------------------------------------------------------------------------------------------------------------------------------------------------------------------------------+
; DEFAULT_CHANNEL    ; 0     ; Signed Integer                                                                                                                                                                                         ;
; DEFAULT_WR_CHANNEL ; -1    ; Signed Integer                                                                                                                                                                                         ;
; DEFAULT_RD_CHANNEL ; -1    ; Signed Integer                                                                                                                                                                                         ;
; DEFAULT_DESTID     ; 0     ; Signed Integer                                                                                                                                                                                         ;
+--------------------+-------+--------------------------------------------------------------------------------------------------------------------------------------------------------------------------------------------------------+
Note: In order to hide this table in the UI and the text report file, please set the "Show Parameter Settings in Synthesis Report" option in "Analysis and Synthesis Settings -> More Settings" to "Off".


+-------------------------------------------------------------------------------------------------------------------------------------------------------------------------------------------------------------------------------------+
; Parameter Settings for User Entity Instance: reloj_soc:dut|reloj_soc_mm_interconnect_0:mm_interconnect_0|reloj_soc_mm_interconnect_0_router_004:router_005|reloj_soc_mm_interconnect_0_router_004_default_decode:the_default_decode ;
+--------------------+-------+--------------------------------------------------------------------------------------------------------------------------------------------------------------------------------------------------------+
; Parameter Name     ; Value ; Type                                                                                                                                                                                                   ;
+--------------------+-------+--------------------------------------------------------------------------------------------------------------------------------------------------------------------------------------------------------+
; DEFAULT_CHANNEL    ; 0     ; Signed Integer                                                                                                                                                                                         ;
; DEFAULT_WR_CHANNEL ; -1    ; Signed Integer                                                                                                                                                                                         ;
; DEFAULT_RD_CHANNEL ; -1    ; Signed Integer                                                                                                                                                                                         ;
; DEFAULT_DESTID     ; 0     ; Signed Integer                                                                                                                                                                                         ;
+--------------------+-------+--------------------------------------------------------------------------------------------------------------------------------------------------------------------------------------------------------+
Note: In order to hide this table in the UI and the text report file, please set the "Show Parameter Settings in Synthesis Report" option in "Analysis and Synthesis Settings -> More Settings" to "Off".


+-------------------------------------------------------------------------------------------------------------------------------------------------------------------------------------------------------------------------------------+
; Parameter Settings for User Entity Instance: reloj_soc:dut|reloj_soc_mm_interconnect_0:mm_interconnect_0|reloj_soc_mm_interconnect_0_router_002:router_006|reloj_soc_mm_interconnect_0_router_002_default_decode:the_default_decode ;
+--------------------+-------+--------------------------------------------------------------------------------------------------------------------------------------------------------------------------------------------------------+
; Parameter Name     ; Value ; Type                                                                                                                                                                                                   ;
+--------------------+-------+--------------------------------------------------------------------------------------------------------------------------------------------------------------------------------------------------------+
; DEFAULT_CHANNEL    ; 0     ; Signed Integer                                                                                                                                                                                         ;
; DEFAULT_WR_CHANNEL ; -1    ; Signed Integer                                                                                                                                                                                         ;
; DEFAULT_RD_CHANNEL ; -1    ; Signed Integer                                                                                                                                                                                         ;
; DEFAULT_DESTID     ; 0     ; Signed Integer                                                                                                                                                                                         ;
+--------------------+-------+--------------------------------------------------------------------------------------------------------------------------------------------------------------------------------------------------------+
Note: In order to hide this table in the UI and the text report file, please set the "Show Parameter Settings in Synthesis Report" option in "Analysis and Synthesis Settings -> More Settings" to "Off".


+-------------------------------------------------------------------------------------------------------------------------------------------------------------------------------------------------------------------------------------+
; Parameter Settings for User Entity Instance: reloj_soc:dut|reloj_soc_mm_interconnect_0:mm_interconnect_0|reloj_soc_mm_interconnect_0_router_002:router_007|reloj_soc_mm_interconnect_0_router_002_default_decode:the_default_decode ;
+--------------------+-------+--------------------------------------------------------------------------------------------------------------------------------------------------------------------------------------------------------+
; Parameter Name     ; Value ; Type                                                                                                                                                                                                   ;
+--------------------+-------+--------------------------------------------------------------------------------------------------------------------------------------------------------------------------------------------------------+
; DEFAULT_CHANNEL    ; 0     ; Signed Integer                                                                                                                                                                                         ;
; DEFAULT_WR_CHANNEL ; -1    ; Signed Integer                                                                                                                                                                                         ;
; DEFAULT_RD_CHANNEL ; -1    ; Signed Integer                                                                                                                                                                                         ;
; DEFAULT_DESTID     ; 0     ; Signed Integer                                                                                                                                                                                         ;
+--------------------+-------+--------------------------------------------------------------------------------------------------------------------------------------------------------------------------------------------------------+
Note: In order to hide this table in the UI and the text report file, please set the "Show Parameter Settings in Synthesis Report" option in "Analysis and Synthesis Settings -> More Settings" to "Off".


+-------------------------------------------------------------------------------------------------------------------------------------------------------------------------------------------------------------------------------------+
; Parameter Settings for User Entity Instance: reloj_soc:dut|reloj_soc_mm_interconnect_0:mm_interconnect_0|reloj_soc_mm_interconnect_0_router_002:router_008|reloj_soc_mm_interconnect_0_router_002_default_decode:the_default_decode ;
+--------------------+-------+--------------------------------------------------------------------------------------------------------------------------------------------------------------------------------------------------------+
; Parameter Name     ; Value ; Type                                                                                                                                                                                                   ;
+--------------------+-------+--------------------------------------------------------------------------------------------------------------------------------------------------------------------------------------------------------+
; DEFAULT_CHANNEL    ; 0     ; Signed Integer                                                                                                                                                                                         ;
; DEFAULT_WR_CHANNEL ; -1    ; Signed Integer                                                                                                                                                                                         ;
; DEFAULT_RD_CHANNEL ; -1    ; Signed Integer                                                                                                                                                                                         ;
; DEFAULT_DESTID     ; 0     ; Signed Integer                                                                                                                                                                                         ;
+--------------------+-------+--------------------------------------------------------------------------------------------------------------------------------------------------------------------------------------------------------+
Note: In order to hide this table in the UI and the text report file, please set the "Show Parameter Settings in Synthesis Report" option in "Analysis and Synthesis Settings -> More Settings" to "Off".


+-------------------------------------------------------------------------------------------------------------------------------------------------------------------------------------------+
; Parameter Settings for User Entity Instance: reloj_soc:dut|reloj_soc_mm_interconnect_0:mm_interconnect_0|reloj_soc_mm_interconnect_0_cmd_mux_002:cmd_mux_002|altera_merlin_arbitrator:arb ;
+----------------+-------------+------------------------------------------------------------------------------------------------------------------------------------------------------------+
; Parameter Name ; Value       ; Type                                                                                                                                                       ;
+----------------+-------------+------------------------------------------------------------------------------------------------------------------------------------------------------------+
; NUM_REQUESTERS ; 2           ; Signed Integer                                                                                                                                             ;
; SCHEME         ; round-robin ; String                                                                                                                                                     ;
; PIPELINE       ; 1           ; Signed Integer                                                                                                                                             ;
+----------------+-------------+------------------------------------------------------------------------------------------------------------------------------------------------------------+
Note: In order to hide this table in the UI and the text report file, please set the "Show Parameter Settings in Synthesis Report" option in "Analysis and Synthesis Settings -> More Settings" to "Off".


+-------------------------------------------------------------------------------------------------------------------------------------------------------------------------------------------------------------------------+
; Parameter Settings for User Entity Instance: reloj_soc:dut|reloj_soc_mm_interconnect_0:mm_interconnect_0|reloj_soc_mm_interconnect_0_cmd_mux_002:cmd_mux_002|altera_merlin_arbitrator:arb|altera_merlin_arb_adder:adder ;
+----------------+-------+------------------------------------------------------------------------------------------------------------------------------------------------------------------------------------------------+
; Parameter Name ; Value ; Type                                                                                                                                                                                           ;
+----------------+-------+------------------------------------------------------------------------------------------------------------------------------------------------------------------------------------------------+
; WIDTH          ; 4     ; Signed Integer                                                                                                                                                                                 ;
+----------------+-------+------------------------------------------------------------------------------------------------------------------------------------------------------------------------------------------------+
Note: In order to hide this table in the UI and the text report file, please set the "Show Parameter Settings in Synthesis Report" option in "Analysis and Synthesis Settings -> More Settings" to "Off".


+-------------------------------------------------------------------------------------------------------------------------------------------------------------------------------------------+
; Parameter Settings for User Entity Instance: reloj_soc:dut|reloj_soc_mm_interconnect_0:mm_interconnect_0|reloj_soc_mm_interconnect_0_cmd_mux_002:cmd_mux_003|altera_merlin_arbitrator:arb ;
+----------------+-------------+------------------------------------------------------------------------------------------------------------------------------------------------------------+
; Parameter Name ; Value       ; Type                                                                                                                                                       ;
+----------------+-------------+------------------------------------------------------------------------------------------------------------------------------------------------------------+
; NUM_REQUESTERS ; 2           ; Signed Integer                                                                                                                                             ;
; SCHEME         ; round-robin ; String                                                                                                                                                     ;
; PIPELINE       ; 1           ; Signed Integer                                                                                                                                             ;
+----------------+-------------+------------------------------------------------------------------------------------------------------------------------------------------------------------+
Note: In order to hide this table in the UI and the text report file, please set the "Show Parameter Settings in Synthesis Report" option in "Analysis and Synthesis Settings -> More Settings" to "Off".


+-------------------------------------------------------------------------------------------------------------------------------------------------------------------------------------------------------------------------+
; Parameter Settings for User Entity Instance: reloj_soc:dut|reloj_soc_mm_interconnect_0:mm_interconnect_0|reloj_soc_mm_interconnect_0_cmd_mux_002:cmd_mux_003|altera_merlin_arbitrator:arb|altera_merlin_arb_adder:adder ;
+----------------+-------+------------------------------------------------------------------------------------------------------------------------------------------------------------------------------------------------+
; Parameter Name ; Value ; Type                                                                                                                                                                                           ;
+----------------+-------+------------------------------------------------------------------------------------------------------------------------------------------------------------------------------------------------+
; WIDTH          ; 4     ; Signed Integer                                                                                                                                                                                 ;
+----------------+-------+------------------------------------------------------------------------------------------------------------------------------------------------------------------------------------------------+
Note: In order to hide this table in the UI and the text report file, please set the "Show Parameter Settings in Synthesis Report" option in "Analysis and Synthesis Settings -> More Settings" to "Off".


+-----------------------------------------------------------------------------------------------------------------------------------------------------------------------------------+
; Parameter Settings for User Entity Instance: reloj_soc:dut|reloj_soc_mm_interconnect_0:mm_interconnect_0|reloj_soc_mm_interconnect_0_rsp_mux:rsp_mux|altera_merlin_arbitrator:arb ;
+----------------+--------+---------------------------------------------------------------------------------------------------------------------------------------------------------+
; Parameter Name ; Value  ; Type                                                                                                                                                    ;
+----------------+--------+---------------------------------------------------------------------------------------------------------------------------------------------------------+
; NUM_REQUESTERS ; 7      ; Signed Integer                                                                                                                                          ;
; SCHEME         ; no-arb ; String                                                                                                                                                  ;
; PIPELINE       ; 0      ; Signed Integer                                                                                                                                          ;
+----------------+--------+---------------------------------------------------------------------------------------------------------------------------------------------------------+
Note: In order to hide this table in the UI and the text report file, please set the "Show Parameter Settings in Synthesis Report" option in "Analysis and Synthesis Settings -> More Settings" to "Off".


+-----------------------------------------------------------------------------------------------------------------------------------------------------------------------------------------------------------------+
; Parameter Settings for User Entity Instance: reloj_soc:dut|reloj_soc_mm_interconnect_0:mm_interconnect_0|reloj_soc_mm_interconnect_0_rsp_mux:rsp_mux|altera_merlin_arbitrator:arb|altera_merlin_arb_adder:adder ;
+----------------+-------+----------------------------------------------------------------------------------------------------------------------------------------------------------------------------------------+
; Parameter Name ; Value ; Type                                                                                                                                                                                   ;
+----------------+-------+----------------------------------------------------------------------------------------------------------------------------------------------------------------------------------------+
; WIDTH          ; 14    ; Signed Integer                                                                                                                                                                         ;
+----------------+-------+----------------------------------------------------------------------------------------------------------------------------------------------------------------------------------------+
Note: In order to hide this table in the UI and the text report file, please set the "Show Parameter Settings in Synthesis Report" option in "Analysis and Synthesis Settings -> More Settings" to "Off".


+-------------------------------------------------------------------------------------------------------------------------------------------------------------------------------------------+
; Parameter Settings for User Entity Instance: reloj_soc:dut|reloj_soc_mm_interconnect_0:mm_interconnect_0|reloj_soc_mm_interconnect_0_rsp_mux_001:rsp_mux_001|altera_merlin_arbitrator:arb ;
+----------------+--------+-----------------------------------------------------------------------------------------------------------------------------------------------------------------+
; Parameter Name ; Value  ; Type                                                                                                                                                            ;
+----------------+--------+-----------------------------------------------------------------------------------------------------------------------------------------------------------------+
; NUM_REQUESTERS ; 2      ; Signed Integer                                                                                                                                                  ;
; SCHEME         ; no-arb ; String                                                                                                                                                          ;
; PIPELINE       ; 0      ; Signed Integer                                                                                                                                                  ;
+----------------+--------+-----------------------------------------------------------------------------------------------------------------------------------------------------------------+
Note: In order to hide this table in the UI and the text report file, please set the "Show Parameter Settings in Synthesis Report" option in "Analysis and Synthesis Settings -> More Settings" to "Off".


+-------------------------------------------------------------------------------------------------------------------------------------------------------------------------------------------------------------------------+
; Parameter Settings for User Entity Instance: reloj_soc:dut|reloj_soc_mm_interconnect_0:mm_interconnect_0|reloj_soc_mm_interconnect_0_rsp_mux_001:rsp_mux_001|altera_merlin_arbitrator:arb|altera_merlin_arb_adder:adder ;
+----------------+-------+------------------------------------------------------------------------------------------------------------------------------------------------------------------------------------------------+
; Parameter Name ; Value ; Type                                                                                                                                                                                           ;
+----------------+-------+------------------------------------------------------------------------------------------------------------------------------------------------------------------------------------------------+
; WIDTH          ; 4     ; Signed Integer                                                                                                                                                                                 ;
+----------------+-------+------------------------------------------------------------------------------------------------------------------------------------------------------------------------------------------------+
Note: In order to hide this table in the UI and the text report file, please set the "Show Parameter Settings in Synthesis Report" option in "Analysis and Synthesis Settings -> More Settings" to "Off".


+--------------------------------------------------------------------------------------------------------------------------------------------------------------------------+
; Parameter Settings for User Entity Instance: reloj_soc:dut|reloj_soc_mm_interconnect_0:mm_interconnect_0|reloj_soc_mm_interconnect_0_avalon_st_adapter:avalon_st_adapter ;
+-----------------+-------+------------------------------------------------------------------------------------------------------------------------------------------------+
; Parameter Name  ; Value ; Type                                                                                                                                           ;
+-----------------+-------+------------------------------------------------------------------------------------------------------------------------------------------------+
; inBitsPerSymbol ; 34    ; Signed Integer                                                                                                                                 ;
; inUsePackets    ; 0     ; Signed Integer                                                                                                                                 ;
; inDataWidth     ; 34    ; Signed Integer                                                                                                                                 ;
; inChannelWidth  ; 0     ; Signed Integer                                                                                                                                 ;
; inErrorWidth    ; 0     ; Signed Integer                                                                                                                                 ;
; inUseEmptyPort  ; 0     ; Signed Integer                                                                                                                                 ;
; inUseValid      ; 1     ; Signed Integer                                                                                                                                 ;
; inUseReady      ; 1     ; Signed Integer                                                                                                                                 ;
; inReadyLatency  ; 0     ; Signed Integer                                                                                                                                 ;
; outDataWidth    ; 34    ; Signed Integer                                                                                                                                 ;
; outChannelWidth ; 0     ; Signed Integer                                                                                                                                 ;
; outErrorWidth   ; 1     ; Signed Integer                                                                                                                                 ;
; outUseEmptyPort ; 0     ; Signed Integer                                                                                                                                 ;
; outUseValid     ; 1     ; Signed Integer                                                                                                                                 ;
; outUseReady     ; 1     ; Signed Integer                                                                                                                                 ;
; outReadyLatency ; 0     ; Signed Integer                                                                                                                                 ;
+-----------------+-------+------------------------------------------------------------------------------------------------------------------------------------------------+
Note: In order to hide this table in the UI and the text report file, please set the "Show Parameter Settings in Synthesis Report" option in "Analysis and Synthesis Settings -> More Settings" to "Off".


+------------------------------------------------------------------------------------------------------------------------------------------------------------------------------+
; Parameter Settings for User Entity Instance: reloj_soc:dut|reloj_soc_mm_interconnect_0:mm_interconnect_0|reloj_soc_mm_interconnect_0_avalon_st_adapter:avalon_st_adapter_001 ;
+-----------------+-------+----------------------------------------------------------------------------------------------------------------------------------------------------+
; Parameter Name  ; Value ; Type                                                                                                                                               ;
+-----------------+-------+----------------------------------------------------------------------------------------------------------------------------------------------------+
; inBitsPerSymbol ; 34    ; Signed Integer                                                                                                                                     ;
; inUsePackets    ; 0     ; Signed Integer                                                                                                                                     ;
; inDataWidth     ; 34    ; Signed Integer                                                                                                                                     ;
; inChannelWidth  ; 0     ; Signed Integer                                                                                                                                     ;
; inErrorWidth    ; 0     ; Signed Integer                                                                                                                                     ;
; inUseEmptyPort  ; 0     ; Signed Integer                                                                                                                                     ;
; inUseValid      ; 1     ; Signed Integer                                                                                                                                     ;
; inUseReady      ; 1     ; Signed Integer                                                                                                                                     ;
; inReadyLatency  ; 0     ; Signed Integer                                                                                                                                     ;
; outDataWidth    ; 34    ; Signed Integer                                                                                                                                     ;
; outChannelWidth ; 0     ; Signed Integer                                                                                                                                     ;
; outErrorWidth   ; 1     ; Signed Integer                                                                                                                                     ;
; outUseEmptyPort ; 0     ; Signed Integer                                                                                                                                     ;
; outUseValid     ; 1     ; Signed Integer                                                                                                                                     ;
; outUseReady     ; 1     ; Signed Integer                                                                                                                                     ;
; outReadyLatency ; 0     ; Signed Integer                                                                                                                                     ;
+-----------------+-------+----------------------------------------------------------------------------------------------------------------------------------------------------+
Note: In order to hide this table in the UI and the text report file, please set the "Show Parameter Settings in Synthesis Report" option in "Analysis and Synthesis Settings -> More Settings" to "Off".


+------------------------------------------------------------------------------------------------------------------------------------------------------------------------------+
; Parameter Settings for User Entity Instance: reloj_soc:dut|reloj_soc_mm_interconnect_0:mm_interconnect_0|reloj_soc_mm_interconnect_0_avalon_st_adapter:avalon_st_adapter_002 ;
+-----------------+-------+----------------------------------------------------------------------------------------------------------------------------------------------------+
; Parameter Name  ; Value ; Type                                                                                                                                               ;
+-----------------+-------+----------------------------------------------------------------------------------------------------------------------------------------------------+
; inBitsPerSymbol ; 34    ; Signed Integer                                                                                                                                     ;
; inUsePackets    ; 0     ; Signed Integer                                                                                                                                     ;
; inDataWidth     ; 34    ; Signed Integer                                                                                                                                     ;
; inChannelWidth  ; 0     ; Signed Integer                                                                                                                                     ;
; inErrorWidth    ; 0     ; Signed Integer                                                                                                                                     ;
; inUseEmptyPort  ; 0     ; Signed Integer                                                                                                                                     ;
; inUseValid      ; 1     ; Signed Integer                                                                                                                                     ;
; inUseReady      ; 1     ; Signed Integer                                                                                                                                     ;
; inReadyLatency  ; 0     ; Signed Integer                                                                                                                                     ;
; outDataWidth    ; 34    ; Signed Integer                                                                                                                                     ;
; outChannelWidth ; 0     ; Signed Integer                                                                                                                                     ;
; outErrorWidth   ; 1     ; Signed Integer                                                                                                                                     ;
; outUseEmptyPort ; 0     ; Signed Integer                                                                                                                                     ;
; outUseValid     ; 1     ; Signed Integer                                                                                                                                     ;
; outUseReady     ; 1     ; Signed Integer                                                                                                                                     ;
; outReadyLatency ; 0     ; Signed Integer                                                                                                                                     ;
+-----------------+-------+----------------------------------------------------------------------------------------------------------------------------------------------------+
Note: In order to hide this table in the UI and the text report file, please set the "Show Parameter Settings in Synthesis Report" option in "Analysis and Synthesis Settings -> More Settings" to "Off".


+------------------------------------------------------------------------------------------------------------------------------------------------------------------------------+
; Parameter Settings for User Entity Instance: reloj_soc:dut|reloj_soc_mm_interconnect_0:mm_interconnect_0|reloj_soc_mm_interconnect_0_avalon_st_adapter:avalon_st_adapter_003 ;
+-----------------+-------+----------------------------------------------------------------------------------------------------------------------------------------------------+
; Parameter Name  ; Value ; Type                                                                                                                                               ;
+-----------------+-------+----------------------------------------------------------------------------------------------------------------------------------------------------+
; inBitsPerSymbol ; 34    ; Signed Integer                                                                                                                                     ;
; inUsePackets    ; 0     ; Signed Integer                                                                                                                                     ;
; inDataWidth     ; 34    ; Signed Integer                                                                                                                                     ;
; inChannelWidth  ; 0     ; Signed Integer                                                                                                                                     ;
; inErrorWidth    ; 0     ; Signed Integer                                                                                                                                     ;
; inUseEmptyPort  ; 0     ; Signed Integer                                                                                                                                     ;
; inUseValid      ; 1     ; Signed Integer                                                                                                                                     ;
; inUseReady      ; 1     ; Signed Integer                                                                                                                                     ;
; inReadyLatency  ; 0     ; Signed Integer                                                                                                                                     ;
; outDataWidth    ; 34    ; Signed Integer                                                                                                                                     ;
; outChannelWidth ; 0     ; Signed Integer                                                                                                                                     ;
; outErrorWidth   ; 1     ; Signed Integer                                                                                                                                     ;
; outUseEmptyPort ; 0     ; Signed Integer                                                                                                                                     ;
; outUseValid     ; 1     ; Signed Integer                                                                                                                                     ;
; outUseReady     ; 1     ; Signed Integer                                                                                                                                     ;
; outReadyLatency ; 0     ; Signed Integer                                                                                                                                     ;
+-----------------+-------+----------------------------------------------------------------------------------------------------------------------------------------------------+
Note: In order to hide this table in the UI and the text report file, please set the "Show Parameter Settings in Synthesis Report" option in "Analysis and Synthesis Settings -> More Settings" to "Off".


+------------------------------------------------------------------------------------------------------------------------------------------------------------------------------+
; Parameter Settings for User Entity Instance: reloj_soc:dut|reloj_soc_mm_interconnect_0:mm_interconnect_0|reloj_soc_mm_interconnect_0_avalon_st_adapter:avalon_st_adapter_004 ;
+-----------------+-------+----------------------------------------------------------------------------------------------------------------------------------------------------+
; Parameter Name  ; Value ; Type                                                                                                                                               ;
+-----------------+-------+----------------------------------------------------------------------------------------------------------------------------------------------------+
; inBitsPerSymbol ; 34    ; Signed Integer                                                                                                                                     ;
; inUsePackets    ; 0     ; Signed Integer                                                                                                                                     ;
; inDataWidth     ; 34    ; Signed Integer                                                                                                                                     ;
; inChannelWidth  ; 0     ; Signed Integer                                                                                                                                     ;
; inErrorWidth    ; 0     ; Signed Integer                                                                                                                                     ;
; inUseEmptyPort  ; 0     ; Signed Integer                                                                                                                                     ;
; inUseValid      ; 1     ; Signed Integer                                                                                                                                     ;
; inUseReady      ; 1     ; Signed Integer                                                                                                                                     ;
; inReadyLatency  ; 0     ; Signed Integer                                                                                                                                     ;
; outDataWidth    ; 34    ; Signed Integer                                                                                                                                     ;
; outChannelWidth ; 0     ; Signed Integer                                                                                                                                     ;
; outErrorWidth   ; 1     ; Signed Integer                                                                                                                                     ;
; outUseEmptyPort ; 0     ; Signed Integer                                                                                                                                     ;
; outUseValid     ; 1     ; Signed Integer                                                                                                                                     ;
; outUseReady     ; 1     ; Signed Integer                                                                                                                                     ;
; outReadyLatency ; 0     ; Signed Integer                                                                                                                                     ;
+-----------------+-------+----------------------------------------------------------------------------------------------------------------------------------------------------+
Note: In order to hide this table in the UI and the text report file, please set the "Show Parameter Settings in Synthesis Report" option in "Analysis and Synthesis Settings -> More Settings" to "Off".


+------------------------------------------------------------------------------------------------------------------------------------------------------------------------------+
; Parameter Settings for User Entity Instance: reloj_soc:dut|reloj_soc_mm_interconnect_0:mm_interconnect_0|reloj_soc_mm_interconnect_0_avalon_st_adapter:avalon_st_adapter_005 ;
+-----------------+-------+----------------------------------------------------------------------------------------------------------------------------------------------------+
; Parameter Name  ; Value ; Type                                                                                                                                               ;
+-----------------+-------+----------------------------------------------------------------------------------------------------------------------------------------------------+
; inBitsPerSymbol ; 34    ; Signed Integer                                                                                                                                     ;
; inUsePackets    ; 0     ; Signed Integer                                                                                                                                     ;
; inDataWidth     ; 34    ; Signed Integer                                                                                                                                     ;
; inChannelWidth  ; 0     ; Signed Integer                                                                                                                                     ;
; inErrorWidth    ; 0     ; Signed Integer                                                                                                                                     ;
; inUseEmptyPort  ; 0     ; Signed Integer                                                                                                                                     ;
; inUseValid      ; 1     ; Signed Integer                                                                                                                                     ;
; inUseReady      ; 1     ; Signed Integer                                                                                                                                     ;
; inReadyLatency  ; 0     ; Signed Integer                                                                                                                                     ;
; outDataWidth    ; 34    ; Signed Integer                                                                                                                                     ;
; outChannelWidth ; 0     ; Signed Integer                                                                                                                                     ;
; outErrorWidth   ; 1     ; Signed Integer                                                                                                                                     ;
; outUseEmptyPort ; 0     ; Signed Integer                                                                                                                                     ;
; outUseValid     ; 1     ; Signed Integer                                                                                                                                     ;
; outUseReady     ; 1     ; Signed Integer                                                                                                                                     ;
; outReadyLatency ; 0     ; Signed Integer                                                                                                                                     ;
+-----------------+-------+----------------------------------------------------------------------------------------------------------------------------------------------------+
Note: In order to hide this table in the UI and the text report file, please set the "Show Parameter Settings in Synthesis Report" option in "Analysis and Synthesis Settings -> More Settings" to "Off".


+------------------------------------------------------------------------------------------------------------------------------------------------------------------------------+
; Parameter Settings for User Entity Instance: reloj_soc:dut|reloj_soc_mm_interconnect_0:mm_interconnect_0|reloj_soc_mm_interconnect_0_avalon_st_adapter:avalon_st_adapter_006 ;
+-----------------+-------+----------------------------------------------------------------------------------------------------------------------------------------------------+
; Parameter Name  ; Value ; Type                                                                                                                                               ;
+-----------------+-------+----------------------------------------------------------------------------------------------------------------------------------------------------+
; inBitsPerSymbol ; 34    ; Signed Integer                                                                                                                                     ;
; inUsePackets    ; 0     ; Signed Integer                                                                                                                                     ;
; inDataWidth     ; 34    ; Signed Integer                                                                                                                                     ;
; inChannelWidth  ; 0     ; Signed Integer                                                                                                                                     ;
; inErrorWidth    ; 0     ; Signed Integer                                                                                                                                     ;
; inUseEmptyPort  ; 0     ; Signed Integer                                                                                                                                     ;
; inUseValid      ; 1     ; Signed Integer                                                                                                                                     ;
; inUseReady      ; 1     ; Signed Integer                                                                                                                                     ;
; inReadyLatency  ; 0     ; Signed Integer                                                                                                                                     ;
; outDataWidth    ; 34    ; Signed Integer                                                                                                                                     ;
; outChannelWidth ; 0     ; Signed Integer                                                                                                                                     ;
; outErrorWidth   ; 1     ; Signed Integer                                                                                                                                     ;
; outUseEmptyPort ; 0     ; Signed Integer                                                                                                                                     ;
; outUseValid     ; 1     ; Signed Integer                                                                                                                                     ;
; outUseReady     ; 1     ; Signed Integer                                                                                                                                     ;
; outReadyLatency ; 0     ; Signed Integer                                                                                                                                     ;
+-----------------+-------+----------------------------------------------------------------------------------------------------------------------------------------------------+
Note: In order to hide this table in the UI and the text report file, please set the "Show Parameter Settings in Synthesis Report" option in "Analysis and Synthesis Settings -> More Settings" to "Off".


+---------------------------------------------------------------------------------------------------+
; Parameter Settings for User Entity Instance: reloj_soc:dut|altera_reset_controller:rst_controller ;
+---------------------------+----------+------------------------------------------------------------+
; Parameter Name            ; Value    ; Type                                                       ;
+---------------------------+----------+------------------------------------------------------------+
; NUM_RESET_INPUTS          ; 1        ; Signed Integer                                             ;
; USE_RESET_REQUEST_IN0     ; 0        ; Signed Integer                                             ;
; USE_RESET_REQUEST_IN1     ; 0        ; Signed Integer                                             ;
; USE_RESET_REQUEST_IN2     ; 0        ; Signed Integer                                             ;
; USE_RESET_REQUEST_IN3     ; 0        ; Signed Integer                                             ;
; USE_RESET_REQUEST_IN4     ; 0        ; Signed Integer                                             ;
; USE_RESET_REQUEST_IN5     ; 0        ; Signed Integer                                             ;
; USE_RESET_REQUEST_IN6     ; 0        ; Signed Integer                                             ;
; USE_RESET_REQUEST_IN7     ; 0        ; Signed Integer                                             ;
; USE_RESET_REQUEST_IN8     ; 0        ; Signed Integer                                             ;
; USE_RESET_REQUEST_IN9     ; 0        ; Signed Integer                                             ;
; USE_RESET_REQUEST_IN10    ; 0        ; Signed Integer                                             ;
; USE_RESET_REQUEST_IN11    ; 0        ; Signed Integer                                             ;
; USE_RESET_REQUEST_IN12    ; 0        ; Signed Integer                                             ;
; USE_RESET_REQUEST_IN13    ; 0        ; Signed Integer                                             ;
; USE_RESET_REQUEST_IN14    ; 0        ; Signed Integer                                             ;
; USE_RESET_REQUEST_IN15    ; 0        ; Signed Integer                                             ;
; OUTPUT_RESET_SYNC_EDGES   ; deassert ; String                                                     ;
; SYNC_DEPTH                ; 2        ; Signed Integer                                             ;
; RESET_REQUEST_PRESENT     ; 1        ; Signed Integer                                             ;
; RESET_REQ_WAIT_TIME       ; 1        ; Signed Integer                                             ;
; MIN_RST_ASSERTION_TIME    ; 3        ; Signed Integer                                             ;
; RESET_REQ_EARLY_DSRT_TIME ; 1        ; Signed Integer                                             ;
; ADAPT_RESET_REQUEST       ; 0        ; Signed Integer                                             ;
+---------------------------+----------+------------------------------------------------------------+
Note: In order to hide this table in the UI and the text report file, please set the "Show Parameter Settings in Synthesis Report" option in "Analysis and Synthesis Settings -> More Settings" to "Off".


+----------------------------------------------------------------------------------------------------------------------------------------------+
; Parameter Settings for User Entity Instance: reloj_soc:dut|altera_reset_controller:rst_controller|altera_reset_synchronizer:alt_rst_sync_uq1 ;
+----------------+-------+---------------------------------------------------------------------------------------------------------------------+
; Parameter Name ; Value ; Type                                                                                                                ;
+----------------+-------+---------------------------------------------------------------------------------------------------------------------+
; ASYNC_RESET    ; 1     ; Unsigned Binary                                                                                                     ;
; DEPTH          ; 2     ; Signed Integer                                                                                                      ;
+----------------+-------+---------------------------------------------------------------------------------------------------------------------+
Note: In order to hide this table in the UI and the text report file, please set the "Show Parameter Settings in Synthesis Report" option in "Analysis and Synthesis Settings -> More Settings" to "Off".


+--------------------------------------------------------------------------------------------------------------------------------------------------+
; Parameter Settings for User Entity Instance: reloj_soc:dut|altera_reset_controller:rst_controller|altera_reset_synchronizer:alt_rst_req_sync_uq1 ;
+----------------+-------+-------------------------------------------------------------------------------------------------------------------------+
; Parameter Name ; Value ; Type                                                                                                                    ;
+----------------+-------+-------------------------------------------------------------------------------------------------------------------------+
; ASYNC_RESET    ; 0     ; Signed Integer                                                                                                          ;
; DEPTH          ; 2     ; Signed Integer                                                                                                          ;
+----------------+-------+-------------------------------------------------------------------------------------------------------------------------+
Note: In order to hide this table in the UI and the text report file, please set the "Show Parameter Settings in Synthesis Report" option in "Analysis and Synthesis Settings -> More Settings" to "Off".


+---------------------------------------------------------------------------------------------------------------------------+
; Analysis & Elaboration Settings                                                                                           ;
+---------------------------------------------------------------------------------+--------------------+--------------------+
; Option                                                                          ; Setting            ; Default Value      ;
+---------------------------------------------------------------------------------+--------------------+--------------------+
; Device                                                                          ; 5CSTFD5D5F31I7     ;                    ;
; Top-level entity name                                                           ; soc_top            ; Reloj              ;
; Family name                                                                     ; Cyclone V          ; Cyclone V          ;
; Use smart compilation                                                           ; Off                ; Off                ;
; Enable parallel Assembler and Timing Analyzer during compilation                ; On                 ; On                 ;
; Enable compact report table                                                     ; Off                ; Off                ;
; Restructure Multiplexers                                                        ; Auto               ; Auto               ;
; MLAB Add Timing Constraints For Mixed-Port Feed-Through Mode Setting Don't Care ; Off                ; Off                ;
; Create Debugging Nodes for IP Cores                                             ; Off                ; Off                ;
; Preserve fewer node names                                                       ; On                 ; On                 ;
; Intel FPGA IP Evaluation Mode                                                   ; Enable             ; Enable             ;
; Verilog Version                                                                 ; Verilog_2001       ; Verilog_2001       ;
; VHDL Version                                                                    ; VHDL_1993          ; VHDL_1993          ;
; State Machine Processing                                                        ; Auto               ; Auto               ;
; Safe State Machine                                                              ; Off                ; Off                ;
; Extract Verilog State Machines                                                  ; On                 ; On                 ;
; Extract VHDL State Machines                                                     ; On                 ; On                 ;
; Ignore Verilog initial constructs                                               ; Off                ; Off                ;
; Iteration limit for constant Verilog loops                                      ; 5000               ; 5000               ;
; Iteration limit for non-constant Verilog loops                                  ; 250                ; 250                ;
; Add Pass-Through Logic to Inferred RAMs                                         ; On                 ; On                 ;
; Infer RAMs from Raw Logic                                                       ; On                 ; On                 ;
; Parallel Synthesis                                                              ; On                 ; On                 ;
; DSP Block Balancing                                                             ; Auto               ; Auto               ;
; NOT Gate Push-Back                                                              ; On                 ; On                 ;
; Power-Up Don't Care                                                             ; On                 ; On                 ;
; Remove Redundant Logic Cells                                                    ; Off                ; Off                ;
; Remove Duplicate Registers                                                      ; On                 ; On                 ;
; Ignore CARRY Buffers                                                            ; Off                ; Off                ;
; Ignore CASCADE Buffers                                                          ; Off                ; Off                ;
; Ignore GLOBAL Buffers                                                           ; Off                ; Off                ;
; Ignore ROW GLOBAL Buffers                                                       ; Off                ; Off                ;
; Ignore LCELL Buffers                                                            ; Off                ; Off                ;
; Ignore SOFT Buffers                                                             ; On                 ; On                 ;
; Limit AHDL Integers to 32 Bits                                                  ; Off                ; Off                ;
; Optimization Technique                                                          ; Balanced           ; Balanced           ;
; Carry Chain Length                                                              ; 70                 ; 70                 ;
; Auto Carry Chains                                                               ; On                 ; On                 ;
; Auto Open-Drain Pins                                                            ; On                 ; On                 ;
; Perform WYSIWYG Primitive Resynthesis                                           ; Off                ; Off                ;
; Auto ROM Replacement                                                            ; On                 ; On                 ;
; Auto RAM Replacement                                                            ; On                 ; On                 ;
; Auto DSP Block Replacement                                                      ; On                 ; On                 ;
; Auto Shift Register Replacement                                                 ; Auto               ; Auto               ;
; Allow Shift Register Merging across Hierarchies                                 ; Auto               ; Auto               ;
; Auto Clock Enable Replacement                                                   ; On                 ; On                 ;
; Strict RAM Replacement                                                          ; Off                ; Off                ;
; Allow Synchronous Control Signals                                               ; On                 ; On                 ;
; Force Use of Synchronous Clear Signals                                          ; Off                ; Off                ;
; Auto Resource Sharing                                                           ; Off                ; Off                ;
; Allow Any RAM Size For Recognition                                              ; Off                ; Off                ;
; Allow Any ROM Size For Recognition                                              ; Off                ; Off                ;
; Allow Any Shift Register Size For Recognition                                   ; Off                ; Off                ;
; Use LogicLock Constraints during Resource Balancing                             ; On                 ; On                 ;
; Ignore translate_off and synthesis_off directives                               ; Off                ; Off                ;
; Timing-Driven Synthesis                                                         ; On                 ; On                 ;
; Report Parameter Settings                                                       ; On                 ; On                 ;
; Report Source Assignments                                                       ; On                 ; On                 ;
; Report Connectivity Checks                                                      ; On                 ; On                 ;
; Ignore Maximum Fan-Out Assignments                                              ; Off                ; Off                ;
; Synchronization Register Chain Length                                           ; 3                  ; 3                  ;
; Power Optimization During Synthesis                                             ; Normal compilation ; Normal compilation ;
; HDL message level                                                               ; Level2             ; Level2             ;
; Suppress Register Optimization Related Messages                                 ; Off                ; Off                ;
; Number of Removed Registers Reported in Synthesis Report                        ; 5000               ; 5000               ;
; Number of Swept Nodes Reported in Synthesis Report                              ; 5000               ; 5000               ;
; Number of Inverted Registers Reported in Synthesis Report                       ; 100                ; 100                ;
; Clock MUX Protection                                                            ; On                 ; On                 ;
; Auto Gated Clock Conversion                                                     ; Off                ; Off                ;
; Block Design Naming                                                             ; Auto               ; Auto               ;
; SDC constraint protection                                                       ; Off                ; Off                ;
; Synthesis Effort                                                                ; Auto               ; Auto               ;
; Shift Register Replacement - Allow Asynchronous Clear Signal                    ; On                 ; On                 ;
; Pre-Mapping Resynthesis Optimization                                            ; Off                ; Off                ;
; Analysis & Synthesis Message Level                                              ; Medium             ; Medium             ;
; Disable Register Merging Across Hierarchies                                     ; Auto               ; Auto               ;
; Resource Aware Inference For Block RAM                                          ; On                 ; On                 ;
; Automatic Parallel Synthesis                                                    ; On                 ; On                 ;
; Partial Reconfiguration Bitstream ID                                            ; Off                ; Off                ;
+---------------------------------------------------------------------------------+--------------------+--------------------+


+---------------------------------------------------------------------------------------------------------------------------------+
; Port Connectivity Checks: "reloj_soc:dut|altera_reset_controller:rst_controller|altera_reset_synchronizer:alt_rst_req_sync_uq1" ;
+----------+-------+----------+---------------------------------------------------------------------------------------------------+
; Port     ; Type  ; Severity ; Details                                                                                           ;
+----------+-------+----------+---------------------------------------------------------------------------------------------------+
; reset_in ; Input ; Info     ; Stuck at GND                                                                                      ;
+----------+-------+----------+---------------------------------------------------------------------------------------------------+


+----------------------------------------------------------------------------------+
; Port Connectivity Checks: "reloj_soc:dut|altera_reset_controller:rst_controller" ;
+----------------+-------+----------+----------------------------------------------+
; Port           ; Type  ; Severity ; Details                                      ;
+----------------+-------+----------+----------------------------------------------+
; reset_req_in0  ; Input ; Info     ; Stuck at GND                                 ;
; reset_in1      ; Input ; Info     ; Stuck at GND                                 ;
; reset_req_in1  ; Input ; Info     ; Stuck at GND                                 ;
; reset_in2      ; Input ; Info     ; Stuck at GND                                 ;
; reset_req_in2  ; Input ; Info     ; Stuck at GND                                 ;
; reset_in3      ; Input ; Info     ; Stuck at GND                                 ;
; reset_req_in3  ; Input ; Info     ; Stuck at GND                                 ;
; reset_in4      ; Input ; Info     ; Stuck at GND                                 ;
; reset_req_in4  ; Input ; Info     ; Stuck at GND                                 ;
; reset_in5      ; Input ; Info     ; Stuck at GND                                 ;
; reset_req_in5  ; Input ; Info     ; Stuck at GND                                 ;
; reset_in6      ; Input ; Info     ; Stuck at GND                                 ;
; reset_req_in6  ; Input ; Info     ; Stuck at GND                                 ;
; reset_in7      ; Input ; Info     ; Stuck at GND                                 ;
; reset_req_in7  ; Input ; Info     ; Stuck at GND                                 ;
; reset_in8      ; Input ; Info     ; Stuck at GND                                 ;
; reset_req_in8  ; Input ; Info     ; Stuck at GND                                 ;
; reset_in9      ; Input ; Info     ; Stuck at GND                                 ;
; reset_req_in9  ; Input ; Info     ; Stuck at GND                                 ;
; reset_in10     ; Input ; Info     ; Stuck at GND                                 ;
; reset_req_in10 ; Input ; Info     ; Stuck at GND                                 ;
; reset_in11     ; Input ; Info     ; Stuck at GND                                 ;
; reset_req_in11 ; Input ; Info     ; Stuck at GND                                 ;
; reset_in12     ; Input ; Info     ; Stuck at GND                                 ;
; reset_req_in12 ; Input ; Info     ; Stuck at GND                                 ;
; reset_in13     ; Input ; Info     ; Stuck at GND                                 ;
; reset_req_in13 ; Input ; Info     ; Stuck at GND                                 ;
; reset_in14     ; Input ; Info     ; Stuck at GND                                 ;
; reset_req_in14 ; Input ; Info     ; Stuck at GND                                 ;
; reset_in15     ; Input ; Info     ; Stuck at GND                                 ;
; reset_req_in15 ; Input ; Info     ; Stuck at GND                                 ;
+----------------+-------+----------+----------------------------------------------+


+--------------------------------------------------------------------------------------------------------------------------------------------------------------------------------------------------------+
; Port Connectivity Checks: "reloj_soc:dut|reloj_soc_mm_interconnect_0:mm_interconnect_0|reloj_soc_mm_interconnect_0_rsp_mux_001:rsp_mux_001|altera_merlin_arbitrator:arb|altera_merlin_arb_adder:adder" ;
+---------+--------+----------+--------------------------------------------------------------------------------------------------------------------------------------------------------------------------+
; Port    ; Type   ; Severity ; Details                                                                                                                                                                  ;
+---------+--------+----------+--------------------------------------------------------------------------------------------------------------------------------------------------------------------------+
; b[3..1] ; Input  ; Info     ; Stuck at GND                                                                                                                                                             ;
; b[0]    ; Input  ; Info     ; Stuck at VCC                                                                                                                                                             ;
; sum     ; Output ; Info     ; Connected to dangling logic. Logic that only feeds a dangling port will be removed.                                                                                      ;
+---------+--------+----------+--------------------------------------------------------------------------------------------------------------------------------------------------------------------------+


+------------------------------------------------------------------------------------------------------------------------------------------------------------------------------------------------+
; Port Connectivity Checks: "reloj_soc:dut|reloj_soc_mm_interconnect_0:mm_interconnect_0|reloj_soc_mm_interconnect_0_rsp_mux:rsp_mux|altera_merlin_arbitrator:arb|altera_merlin_arb_adder:adder" ;
+----------+--------+----------+-----------------------------------------------------------------------------------------------------------------------------------------------------------------+
; Port     ; Type   ; Severity ; Details                                                                                                                                                         ;
+----------+--------+----------+-----------------------------------------------------------------------------------------------------------------------------------------------------------------+
; b[13..1] ; Input  ; Info     ; Stuck at GND                                                                                                                                                    ;
; b[0]     ; Input  ; Info     ; Stuck at VCC                                                                                                                                                    ;
; sum      ; Output ; Info     ; Connected to dangling logic. Logic that only feeds a dangling port will be removed.                                                                             ;
+----------+--------+----------+-----------------------------------------------------------------------------------------------------------------------------------------------------------------+


+--------------------------------------------------------------------------------------------------------------------------------------------------------------------------------------------------------+
; Port Connectivity Checks: "reloj_soc:dut|reloj_soc_mm_interconnect_0:mm_interconnect_0|reloj_soc_mm_interconnect_0_cmd_mux_002:cmd_mux_002|altera_merlin_arbitrator:arb|altera_merlin_arb_adder:adder" ;
+---------+-------+----------+---------------------------------------------------------------------------------------------------------------------------------------------------------------------------+
; Port    ; Type  ; Severity ; Details                                                                                                                                                                   ;
+---------+-------+----------+---------------------------------------------------------------------------------------------------------------------------------------------------------------------------+
; b[3..2] ; Input ; Info     ; Stuck at GND                                                                                                                                                              ;
+---------+-------+----------+---------------------------------------------------------------------------------------------------------------------------------------------------------------------------+


+--------------------------------------------------------------------------------------------------------------------------------------------------------------------------------------------------------------------+
; Port Connectivity Checks: "reloj_soc:dut|reloj_soc_mm_interconnect_0:mm_interconnect_0|reloj_soc_mm_interconnect_0_router_004:router_004|reloj_soc_mm_interconnect_0_router_004_default_decode:the_default_decode" ;
+------------------------+--------+----------+-----------------------------------------------------------------------------------------------------------------------------------------------------------------------+
; Port                   ; Type   ; Severity ; Details                                                                                                                                                               ;
+------------------------+--------+----------+-----------------------------------------------------------------------------------------------------------------------------------------------------------------------+
; default_destination_id ; Output ; Info     ; Explicitly unconnected                                                                                                                                                ;
; default_wr_channel     ; Output ; Info     ; Explicitly unconnected                                                                                                                                                ;
; default_rd_channel     ; Output ; Info     ; Explicitly unconnected                                                                                                                                                ;
+------------------------+--------+----------+-----------------------------------------------------------------------------------------------------------------------------------------------------------------------+


+--------------------------------------------------------------------------------------------------------------------------------------------------------------------------------------------------------------------+
; Port Connectivity Checks: "reloj_soc:dut|reloj_soc_mm_interconnect_0:mm_interconnect_0|reloj_soc_mm_interconnect_0_router_002:router_002|reloj_soc_mm_interconnect_0_router_002_default_decode:the_default_decode" ;
+------------------------+--------+----------+-----------------------------------------------------------------------------------------------------------------------------------------------------------------------+
; Port                   ; Type   ; Severity ; Details                                                                                                                                                               ;
+------------------------+--------+----------+-----------------------------------------------------------------------------------------------------------------------------------------------------------------------+
; default_destination_id ; Output ; Info     ; Explicitly unconnected                                                                                                                                                ;
; default_wr_channel     ; Output ; Info     ; Explicitly unconnected                                                                                                                                                ;
; default_rd_channel     ; Output ; Info     ; Explicitly unconnected                                                                                                                                                ;
+------------------------+--------+----------+-----------------------------------------------------------------------------------------------------------------------------------------------------------------------+


+--------------------------------------------------------------------------------------------------------------------------------------------------------------------------------------------------------------------+
; Port Connectivity Checks: "reloj_soc:dut|reloj_soc_mm_interconnect_0:mm_interconnect_0|reloj_soc_mm_interconnect_0_router_001:router_001|reloj_soc_mm_interconnect_0_router_001_default_decode:the_default_decode" ;
+--------------------+--------+----------+---------------------------------------------------------------------------------------------------------------------------------------------------------------------------+
; Port               ; Type   ; Severity ; Details                                                                                                                                                                   ;
+--------------------+--------+----------+---------------------------------------------------------------------------------------------------------------------------------------------------------------------------+
; default_wr_channel ; Output ; Info     ; Explicitly unconnected                                                                                                                                                    ;
; default_rd_channel ; Output ; Info     ; Explicitly unconnected                                                                                                                                                    ;
+--------------------+--------+----------+---------------------------------------------------------------------------------------------------------------------------------------------------------------------------+


+--------------------------------------------------------------------------------------------------------------------------------------------------------------------------------------------------------+
; Port Connectivity Checks: "reloj_soc:dut|reloj_soc_mm_interconnect_0:mm_interconnect_0|reloj_soc_mm_interconnect_0_router:router|reloj_soc_mm_interconnect_0_router_default_decode:the_default_decode" ;
+--------------------+--------+----------+---------------------------------------------------------------------------------------------------------------------------------------------------------------+
; Port               ; Type   ; Severity ; Details                                                                                                                                                       ;
+--------------------+--------+----------+---------------------------------------------------------------------------------------------------------------------------------------------------------------+
; default_wr_channel ; Output ; Info     ; Explicitly unconnected                                                                                                                                        ;
; default_rd_channel ; Output ; Info     ; Explicitly unconnected                                                                                                                                        ;
+--------------------+--------+----------+---------------------------------------------------------------------------------------------------------------------------------------------------------------+


+--------------------------------------------------------------------------------------------------------------------------------------------+
; Port Connectivity Checks: "reloj_soc:dut|reloj_soc_mm_interconnect_0:mm_interconnect_0|altera_avalon_sc_fifo:reg_button_s1_agent_rsp_fifo" ;
+-------------------+--------+----------+----------------------------------------------------------------------------------------------------+
; Port              ; Type   ; Severity ; Details                                                                                            ;
+-------------------+--------+----------+----------------------------------------------------------------------------------------------------+
; csr_address       ; Input  ; Info     ; Stuck at GND                                                                                       ;
; csr_read          ; Input  ; Info     ; Stuck at GND                                                                                       ;
; csr_write         ; Input  ; Info     ; Stuck at GND                                                                                       ;
; csr_readdata      ; Output ; Info     ; Explicitly unconnected                                                                             ;
; csr_writedata     ; Input  ; Info     ; Stuck at GND                                                                                       ;
; almost_full_data  ; Output ; Info     ; Explicitly unconnected                                                                             ;
; almost_empty_data ; Output ; Info     ; Explicitly unconnected                                                                             ;
; in_empty          ; Input  ; Info     ; Stuck at GND                                                                                       ;
; out_empty         ; Output ; Info     ; Explicitly unconnected                                                                             ;
; in_error          ; Input  ; Info     ; Stuck at GND                                                                                       ;
; out_error         ; Output ; Info     ; Explicitly unconnected                                                                             ;
; in_channel        ; Input  ; Info     ; Stuck at GND                                                                                       ;
; out_channel       ; Output ; Info     ; Explicitly unconnected                                                                             ;
+-------------------+--------+----------+----------------------------------------------------------------------------------------------------+


+---------------------------------------------------------------------------------------------------------------------------------------+
; Port Connectivity Checks: "reloj_soc:dut|reloj_soc_mm_interconnect_0:mm_interconnect_0|altera_merlin_slave_agent:reg_button_s1_agent" ;
+-----------------------+-------+----------+--------------------------------------------------------------------------------------------+
; Port                  ; Type  ; Severity ; Details                                                                                    ;
+-----------------------+-------+----------+--------------------------------------------------------------------------------------------+
; m0_response           ; Input ; Info     ; Stuck at GND                                                                               ;
; m0_writeresponsevalid ; Input ; Info     ; Stuck at GND                                                                               ;
+-----------------------+-------+----------+--------------------------------------------------------------------------------------------+


+---------------------------------------------------------------------------------------------------------------------------------------+
; Port Connectivity Checks: "reloj_soc:dut|reloj_soc_mm_interconnect_0:mm_interconnect_0|altera_avalon_sc_fifo:timer_s1_agent_rsp_fifo" ;
+-------------------+--------+----------+-----------------------------------------------------------------------------------------------+
; Port              ; Type   ; Severity ; Details                                                                                       ;
+-------------------+--------+----------+-----------------------------------------------------------------------------------------------+
; csr_address       ; Input  ; Info     ; Stuck at GND                                                                                  ;
; csr_read          ; Input  ; Info     ; Stuck at GND                                                                                  ;
; csr_write         ; Input  ; Info     ; Stuck at GND                                                                                  ;
; csr_readdata      ; Output ; Info     ; Explicitly unconnected                                                                        ;
; csr_writedata     ; Input  ; Info     ; Stuck at GND                                                                                  ;
; almost_full_data  ; Output ; Info     ; Explicitly unconnected                                                                        ;
; almost_empty_data ; Output ; Info     ; Explicitly unconnected                                                                        ;
; in_empty          ; Input  ; Info     ; Stuck at GND                                                                                  ;
; out_empty         ; Output ; Info     ; Explicitly unconnected                                                                        ;
; in_error          ; Input  ; Info     ; Stuck at GND                                                                                  ;
; out_error         ; Output ; Info     ; Explicitly unconnected                                                                        ;
; in_channel        ; Input  ; Info     ; Stuck at GND                                                                                  ;
; out_channel       ; Output ; Info     ; Explicitly unconnected                                                                        ;
+-------------------+--------+----------+-----------------------------------------------------------------------------------------------+


+----------------------------------------------------------------------------------------------------------------------------------+
; Port Connectivity Checks: "reloj_soc:dut|reloj_soc_mm_interconnect_0:mm_interconnect_0|altera_merlin_slave_agent:timer_s1_agent" ;
+-----------------------+-------+----------+---------------------------------------------------------------------------------------+
; Port                  ; Type  ; Severity ; Details                                                                               ;
+-----------------------+-------+----------+---------------------------------------------------------------------------------------+
; m0_response           ; Input ; Info     ; Stuck at GND                                                                          ;
; m0_writeresponsevalid ; Input ; Info     ; Stuck at GND                                                                          ;
+-----------------------+-------+----------+---------------------------------------------------------------------------------------+


+------------------------------------------------------------------------------------------------------------------------------------------+
; Port Connectivity Checks: "reloj_soc:dut|reloj_soc_mm_interconnect_0:mm_interconnect_0|altera_avalon_sc_fifo:reg_leds_s1_agent_rsp_fifo" ;
+-------------------+--------+----------+--------------------------------------------------------------------------------------------------+
; Port              ; Type   ; Severity ; Details                                                                                          ;
+-------------------+--------+----------+--------------------------------------------------------------------------------------------------+
; csr_address       ; Input  ; Info     ; Stuck at GND                                                                                     ;
; csr_read          ; Input  ; Info     ; Stuck at GND                                                                                     ;
; csr_write         ; Input  ; Info     ; Stuck at GND                                                                                     ;
; csr_readdata      ; Output ; Info     ; Explicitly unconnected                                                                           ;
; csr_writedata     ; Input  ; Info     ; Stuck at GND                                                                                     ;
; almost_full_data  ; Output ; Info     ; Explicitly unconnected                                                                           ;
; almost_empty_data ; Output ; Info     ; Explicitly unconnected                                                                           ;
; in_empty          ; Input  ; Info     ; Stuck at GND                                                                                     ;
; out_empty         ; Output ; Info     ; Explicitly unconnected                                                                           ;
; in_error          ; Input  ; Info     ; Stuck at GND                                                                                     ;
; out_error         ; Output ; Info     ; Explicitly unconnected                                                                           ;
; in_channel        ; Input  ; Info     ; Stuck at GND                                                                                     ;
; out_channel       ; Output ; Info     ; Explicitly unconnected                                                                           ;
+-------------------+--------+----------+--------------------------------------------------------------------------------------------------+


+-------------------------------------------------------------------------------------------------------------------------------------+
; Port Connectivity Checks: "reloj_soc:dut|reloj_soc_mm_interconnect_0:mm_interconnect_0|altera_merlin_slave_agent:reg_leds_s1_agent" ;
+-----------------------+-------+----------+------------------------------------------------------------------------------------------+
; Port                  ; Type  ; Severity ; Details                                                                                  ;
+-----------------------+-------+----------+------------------------------------------------------------------------------------------+
; m0_response           ; Input ; Info     ; Stuck at GND                                                                             ;
; m0_writeresponsevalid ; Input ; Info     ; Stuck at GND                                                                             ;
+-----------------------+-------+----------+------------------------------------------------------------------------------------------+


+-------------------------------------------------------------------------------------------------------------------------------------+
; Port Connectivity Checks: "reloj_soc:dut|reloj_soc_mm_interconnect_0:mm_interconnect_0|altera_avalon_sc_fifo:ram_s1_agent_rsp_fifo" ;
+-------------------+--------+----------+---------------------------------------------------------------------------------------------+
; Port              ; Type   ; Severity ; Details                                                                                     ;
+-------------------+--------+----------+---------------------------------------------------------------------------------------------+
; csr_address       ; Input  ; Info     ; Stuck at GND                                                                                ;
; csr_read          ; Input  ; Info     ; Stuck at GND                                                                                ;
; csr_write         ; Input  ; Info     ; Stuck at GND                                                                                ;
; csr_readdata      ; Output ; Info     ; Explicitly unconnected                                                                      ;
; csr_writedata     ; Input  ; Info     ; Stuck at GND                                                                                ;
; almost_full_data  ; Output ; Info     ; Explicitly unconnected                                                                      ;
; almost_empty_data ; Output ; Info     ; Explicitly unconnected                                                                      ;
; in_empty          ; Input  ; Info     ; Stuck at GND                                                                                ;
; out_empty         ; Output ; Info     ; Explicitly unconnected                                                                      ;
; in_error          ; Input  ; Info     ; Stuck at GND                                                                                ;
; out_error         ; Output ; Info     ; Explicitly unconnected                                                                      ;
; in_channel        ; Input  ; Info     ; Stuck at GND                                                                                ;
; out_channel       ; Output ; Info     ; Explicitly unconnected                                                                      ;
+-------------------+--------+----------+---------------------------------------------------------------------------------------------+


+--------------------------------------------------------------------------------------------------------------------------------+
; Port Connectivity Checks: "reloj_soc:dut|reloj_soc_mm_interconnect_0:mm_interconnect_0|altera_merlin_slave_agent:ram_s1_agent" ;
+-----------------------+-------+----------+-------------------------------------------------------------------------------------+
; Port                  ; Type  ; Severity ; Details                                                                             ;
+-----------------------+-------+----------+-------------------------------------------------------------------------------------+
; m0_response           ; Input ; Info     ; Stuck at GND                                                                        ;
; m0_writeresponsevalid ; Input ; Info     ; Stuck at GND                                                                        ;
+-----------------------+-------+----------+-------------------------------------------------------------------------------------+


+-----------------------------------------------------------------------------------------------------------------------------------------------------+
; Port Connectivity Checks: "reloj_soc:dut|reloj_soc_mm_interconnect_0:mm_interconnect_0|altera_avalon_sc_fifo:niosii_debug_mem_slave_agent_rsp_fifo" ;
+-------------------+--------+----------+-------------------------------------------------------------------------------------------------------------+
; Port              ; Type   ; Severity ; Details                                                                                                     ;
+-------------------+--------+----------+-------------------------------------------------------------------------------------------------------------+
; csr_address       ; Input  ; Info     ; Stuck at GND                                                                                                ;
; csr_read          ; Input  ; Info     ; Stuck at GND                                                                                                ;
; csr_write         ; Input  ; Info     ; Stuck at GND                                                                                                ;
; csr_readdata      ; Output ; Info     ; Explicitly unconnected                                                                                      ;
; csr_writedata     ; Input  ; Info     ; Stuck at GND                                                                                                ;
; almost_full_data  ; Output ; Info     ; Explicitly unconnected                                                                                      ;
; almost_empty_data ; Output ; Info     ; Explicitly unconnected                                                                                      ;
; in_empty          ; Input  ; Info     ; Stuck at GND                                                                                                ;
; out_empty         ; Output ; Info     ; Explicitly unconnected                                                                                      ;
; in_error          ; Input  ; Info     ; Stuck at GND                                                                                                ;
; out_error         ; Output ; Info     ; Explicitly unconnected                                                                                      ;
; in_channel        ; Input  ; Info     ; Stuck at GND                                                                                                ;
; out_channel       ; Output ; Info     ; Explicitly unconnected                                                                                      ;
+-------------------+--------+----------+-------------------------------------------------------------------------------------------------------------+


+------------------------------------------------------------------------------------------------------------------------------------------------+
; Port Connectivity Checks: "reloj_soc:dut|reloj_soc_mm_interconnect_0:mm_interconnect_0|altera_merlin_slave_agent:niosii_debug_mem_slave_agent" ;
+-----------------------+-------+----------+-----------------------------------------------------------------------------------------------------+
; Port                  ; Type  ; Severity ; Details                                                                                             ;
+-----------------------+-------+----------+-----------------------------------------------------------------------------------------------------+
; m0_response           ; Input ; Info     ; Stuck at GND                                                                                        ;
; m0_writeresponsevalid ; Input ; Info     ; Stuck at GND                                                                                        ;
+-----------------------+-------+----------+-----------------------------------------------------------------------------------------------------+


+-----------------------------------------------------------------------------------------------------------------------------------------------------+
; Port Connectivity Checks: "reloj_soc:dut|reloj_soc_mm_interconnect_0:mm_interconnect_0|altera_avalon_sc_fifo:uart_avalon_jtag_slave_agent_rsp_fifo" ;
+-------------------+--------+----------+-------------------------------------------------------------------------------------------------------------+
; Port              ; Type   ; Severity ; Details                                                                                                     ;
+-------------------+--------+----------+-------------------------------------------------------------------------------------------------------------+
; csr_address       ; Input  ; Info     ; Stuck at GND                                                                                                ;
; csr_read          ; Input  ; Info     ; Stuck at GND                                                                                                ;
; csr_write         ; Input  ; Info     ; Stuck at GND                                                                                                ;
; csr_readdata      ; Output ; Info     ; Explicitly unconnected                                                                                      ;
; csr_writedata     ; Input  ; Info     ; Stuck at GND                                                                                                ;
; almost_full_data  ; Output ; Info     ; Explicitly unconnected                                                                                      ;
; almost_empty_data ; Output ; Info     ; Explicitly unconnected                                                                                      ;
; in_empty          ; Input  ; Info     ; Stuck at GND                                                                                                ;
; out_empty         ; Output ; Info     ; Explicitly unconnected                                                                                      ;
; in_error          ; Input  ; Info     ; Stuck at GND                                                                                                ;
; out_error         ; Output ; Info     ; Explicitly unconnected                                                                                      ;
; in_channel        ; Input  ; Info     ; Stuck at GND                                                                                                ;
; out_channel       ; Output ; Info     ; Explicitly unconnected                                                                                      ;
+-------------------+--------+----------+-------------------------------------------------------------------------------------------------------------+


+------------------------------------------------------------------------------------------------------------------------------------------------+
; Port Connectivity Checks: "reloj_soc:dut|reloj_soc_mm_interconnect_0:mm_interconnect_0|altera_merlin_slave_agent:uart_avalon_jtag_slave_agent" ;
+-----------------------+-------+----------+-----------------------------------------------------------------------------------------------------+
; Port                  ; Type  ; Severity ; Details                                                                                             ;
+-----------------------+-------+----------+-----------------------------------------------------------------------------------------------------+
; m0_response           ; Input ; Info     ; Stuck at GND                                                                                        ;
; m0_writeresponsevalid ; Input ; Info     ; Stuck at GND                                                                                        ;
+-----------------------+-------+----------+-----------------------------------------------------------------------------------------------------+


+---------------------------------------------------------------------------------------------------------------------------------------------------------+
; Port Connectivity Checks: "reloj_soc:dut|reloj_soc_mm_interconnect_0:mm_interconnect_0|altera_avalon_sc_fifo:audio_0_avalon_audio_slave_agent_rsp_fifo" ;
+-------------------+--------+----------+-----------------------------------------------------------------------------------------------------------------+
; Port              ; Type   ; Severity ; Details                                                                                                         ;
+-------------------+--------+----------+-----------------------------------------------------------------------------------------------------------------+
; csr_address       ; Input  ; Info     ; Stuck at GND                                                                                                    ;
; csr_read          ; Input  ; Info     ; Stuck at GND                                                                                                    ;
; csr_write         ; Input  ; Info     ; Stuck at GND                                                                                                    ;
; csr_readdata      ; Output ; Info     ; Explicitly unconnected                                                                                          ;
; csr_writedata     ; Input  ; Info     ; Stuck at GND                                                                                                    ;
; almost_full_data  ; Output ; Info     ; Explicitly unconnected                                                                                          ;
; almost_empty_data ; Output ; Info     ; Explicitly unconnected                                                                                          ;
; in_empty          ; Input  ; Info     ; Stuck at GND                                                                                                    ;
; out_empty         ; Output ; Info     ; Explicitly unconnected                                                                                          ;
; in_error          ; Input  ; Info     ; Stuck at GND                                                                                                    ;
; out_error         ; Output ; Info     ; Explicitly unconnected                                                                                          ;
; in_channel        ; Input  ; Info     ; Stuck at GND                                                                                                    ;
; out_channel       ; Output ; Info     ; Explicitly unconnected                                                                                          ;
+-------------------+--------+----------+-----------------------------------------------------------------------------------------------------------------+


+----------------------------------------------------------------------------------------------------------------------------------------------------+
; Port Connectivity Checks: "reloj_soc:dut|reloj_soc_mm_interconnect_0:mm_interconnect_0|altera_merlin_slave_agent:audio_0_avalon_audio_slave_agent" ;
+-----------------------+-------+----------+---------------------------------------------------------------------------------------------------------+
; Port                  ; Type  ; Severity ; Details                                                                                                 ;
+-----------------------+-------+----------+---------------------------------------------------------------------------------------------------------+
; m0_response           ; Input ; Info     ; Stuck at GND                                                                                            ;
; m0_writeresponsevalid ; Input ; Info     ; Stuck at GND                                                                                            ;
+-----------------------+-------+----------+---------------------------------------------------------------------------------------------------------+


+----------------------------------------------------------------------------------------------------------------------------------------------------+
; Port Connectivity Checks: "reloj_soc:dut|reloj_soc_mm_interconnect_0:mm_interconnect_0|altera_merlin_master_agent:niosii_instruction_master_agent" ;
+-----------------------+--------+----------+--------------------------------------------------------------------------------------------------------+
; Port                  ; Type   ; Severity ; Details                                                                                                ;
+-----------------------+--------+----------+--------------------------------------------------------------------------------------------------------+
; av_response           ; Output ; Info     ; Explicitly unconnected                                                                                 ;
; av_writeresponsevalid ; Output ; Info     ; Explicitly unconnected                                                                                 ;
+-----------------------+--------+----------+--------------------------------------------------------------------------------------------------------+


+---------------------------------------------------------------------------------------------------------------------------------------------+
; Port Connectivity Checks: "reloj_soc:dut|reloj_soc_mm_interconnect_0:mm_interconnect_0|altera_merlin_master_agent:niosii_data_master_agent" ;
+-----------------------+--------+----------+-------------------------------------------------------------------------------------------------+
; Port                  ; Type   ; Severity ; Details                                                                                         ;
+-----------------------+--------+----------+-------------------------------------------------------------------------------------------------+
; av_response           ; Output ; Info     ; Explicitly unconnected                                                                          ;
; av_writeresponsevalid ; Output ; Info     ; Explicitly unconnected                                                                          ;
+-----------------------+--------+----------+-------------------------------------------------------------------------------------------------+


+-------------------------------------------------------------------------------------------------------------------------------------------------+
; Port Connectivity Checks: "reloj_soc:dut|reloj_soc_mm_interconnect_0:mm_interconnect_0|altera_merlin_slave_translator:reg_button_s1_translator" ;
+------------------------+--------+----------+----------------------------------------------------------------------------------------------------+
; Port                   ; Type   ; Severity ; Details                                                                                            ;
+------------------------+--------+----------+----------------------------------------------------------------------------------------------------+
; av_write               ; Output ; Info     ; Explicitly unconnected                                                                             ;
; av_read                ; Output ; Info     ; Explicitly unconnected                                                                             ;
; av_writedata           ; Output ; Info     ; Explicitly unconnected                                                                             ;
; av_begintransfer       ; Output ; Info     ; Explicitly unconnected                                                                             ;
; av_beginbursttransfer  ; Output ; Info     ; Explicitly unconnected                                                                             ;
; av_burstcount          ; Output ; Info     ; Explicitly unconnected                                                                             ;
; av_byteenable          ; Output ; Info     ; Explicitly unconnected                                                                             ;
; av_readdatavalid       ; Input  ; Info     ; Stuck at GND                                                                                       ;
; av_waitrequest         ; Input  ; Info     ; Stuck at GND                                                                                       ;
; av_writebyteenable     ; Output ; Info     ; Explicitly unconnected                                                                             ;
; av_lock                ; Output ; Info     ; Explicitly unconnected                                                                             ;
; av_chipselect          ; Output ; Info     ; Explicitly unconnected                                                                             ;
; av_clken               ; Output ; Info     ; Explicitly unconnected                                                                             ;
; uav_clken              ; Input  ; Info     ; Stuck at GND                                                                                       ;
; av_debugaccess         ; Output ; Info     ; Explicitly unconnected                                                                             ;
; av_outputenable        ; Output ; Info     ; Explicitly unconnected                                                                             ;
; uav_response           ; Output ; Info     ; Explicitly unconnected                                                                             ;
; av_response            ; Input  ; Info     ; Stuck at GND                                                                                       ;
; uav_writeresponsevalid ; Output ; Info     ; Explicitly unconnected                                                                             ;
; av_writeresponsevalid  ; Input  ; Info     ; Stuck at GND                                                                                       ;
+------------------------+--------+----------+----------------------------------------------------------------------------------------------------+


+--------------------------------------------------------------------------------------------------------------------------------------------+
; Port Connectivity Checks: "reloj_soc:dut|reloj_soc_mm_interconnect_0:mm_interconnect_0|altera_merlin_slave_translator:timer_s1_translator" ;
+------------------------+--------+----------+-----------------------------------------------------------------------------------------------+
; Port                   ; Type   ; Severity ; Details                                                                                       ;
+------------------------+--------+----------+-----------------------------------------------------------------------------------------------+
; av_read                ; Output ; Info     ; Explicitly unconnected                                                                        ;
; av_begintransfer       ; Output ; Info     ; Explicitly unconnected                                                                        ;
; av_beginbursttransfer  ; Output ; Info     ; Explicitly unconnected                                                                        ;
; av_burstcount          ; Output ; Info     ; Explicitly unconnected                                                                        ;
; av_byteenable          ; Output ; Info     ; Explicitly unconnected                                                                        ;
; av_readdatavalid       ; Input  ; Info     ; Stuck at GND                                                                                  ;
; av_waitrequest         ; Input  ; Info     ; Stuck at GND                                                                                  ;
; av_writebyteenable     ; Output ; Info     ; Explicitly unconnected                                                                        ;
; av_lock                ; Output ; Info     ; Explicitly unconnected                                                                        ;
; av_clken               ; Output ; Info     ; Explicitly unconnected                                                                        ;
; uav_clken              ; Input  ; Info     ; Stuck at GND                                                                                  ;
; av_debugaccess         ; Output ; Info     ; Explicitly unconnected                                                                        ;
; av_outputenable        ; Output ; Info     ; Explicitly unconnected                                                                        ;
; uav_response           ; Output ; Info     ; Explicitly unconnected                                                                        ;
; av_response            ; Input  ; Info     ; Stuck at GND                                                                                  ;
; uav_writeresponsevalid ; Output ; Info     ; Explicitly unconnected                                                                        ;
; av_writeresponsevalid  ; Input  ; Info     ; Stuck at GND                                                                                  ;
+------------------------+--------+----------+-----------------------------------------------------------------------------------------------+


+-----------------------------------------------------------------------------------------------------------------------------------------------+
; Port Connectivity Checks: "reloj_soc:dut|reloj_soc_mm_interconnect_0:mm_interconnect_0|altera_merlin_slave_translator:reg_leds_s1_translator" ;
+------------------------+--------+----------+--------------------------------------------------------------------------------------------------+
; Port                   ; Type   ; Severity ; Details                                                                                          ;
+------------------------+--------+----------+--------------------------------------------------------------------------------------------------+
; av_read                ; Output ; Info     ; Explicitly unconnected                                                                           ;
; av_begintransfer       ; Output ; Info     ; Explicitly unconnected                                                                           ;
; av_beginbursttransfer  ; Output ; Info     ; Explicitly unconnected                                                                           ;
; av_burstcount          ; Output ; Info     ; Explicitly unconnected                                                                           ;
; av_byteenable          ; Output ; Info     ; Explicitly unconnected                                                                           ;
; av_readdatavalid       ; Input  ; Info     ; Stuck at GND                                                                                     ;
; av_waitrequest         ; Input  ; Info     ; Stuck at GND                                                                                     ;
; av_writebyteenable     ; Output ; Info     ; Explicitly unconnected                                                                           ;
; av_lock                ; Output ; Info     ; Explicitly unconnected                                                                           ;
; av_clken               ; Output ; Info     ; Explicitly unconnected                                                                           ;
; uav_clken              ; Input  ; Info     ; Stuck at GND                                                                                     ;
; av_debugaccess         ; Output ; Info     ; Explicitly unconnected                                                                           ;
; av_outputenable        ; Output ; Info     ; Explicitly unconnected                                                                           ;
; uav_response           ; Output ; Info     ; Explicitly unconnected                                                                           ;
; av_response            ; Input  ; Info     ; Stuck at GND                                                                                     ;
; uav_writeresponsevalid ; Output ; Info     ; Explicitly unconnected                                                                           ;
; av_writeresponsevalid  ; Input  ; Info     ; Stuck at GND                                                                                     ;
+------------------------+--------+----------+--------------------------------------------------------------------------------------------------+


+------------------------------------------------------------------------------------------------------------------------------------------+
; Port Connectivity Checks: "reloj_soc:dut|reloj_soc_mm_interconnect_0:mm_interconnect_0|altera_merlin_slave_translator:ram_s1_translator" ;
+------------------------+--------+----------+---------------------------------------------------------------------------------------------+
; Port                   ; Type   ; Severity ; Details                                                                                     ;
+------------------------+--------+----------+---------------------------------------------------------------------------------------------+
; av_read                ; Output ; Info     ; Explicitly unconnected                                                                      ;
; av_begintransfer       ; Output ; Info     ; Explicitly unconnected                                                                      ;
; av_beginbursttransfer  ; Output ; Info     ; Explicitly unconnected                                                                      ;
; av_burstcount          ; Output ; Info     ; Explicitly unconnected                                                                      ;
; av_readdatavalid       ; Input  ; Info     ; Stuck at GND                                                                                ;
; av_waitrequest         ; Input  ; Info     ; Stuck at GND                                                                                ;
; av_writebyteenable     ; Output ; Info     ; Explicitly unconnected                                                                      ;
; av_lock                ; Output ; Info     ; Explicitly unconnected                                                                      ;
; uav_clken              ; Input  ; Info     ; Stuck at GND                                                                                ;
; av_debugaccess         ; Output ; Info     ; Explicitly unconnected                                                                      ;
; av_outputenable        ; Output ; Info     ; Explicitly unconnected                                                                      ;
; uav_response           ; Output ; Info     ; Explicitly unconnected                                                                      ;
; av_response            ; Input  ; Info     ; Stuck at GND                                                                                ;
; uav_writeresponsevalid ; Output ; Info     ; Explicitly unconnected                                                                      ;
; av_writeresponsevalid  ; Input  ; Info     ; Stuck at GND                                                                                ;
+------------------------+--------+----------+---------------------------------------------------------------------------------------------+


+----------------------------------------------------------------------------------------------------------------------------------------------------------+
; Port Connectivity Checks: "reloj_soc:dut|reloj_soc_mm_interconnect_0:mm_interconnect_0|altera_merlin_slave_translator:niosii_debug_mem_slave_translator" ;
+------------------------+--------+----------+-------------------------------------------------------------------------------------------------------------+
; Port                   ; Type   ; Severity ; Details                                                                                                     ;
+------------------------+--------+----------+-------------------------------------------------------------------------------------------------------------+
; av_begintransfer       ; Output ; Info     ; Explicitly unconnected                                                                                      ;
; av_beginbursttransfer  ; Output ; Info     ; Explicitly unconnected                                                                                      ;
; av_burstcount          ; Output ; Info     ; Explicitly unconnected                                                                                      ;
; av_readdatavalid       ; Input  ; Info     ; Stuck at GND                                                                                                ;
; av_writebyteenable     ; Output ; Info     ; Explicitly unconnected                                                                                      ;
; av_lock                ; Output ; Info     ; Explicitly unconnected                                                                                      ;
; av_chipselect          ; Output ; Info     ; Explicitly unconnected                                                                                      ;
; av_clken               ; Output ; Info     ; Explicitly unconnected                                                                                      ;
; uav_clken              ; Input  ; Info     ; Stuck at GND                                                                                                ;
; av_outputenable        ; Output ; Info     ; Explicitly unconnected                                                                                      ;
; uav_response           ; Output ; Info     ; Explicitly unconnected                                                                                      ;
; av_response            ; Input  ; Info     ; Stuck at GND                                                                                                ;
; uav_writeresponsevalid ; Output ; Info     ; Explicitly unconnected                                                                                      ;
; av_writeresponsevalid  ; Input  ; Info     ; Stuck at GND                                                                                                ;
+------------------------+--------+----------+-------------------------------------------------------------------------------------------------------------+


+----------------------------------------------------------------------------------------------------------------------------------------------------------+
; Port Connectivity Checks: "reloj_soc:dut|reloj_soc_mm_interconnect_0:mm_interconnect_0|altera_merlin_slave_translator:uart_avalon_jtag_slave_translator" ;
+------------------------+--------+----------+-------------------------------------------------------------------------------------------------------------+
; Port                   ; Type   ; Severity ; Details                                                                                                     ;
+------------------------+--------+----------+-------------------------------------------------------------------------------------------------------------+
; av_begintransfer       ; Output ; Info     ; Explicitly unconnected                                                                                      ;
; av_beginbursttransfer  ; Output ; Info     ; Explicitly unconnected                                                                                      ;
; av_burstcount          ; Output ; Info     ; Explicitly unconnected                                                                                      ;
; av_byteenable          ; Output ; Info     ; Explicitly unconnected                                                                                      ;
; av_readdatavalid       ; Input  ; Info     ; Stuck at GND                                                                                                ;
; av_writebyteenable     ; Output ; Info     ; Explicitly unconnected                                                                                      ;
; av_lock                ; Output ; Info     ; Explicitly unconnected                                                                                      ;
; av_clken               ; Output ; Info     ; Explicitly unconnected                                                                                      ;
; uav_clken              ; Input  ; Info     ; Stuck at GND                                                                                                ;
; av_debugaccess         ; Output ; Info     ; Explicitly unconnected                                                                                      ;
; av_outputenable        ; Output ; Info     ; Explicitly unconnected                                                                                      ;
; uav_response           ; Output ; Info     ; Explicitly unconnected                                                                                      ;
; av_response            ; Input  ; Info     ; Stuck at GND                                                                                                ;
; uav_writeresponsevalid ; Output ; Info     ; Explicitly unconnected                                                                                      ;
; av_writeresponsevalid  ; Input  ; Info     ; Stuck at GND                                                                                                ;
+------------------------+--------+----------+-------------------------------------------------------------------------------------------------------------+


+--------------------------------------------------------------------------------------------------------------------------------------------------------------+
; Port Connectivity Checks: "reloj_soc:dut|reloj_soc_mm_interconnect_0:mm_interconnect_0|altera_merlin_slave_translator:audio_0_avalon_audio_slave_translator" ;
+------------------------+--------+----------+-----------------------------------------------------------------------------------------------------------------+
; Port                   ; Type   ; Severity ; Details                                                                                                         ;
+------------------------+--------+----------+-----------------------------------------------------------------------------------------------------------------+
; av_begintransfer       ; Output ; Info     ; Explicitly unconnected                                                                                          ;
; av_beginbursttransfer  ; Output ; Info     ; Explicitly unconnected                                                                                          ;
; av_burstcount          ; Output ; Info     ; Explicitly unconnected                                                                                          ;
; av_byteenable          ; Output ; Info     ; Explicitly unconnected                                                                                          ;
; av_readdatavalid       ; Input  ; Info     ; Stuck at GND                                                                                                    ;
; av_waitrequest         ; Input  ; Info     ; Stuck at GND                                                                                                    ;
; av_writebyteenable     ; Output ; Info     ; Explicitly unconnected                                                                                          ;
; av_lock                ; Output ; Info     ; Explicitly unconnected                                                                                          ;
; av_clken               ; Output ; Info     ; Explicitly unconnected                                                                                          ;
; uav_clken              ; Input  ; Info     ; Stuck at GND                                                                                                    ;
; av_debugaccess         ; Output ; Info     ; Explicitly unconnected                                                                                          ;
; av_outputenable        ; Output ; Info     ; Explicitly unconnected                                                                                          ;
; uav_response           ; Output ; Info     ; Explicitly unconnected                                                                                          ;
; av_response            ; Input  ; Info     ; Stuck at GND                                                                                                    ;
; uav_writeresponsevalid ; Output ; Info     ; Explicitly unconnected                                                                                          ;
; av_writeresponsevalid  ; Input  ; Info     ; Stuck at GND                                                                                                    ;
+------------------------+--------+----------+-----------------------------------------------------------------------------------------------------------------+


+--------------------------------------------------------------------------------------------------------------------------------------------------------------+
; Port Connectivity Checks: "reloj_soc:dut|reloj_soc_mm_interconnect_0:mm_interconnect_0|altera_merlin_master_translator:niosii_instruction_master_translator" ;
+------------------------+--------+----------+-----------------------------------------------------------------------------------------------------------------+
; Port                   ; Type   ; Severity ; Details                                                                                                         ;
+------------------------+--------+----------+-----------------------------------------------------------------------------------------------------------------+
; av_burstcount          ; Input  ; Info     ; Stuck at VCC                                                                                                    ;
; av_byteenable          ; Input  ; Info     ; Stuck at VCC                                                                                                    ;
; av_beginbursttransfer  ; Input  ; Info     ; Stuck at GND                                                                                                    ;
; av_begintransfer       ; Input  ; Info     ; Stuck at GND                                                                                                    ;
; av_chipselect          ; Input  ; Info     ; Stuck at GND                                                                                                    ;
; av_readdatavalid       ; Output ; Info     ; Explicitly unconnected                                                                                          ;
; av_write               ; Input  ; Info     ; Stuck at GND                                                                                                    ;
; av_writedata           ; Input  ; Info     ; Stuck at GND                                                                                                    ;
; av_lock                ; Input  ; Info     ; Stuck at GND                                                                                                    ;
; av_debugaccess         ; Input  ; Info     ; Stuck at GND                                                                                                    ;
; uav_clken              ; Output ; Info     ; Explicitly unconnected                                                                                          ;
; av_clken               ; Input  ; Info     ; Stuck at VCC                                                                                                    ;
; uav_response           ; Input  ; Info     ; Stuck at GND                                                                                                    ;
; av_response            ; Output ; Info     ; Explicitly unconnected                                                                                          ;
; uav_writeresponsevalid ; Input  ; Info     ; Stuck at GND                                                                                                    ;
; av_writeresponsevalid  ; Output ; Info     ; Explicitly unconnected                                                                                          ;
+------------------------+--------+----------+-----------------------------------------------------------------------------------------------------------------+


+-------------------------------------------------------------------------------------------------------------------------------------------------------+
; Port Connectivity Checks: "reloj_soc:dut|reloj_soc_mm_interconnect_0:mm_interconnect_0|altera_merlin_master_translator:niosii_data_master_translator" ;
+------------------------+--------+----------+----------------------------------------------------------------------------------------------------------+
; Port                   ; Type   ; Severity ; Details                                                                                                  ;
+------------------------+--------+----------+----------------------------------------------------------------------------------------------------------+
; av_burstcount          ; Input  ; Info     ; Stuck at VCC                                                                                             ;
; av_beginbursttransfer  ; Input  ; Info     ; Stuck at GND                                                                                             ;
; av_begintransfer       ; Input  ; Info     ; Stuck at GND                                                                                             ;
; av_chipselect          ; Input  ; Info     ; Stuck at GND                                                                                             ;
; av_readdatavalid       ; Output ; Info     ; Explicitly unconnected                                                                                   ;
; av_lock                ; Input  ; Info     ; Stuck at GND                                                                                             ;
; uav_clken              ; Output ; Info     ; Explicitly unconnected                                                                                   ;
; av_clken               ; Input  ; Info     ; Stuck at VCC                                                                                             ;
; uav_response           ; Input  ; Info     ; Stuck at GND                                                                                             ;
; av_response            ; Output ; Info     ; Explicitly unconnected                                                                                   ;
; uav_writeresponsevalid ; Input  ; Info     ; Stuck at GND                                                                                             ;
; av_writeresponsevalid  ; Output ; Info     ; Explicitly unconnected                                                                                   ;
+------------------------+--------+----------+----------------------------------------------------------------------------------------------------------+


+-----------------------------------------------------------------------------------------------------------------------------------------------------------------------------------+
; Port Connectivity Checks: "reloj_soc:dut|reloj_soc_UART:uart|alt_jtag_atlantic:reloj_soc_UART_alt_jtag_atlantic"                                                                  ;
+----------------+--------+----------+----------------------------------------------------------------------------------------------------------------------------------------------+
; Port           ; Type   ; Severity ; Details                                                                                                                                      ;
+----------------+--------+----------+----------------------------------------------------------------------------------------------------------------------------------------------+
; raw_tck        ; Input  ; Warning  ; Declared by entity but not connected by instance. If a default value exists, it will be used.  Otherwise, the port will be connected to GND. ;
; tdi            ; Input  ; Warning  ; Declared by entity but not connected by instance. If a default value exists, it will be used.  Otherwise, the port will be connected to GND. ;
; jtag_state_rti ; Input  ; Warning  ; Declared by entity but not connected by instance. If a default value exists, it will be used.  Otherwise, the port will be connected to GND. ;
; usr1           ; Input  ; Warning  ; Declared by entity but not connected by instance. If a default value exists, it will be used.  Otherwise, the port will be connected to GND. ;
; clr            ; Input  ; Warning  ; Declared by entity but not connected by instance. If a default value exists, it will be used.  Otherwise, the port will be connected to GND. ;
; ena            ; Input  ; Warning  ; Declared by entity but not connected by instance. If a default value exists, it will be used.  Otherwise, the port will be connected to GND. ;
; ir_in          ; Input  ; Warning  ; Declared by entity but not connected by instance. If a default value exists, it will be used.  Otherwise, the port will be connected to GND. ;
; tdo            ; Output ; Warning  ; Declared by entity but not connected by instance. Logic that only feeds a dangling port will be removed.                                     ;
; ir_out         ; Output ; Warning  ; Declared by entity but not connected by instance. Logic that only feeds a dangling port will be removed.                                     ;
; jtag_state_cdr ; Input  ; Warning  ; Declared by entity but not connected by instance. If a default value exists, it will be used.  Otherwise, the port will be connected to GND. ;
; jtag_state_sdr ; Input  ; Warning  ; Declared by entity but not connected by instance. If a default value exists, it will be used.  Otherwise, the port will be connected to GND. ;
; jtag_state_udr ; Input  ; Warning  ; Declared by entity but not connected by instance. If a default value exists, it will be used.  Otherwise, the port will be connected to GND. ;
+----------------+--------+----------+----------------------------------------------------------------------------------------------------------------------------------------------+


+----------------------------------------------------------------------------------------------------------------------------------------------+
; Port Connectivity Checks: "reloj_soc:dut|reloj_soc_UART:uart"                                                                                ;
+---------------+--------+----------+----------------------------------------------------------------------------------------------------------+
; Port          ; Type   ; Severity ; Details                                                                                                  ;
+---------------+--------+----------+----------------------------------------------------------------------------------------------------------+
; dataavailable ; Output ; Warning  ; Declared by entity but not connected by instance. Logic that only feeds a dangling port will be removed. ;
; readyfordata  ; Output ; Warning  ; Declared by entity but not connected by instance. Logic that only feeds a dangling port will be removed. ;
+---------------+--------+----------+----------------------------------------------------------------------------------------------------------+


+-------------------------------------------------------------+
; Port Connectivity Checks: "reloj_soc:dut|reloj_soc_RAM:ram" ;
+--------+-------+----------+---------------------------------+
; Port   ; Type  ; Severity ; Details                         ;
+--------+-------+----------+---------------------------------+
; freeze ; Input ; Info     ; Stuck at GND                    ;
+--------+-------+----------+---------------------------------+


+----------------------------------------------------------------------------------------------------------------------------------------------------------------------------------------------------------------------------------------------------------------------------------------------------------------+
; Port Connectivity Checks: "reloj_soc:dut|reloj_soc_NIOSII:niosii|reloj_soc_NIOSII_cpu:cpu|reloj_soc_NIOSII_cpu_nios2_oci:the_reloj_soc_NIOSII_cpu_nios2_oci|reloj_soc_NIOSII_cpu_debug_slave_wrapper:the_reloj_soc_NIOSII_cpu_debug_slave_wrapper|sld_virtual_jtag_basic:reloj_soc_NIOSII_cpu_debug_slave_phy" ;
+--------------------+--------+----------+-----------------------------------------------------------------------------------------------------------------------------------------------------------------------------------------------------------------------------------------------------------------------+
; Port               ; Type   ; Severity ; Details                                                                                                                                                                                                                                                               ;
+--------------------+--------+----------+-----------------------------------------------------------------------------------------------------------------------------------------------------------------------------------------------------------------------------------------------------------------------+
; virtual_state_e1dr ; Output ; Warning  ; Declared by entity but not connected by instance. Logic that only feeds a dangling port will be removed.                                                                                                                                                              ;
; virtual_state_pdr  ; Output ; Warning  ; Declared by entity but not connected by instance. Logic that only feeds a dangling port will be removed.                                                                                                                                                              ;
; virtual_state_e2dr ; Output ; Warning  ; Declared by entity but not connected by instance. Logic that only feeds a dangling port will be removed.                                                                                                                                                              ;
; virtual_state_cir  ; Output ; Warning  ; Declared by entity but not connected by instance. Logic that only feeds a dangling port will be removed.                                                                                                                                                              ;
; tms                ; Output ; Warning  ; Declared by entity but not connected by instance. Logic that only feeds a dangling port will be removed.                                                                                                                                                              ;
; jtag_state_tlr     ; Output ; Warning  ; Declared by entity but not connected by instance. Logic that only feeds a dangling port will be removed.                                                                                                                                                              ;
; jtag_state_sdrs    ; Output ; Warning  ; Declared by entity but not connected by instance. Logic that only feeds a dangling port will be removed.                                                                                                                                                              ;
; jtag_state_cdr     ; Output ; Warning  ; Declared by entity but not connected by instance. Logic that only feeds a dangling port will be removed.                                                                                                                                                              ;
; jtag_state_sdr     ; Output ; Warning  ; Declared by entity but not connected by instance. Logic that only feeds a dangling port will be removed.                                                                                                                                                              ;
; jtag_state_e1dr    ; Output ; Warning  ; Declared by entity but not connected by instance. Logic that only feeds a dangling port will be removed.                                                                                                                                                              ;
; jtag_state_pdr     ; Output ; Warning  ; Declared by entity but not connected by instance. Logic that only feeds a dangling port will be removed.                                                                                                                                                              ;
; jtag_state_e2dr    ; Output ; Warning  ; Declared by entity but not connected by instance. Logic that only feeds a dangling port will be removed.                                                                                                                                                              ;
; jtag_state_udr     ; Output ; Warning  ; Declared by entity but not connected by instance. Logic that only feeds a dangling port will be removed.                                                                                                                                                              ;
; jtag_state_sirs    ; Output ; Warning  ; Declared by entity but not connected by instance. Logic that only feeds a dangling port will be removed.                                                                                                                                                              ;
; jtag_state_cir     ; Output ; Warning  ; Declared by entity but not connected by instance. Logic that only feeds a dangling port will be removed.                                                                                                                                                              ;
; jtag_state_sir     ; Output ; Warning  ; Declared by entity but not connected by instance. Logic that only feeds a dangling port will be removed.                                                                                                                                                              ;
; jtag_state_e1ir    ; Output ; Warning  ; Declared by entity but not connected by instance. Logic that only feeds a dangling port will be removed.                                                                                                                                                              ;
; jtag_state_pir     ; Output ; Warning  ; Declared by entity but not connected by instance. Logic that only feeds a dangling port will be removed.                                                                                                                                                              ;
; jtag_state_e2ir    ; Output ; Warning  ; Declared by entity but not connected by instance. Logic that only feeds a dangling port will be removed.                                                                                                                                                              ;
; jtag_state_uir     ; Output ; Warning  ; Declared by entity but not connected by instance. Logic that only feeds a dangling port will be removed.                                                                                                                                                              ;
+--------------------+--------+----------+-----------------------------------------------------------------------------------------------------------------------------------------------------------------------------------------------------------------------------------------------------------------------+


+---------------------------------------------------------------------------------------------------------------------------------------------------------------------------------------------------------------------------------------------------------------------------------------------------------------------------------------------------------------------------------------------+
; Port Connectivity Checks: "reloj_soc:dut|reloj_soc_NIOSII:niosii|reloj_soc_NIOSII_cpu:cpu|reloj_soc_NIOSII_cpu_nios2_oci:the_reloj_soc_NIOSII_cpu_nios2_oci|reloj_soc_NIOSII_cpu_debug_slave_wrapper:the_reloj_soc_NIOSII_cpu_debug_slave_wrapper|reloj_soc_NIOSII_cpu_debug_slave_sysclk:the_reloj_soc_NIOSII_cpu_debug_slave_sysclk|altera_std_synchronizer:the_altera_std_synchronizer4" ;
+---------+-------+----------+----------------------------------------------------------------------------------------------------------------------------------------------------------------------------------------------------------------------------------------------------------------------------------------------------------------------------------------------------------------+
; Port    ; Type  ; Severity ; Details                                                                                                                                                                                                                                                                                                                                                        ;
+---------+-------+----------+----------------------------------------------------------------------------------------------------------------------------------------------------------------------------------------------------------------------------------------------------------------------------------------------------------------------------------------------------------------+
; reset_n ; Input ; Info     ; Stuck at VCC                                                                                                                                                                                                                                                                                                                                                   ;
+---------+-------+----------+----------------------------------------------------------------------------------------------------------------------------------------------------------------------------------------------------------------------------------------------------------------------------------------------------------------------------------------------------------------+


+---------------------------------------------------------------------------------------------------------------------------------------------------------------------------------------------------------------------------------------------------------------------------------------------------------------------------------------------------------------------------------------------+
; Port Connectivity Checks: "reloj_soc:dut|reloj_soc_NIOSII:niosii|reloj_soc_NIOSII_cpu:cpu|reloj_soc_NIOSII_cpu_nios2_oci:the_reloj_soc_NIOSII_cpu_nios2_oci|reloj_soc_NIOSII_cpu_debug_slave_wrapper:the_reloj_soc_NIOSII_cpu_debug_slave_wrapper|reloj_soc_NIOSII_cpu_debug_slave_sysclk:the_reloj_soc_NIOSII_cpu_debug_slave_sysclk|altera_std_synchronizer:the_altera_std_synchronizer3" ;
+---------+-------+----------+----------------------------------------------------------------------------------------------------------------------------------------------------------------------------------------------------------------------------------------------------------------------------------------------------------------------------------------------------------------+
; Port    ; Type  ; Severity ; Details                                                                                                                                                                                                                                                                                                                                                        ;
+---------+-------+----------+----------------------------------------------------------------------------------------------------------------------------------------------------------------------------------------------------------------------------------------------------------------------------------------------------------------------------------------------------------------+
; reset_n ; Input ; Info     ; Stuck at VCC                                                                                                                                                                                                                                                                                                                                                   ;
+---------+-------+----------+----------------------------------------------------------------------------------------------------------------------------------------------------------------------------------------------------------------------------------------------------------------------------------------------------------------------------------------------------------------+


+----------------------------------------------------------------------------------------------------------------------------------------------------------------------------------------------------------------------------------------+
; Port Connectivity Checks: "reloj_soc:dut|reloj_soc_NIOSII:niosii|reloj_soc_NIOSII_cpu:cpu|reloj_soc_NIOSII_cpu_nios2_oci:the_reloj_soc_NIOSII_cpu_nios2_oci|reloj_soc_NIOSII_cpu_nios2_oci_pib:the_reloj_soc_NIOSII_cpu_nios2_oci_pib" ;
+---------+--------+----------+----------------------------------------------------------------------------------------------------------------------------------------------------------------------------------------------------------+
; Port    ; Type   ; Severity ; Details                                                                                                                                                                                                  ;
+---------+--------+----------+----------------------------------------------------------------------------------------------------------------------------------------------------------------------------------------------------------+
; tr_data ; Output ; Info     ; Connected to dangling logic. Logic that only feeds a dangling port will be removed.                                                                                                                      ;
+---------+--------+----------+----------------------------------------------------------------------------------------------------------------------------------------------------------------------------------------------------------+


+------------------------------------------------------------------------------------------------------------------------------------------------------------------------------------------------------------------------------------------------------------------------------------------------------------------------------------------+
; Port Connectivity Checks: "reloj_soc:dut|reloj_soc_NIOSII:niosii|reloj_soc_NIOSII_cpu:cpu|reloj_soc_NIOSII_cpu_nios2_oci:the_reloj_soc_NIOSII_cpu_nios2_oci|reloj_soc_NIOSII_cpu_nios2_oci_fifo:the_reloj_soc_NIOSII_cpu_nios2_oci_fifo|reloj_soc_NIOSII_cpu_nios2_oci_fifo_wrptr_inc:the_reloj_soc_NIOSII_cpu_nios2_oci_fifo_wrptr_inc" ;
+----------------+--------+----------+-----------------------------------------------------------------------------------------------------------------------------------------------------------------------------------------------------------------------------------------------------------------------------------------------------+
; Port           ; Type   ; Severity ; Details                                                                                                                                                                                                                                                                                             ;
+----------------+--------+----------+-----------------------------------------------------------------------------------------------------------------------------------------------------------------------------------------------------------------------------------------------------------------------------------------------------+
; fifo_wrptr_inc ; Output ; Info     ; Connected to dangling logic. Logic that only feeds a dangling port will be removed.                                                                                                                                                                                                                 ;
+----------------+--------+----------+-----------------------------------------------------------------------------------------------------------------------------------------------------------------------------------------------------------------------------------------------------------------------------------------------------+


+-------------------------------------------------------------------------------------------------------------------------------------------------------------------------------------------------------------------------------------------------------------------------------------------------------------------------------------+
; Port Connectivity Checks: "reloj_soc:dut|reloj_soc_NIOSII:niosii|reloj_soc_NIOSII_cpu:cpu|reloj_soc_NIOSII_cpu_nios2_oci:the_reloj_soc_NIOSII_cpu_nios2_oci|reloj_soc_NIOSII_cpu_nios2_oci_dtrace:the_reloj_soc_NIOSII_cpu_nios2_oci_dtrace|reloj_soc_NIOSII_cpu_nios2_oci_td_mode:reloj_soc_NIOSII_cpu_nios2_oci_trc_ctrl_td_mode" ;
+---------+--------+----------+-------------------------------------------------------------------------------------------------------------------------------------------------------------------------------------------------------------------------------------------------------------------------------------------------------+
; Port    ; Type   ; Severity ; Details                                                                                                                                                                                                                                                                                               ;
+---------+--------+----------+-------------------------------------------------------------------------------------------------------------------------------------------------------------------------------------------------------------------------------------------------------------------------------------------------------+
; td_mode ; Output ; Info     ; Connected to dangling logic. Logic that only feeds a dangling port will be removed.                                                                                                                                                                                                                   ;
+---------+--------+----------+-------------------------------------------------------------------------------------------------------------------------------------------------------------------------------------------------------------------------------------------------------------------------------------------------------+


+----------------------------------------------------------------------------------------------------------------------------------------------------------------------------------------------------------------------------------------------+
; Port Connectivity Checks: "reloj_soc:dut|reloj_soc_NIOSII:niosii|reloj_soc_NIOSII_cpu:cpu|reloj_soc_NIOSII_cpu_nios2_oci:the_reloj_soc_NIOSII_cpu_nios2_oci|reloj_soc_NIOSII_cpu_nios2_oci_itrace:the_reloj_soc_NIOSII_cpu_nios2_oci_itrace" ;
+------+-------+----------+--------------------------------------------------------------------------------------------------------------------------------------------------------------------------------------------------------------------+
; Port ; Type  ; Severity ; Details                                                                                                                                                                                                            ;
+------+-------+----------+--------------------------------------------------------------------------------------------------------------------------------------------------------------------------------------------------------------------+
; jdo  ; Input ; Warning  ; Input port expression (38 bits) is wider than the input port (16 bits) it drives.  The 22 most-significant bit(s) in the expression will be dangling if they have no other fanouts.                                ;
+------+-------+----------+--------------------------------------------------------------------------------------------------------------------------------------------------------------------------------------------------------------------+


+------------------------------------------------------------------------------------------------------------------------------------------------------------------------------------------------------------------------------------------+
; Port Connectivity Checks: "reloj_soc:dut|reloj_soc_NIOSII:niosii|reloj_soc_NIOSII_cpu:cpu|reloj_soc_NIOSII_cpu_nios2_oci:the_reloj_soc_NIOSII_cpu_nios2_oci|reloj_soc_NIOSII_cpu_nios2_oci_dbrk:the_reloj_soc_NIOSII_cpu_nios2_oci_dbrk" ;
+--------------+--------+----------+-------------------------------------------------------------------------------------------------------------------------------------------------------------------------------------------------------+
; Port         ; Type   ; Severity ; Details                                                                                                                                                                                               ;
+--------------+--------+----------+-------------------------------------------------------------------------------------------------------------------------------------------------------------------------------------------------------+
; dbrk_trigout ; Output ; Info     ; Connected to dangling logic. Logic that only feeds a dangling port will be removed.                                                                                                                   ;
+--------------+--------+----------+-------------------------------------------------------------------------------------------------------------------------------------------------------------------------------------------------------+


+------------------------------------------------------------------------------------------------------------------------------------------------------------------------------------------------------------------------------------------+
; Port Connectivity Checks: "reloj_soc:dut|reloj_soc_NIOSII:niosii|reloj_soc_NIOSII_cpu:cpu|reloj_soc_NIOSII_cpu_nios2_oci:the_reloj_soc_NIOSII_cpu_nios2_oci|reloj_soc_NIOSII_cpu_nios2_oci_xbrk:the_reloj_soc_NIOSII_cpu_nios2_oci_xbrk" ;
+--------------+--------+----------+-------------------------------------------------------------------------------------------------------------------------------------------------------------------------------------------------------+
; Port         ; Type   ; Severity ; Details                                                                                                                                                                                               ;
+--------------+--------+----------+-------------------------------------------------------------------------------------------------------------------------------------------------------------------------------------------------------+
; xbrk_trigout ; Output ; Info     ; Connected to dangling logic. Logic that only feeds a dangling port will be removed.                                                                                                                   ;
+--------------+--------+----------+-------------------------------------------------------------------------------------------------------------------------------------------------------------------------------------------------------+


+--------------------------------------------------------------------------------------------------------------------------------------------------------------------------------------------------------------------------------------------+
; Port Connectivity Checks: "reloj_soc:dut|reloj_soc_NIOSII:niosii|reloj_soc_NIOSII_cpu:cpu|reloj_soc_NIOSII_cpu_nios2_oci:the_reloj_soc_NIOSII_cpu_nios2_oci|reloj_soc_NIOSII_cpu_nios2_oci_debug:the_reloj_soc_NIOSII_cpu_nios2_oci_debug" ;
+----------+-------+----------+--------------------------------------------------------------------------------------------------------------------------------------------------------------------------------------------------------------+
; Port     ; Type  ; Severity ; Details                                                                                                                                                                                                      ;
+----------+-------+----------+--------------------------------------------------------------------------------------------------------------------------------------------------------------------------------------------------------------+
; debugreq ; Input ; Info     ; Stuck at GND                                                                                                                                                                                                 ;
+----------+-------+----------+--------------------------------------------------------------------------------------------------------------------------------------------------------------------------------------------------------------+


+--------------------------------------------------------------------------------------------------------------------------------------------------------------+
; Port Connectivity Checks: "reloj_soc:dut|reloj_soc_NIOSII:niosii|reloj_soc_NIOSII_cpu:cpu|reloj_soc_NIOSII_cpu_nios2_oci:the_reloj_soc_NIOSII_cpu_nios2_oci" ;
+--------------------+--------+----------+---------------------------------------------------------------------------------------------------------------------+
; Port               ; Type   ; Severity ; Details                                                                                                             ;
+--------------------+--------+----------+---------------------------------------------------------------------------------------------------------------------+
; oci_ienable[31..3] ; Output ; Info     ; Connected to dangling logic. Logic that only feeds a dangling port will be removed.                                 ;
+--------------------+--------+----------+---------------------------------------------------------------------------------------------------------------------+


+----------------------------------------------------------------------------------------------------------------------------------------------------------------+
; Port Connectivity Checks: "reloj_soc:dut|reloj_soc_NIOSII:niosii|reloj_soc_NIOSII_cpu:cpu|reloj_soc_NIOSII_cpu_test_bench:the_reloj_soc_NIOSII_cpu_test_bench" ;
+-----------------+--------+----------+--------------------------------------------------------------------------------------------------------------------------+
; Port            ; Type   ; Severity ; Details                                                                                                                  ;
+-----------------+--------+----------+--------------------------------------------------------------------------------------------------------------------------+
; F_pcb[1..0]     ; Input  ; Info     ; Stuck at GND                                                                                                             ;
; i_address[1..0] ; Input  ; Info     ; Stuck at GND                                                                                                             ;
; test_has_ended  ; Output ; Info     ; Connected to dangling logic. Logic that only feeds a dangling port will be removed.                                      ;
+-----------------+--------+----------+--------------------------------------------------------------------------------------------------------------------------+


+-------------------------------------------------------------------+
; Port Connectivity Checks: "reloj_soc:dut|reloj_soc_NIOSII:niosii" ;
+---------------------+--------+----------+-------------------------+
; Port                ; Type   ; Severity ; Details                 ;
+---------------------+--------+----------+-------------------------+
; debug_reset_request ; Output ; Info     ; Explicitly unconnected  ;
; dummy_ci_port       ; Output ; Info     ; Explicitly unconnected  ;
+---------------------+--------+----------+-------------------------+


+------------------------------------------------------------------------------------------------------------------------------------------------------------------------------------------------+
; Port Connectivity Checks: "reloj_soc:dut"                                                                                                                                                      ;
+--------------------+---------+------------------+----------------------------------------------------------------------------------------------------------------------------------------------+
; Port               ; Type    ; Severity         ; Details                                                                                                                                      ;
+--------------------+---------+------------------+----------------------------------------------------------------------------------------------------------------------------------------------+
; leds_export[31..8] ; Output  ; Info             ; Connected to dangling logic. Logic that only feeds a dangling port will be removed.                                                          ;
; audio_pwm_export   ; Unknown ; Critical Warning ; Named port was not declared by the instantiated entity                                                                                       ;
; audio_BCLK         ; Input   ; Warning          ; Declared by entity but not connected by instance. If a default value exists, it will be used.  Otherwise, the port will be connected to GND. ;
; audio_DACDAT       ; Output  ; Warning          ; Declared by entity but not connected by instance. Logic that only feeds a dangling port will be removed.                                     ;
; audio_DACLRCK      ; Input   ; Warning          ; Declared by entity but not connected by instance. If a default value exists, it will be used.  Otherwise, the port will be connected to GND. ;
+--------------------+---------+------------------+----------------------------------------------------------------------------------------------------------------------------------------------+


+---------------------------------+
; Analysis & Elaboration Messages ;
+---------------------------------+
Info: *******************************************************************
Info: Running Quartus Prime Analysis & Elaboration
    Info: Version 18.1.0 Build 625 09/12/2018 SJ Lite Edition
    Info: Processing started: Tue May 27 21:14:44 2025
Info: Command: quartus_map --read_settings_files=on --write_settings_files=off Reloj -c Reloj --analysis_and_elaboration
Warning (18236): Number of processors has not been specified which may cause overloading on shared machines.  Set the global assignment NUM_PARALLEL_PROCESSORS in your QSF to an appropriate value for best performance.
Info (20030): Parallel compilation is enabled and will use 8 of the 8 processors detected
Info (12021): Found 1 design units, including 1 entities, in source file reloj_soc/synthesis/reloj_soc.v
    Info (12023): Found entity 1: reloj_soc File: /home/tefa/Documents/GitHub/Demo_qsys/reloj_soc/synthesis/reloj_soc.v Line: 6
Info (12021): Found 1 design units, including 1 entities, in source file reloj_soc/synthesis/submodules/altera_reset_controller.v
    Info (12023): Found entity 1: altera_reset_controller File: /home/tefa/Documents/GitHub/Demo_qsys/reloj_soc/synthesis/submodules/altera_reset_controller.v Line: 42
Info (12021): Found 1 design units, including 1 entities, in source file reloj_soc/synthesis/submodules/altera_reset_synchronizer.v
    Info (12023): Found entity 1: altera_reset_synchronizer File: /home/tefa/Documents/GitHub/Demo_qsys/reloj_soc/synthesis/submodules/altera_reset_synchronizer.v Line: 24
Info (12021): Found 1 design units, including 1 entities, in source file reloj_soc/synthesis/submodules/reloj_soc_irq_mapper.sv
    Info (12023): Found entity 1: reloj_soc_irq_mapper File: /home/tefa/Documents/GitHub/Demo_qsys/reloj_soc/synthesis/submodules/reloj_soc_irq_mapper.sv Line: 31
Info (12021): Found 1 design units, including 1 entities, in source file reloj_soc/synthesis/submodules/reloj_soc_mm_interconnect_0.v
    Info (12023): Found entity 1: reloj_soc_mm_interconnect_0 File: /home/tefa/Documents/GitHub/Demo_qsys/reloj_soc/synthesis/submodules/reloj_soc_mm_interconnect_0.v Line: 9
Info (12021): Found 1 design units, including 1 entities, in source file reloj_soc/synthesis/submodules/reloj_soc_mm_interconnect_0_avalon_st_adapter.v
    Info (12023): Found entity 1: reloj_soc_mm_interconnect_0_avalon_st_adapter File: /home/tefa/Documents/GitHub/Demo_qsys/reloj_soc/synthesis/submodules/reloj_soc_mm_interconnect_0_avalon_st_adapter.v Line: 9
Info (12021): Found 1 design units, including 1 entities, in source file reloj_soc/synthesis/submodules/reloj_soc_mm_interconnect_0_avalon_st_adapter_error_adapter_0.sv
    Info (12023): Found entity 1: reloj_soc_mm_interconnect_0_avalon_st_adapter_error_adapter_0 File: /home/tefa/Documents/GitHub/Demo_qsys/reloj_soc/synthesis/submodules/reloj_soc_mm_interconnect_0_avalon_st_adapter_error_adapter_0.sv Line: 66
Info (12021): Found 1 design units, including 1 entities, in source file reloj_soc/synthesis/submodules/reloj_soc_mm_interconnect_0_rsp_mux_001.sv
    Info (12023): Found entity 1: reloj_soc_mm_interconnect_0_rsp_mux_001 File: /home/tefa/Documents/GitHub/Demo_qsys/reloj_soc/synthesis/submodules/reloj_soc_mm_interconnect_0_rsp_mux_001.sv Line: 51
Info (12021): Found 2 design units, including 2 entities, in source file reloj_soc/synthesis/submodules/altera_merlin_arbitrator.sv
    Info (12023): Found entity 1: altera_merlin_arbitrator File: /home/tefa/Documents/GitHub/Demo_qsys/reloj_soc/synthesis/submodules/altera_merlin_arbitrator.sv Line: 103
    Info (12023): Found entity 2: altera_merlin_arb_adder File: /home/tefa/Documents/GitHub/Demo_qsys/reloj_soc/synthesis/submodules/altera_merlin_arbitrator.sv Line: 228
Info (12021): Found 1 design units, including 1 entities, in source file reloj_soc/synthesis/submodules/reloj_soc_mm_interconnect_0_rsp_mux.sv
    Info (12023): Found entity 1: reloj_soc_mm_interconnect_0_rsp_mux File: /home/tefa/Documents/GitHub/Demo_qsys/reloj_soc/synthesis/submodules/reloj_soc_mm_interconnect_0_rsp_mux.sv Line: 51
Info (12021): Found 1 design units, including 1 entities, in source file reloj_soc/synthesis/submodules/reloj_soc_mm_interconnect_0_rsp_demux.sv
    Info (12023): Found entity 1: reloj_soc_mm_interconnect_0_rsp_demux File: /home/tefa/Documents/GitHub/Demo_qsys/reloj_soc/synthesis/submodules/reloj_soc_mm_interconnect_0_rsp_demux.sv Line: 43
Info (12021): Found 1 design units, including 1 entities, in source file reloj_soc/synthesis/submodules/reloj_soc_mm_interconnect_0_cmd_mux_002.sv
    Info (12023): Found entity 1: reloj_soc_mm_interconnect_0_cmd_mux_002 File: /home/tefa/Documents/GitHub/Demo_qsys/reloj_soc/synthesis/submodules/reloj_soc_mm_interconnect_0_cmd_mux_002.sv Line: 51
Info (12021): Found 1 design units, including 1 entities, in source file reloj_soc/synthesis/submodules/reloj_soc_mm_interconnect_0_cmd_mux.sv
    Info (12023): Found entity 1: reloj_soc_mm_interconnect_0_cmd_mux File: /home/tefa/Documents/GitHub/Demo_qsys/reloj_soc/synthesis/submodules/reloj_soc_mm_interconnect_0_cmd_mux.sv Line: 51
Info (12021): Found 1 design units, including 1 entities, in source file reloj_soc/synthesis/submodules/reloj_soc_mm_interconnect_0_cmd_demux_001.sv
    Info (12023): Found entity 1: reloj_soc_mm_interconnect_0_cmd_demux_001 File: /home/tefa/Documents/GitHub/Demo_qsys/reloj_soc/synthesis/submodules/reloj_soc_mm_interconnect_0_cmd_demux_001.sv Line: 43
Info (12021): Found 1 design units, including 1 entities, in source file reloj_soc/synthesis/submodules/reloj_soc_mm_interconnect_0_cmd_demux.sv
    Info (12023): Found entity 1: reloj_soc_mm_interconnect_0_cmd_demux File: /home/tefa/Documents/GitHub/Demo_qsys/reloj_soc/synthesis/submodules/reloj_soc_mm_interconnect_0_cmd_demux.sv Line: 43
Info (12021): Found 2 design units, including 2 entities, in source file reloj_soc/synthesis/submodules/reloj_soc_mm_interconnect_0_router_004.sv
    Info (12023): Found entity 1: reloj_soc_mm_interconnect_0_router_004_default_decode File: /home/tefa/Documents/GitHub/Demo_qsys/reloj_soc/synthesis/submodules/reloj_soc_mm_interconnect_0_router_004.sv Line: 45
    Info (12023): Found entity 2: reloj_soc_mm_interconnect_0_router_004 File: /home/tefa/Documents/GitHub/Demo_qsys/reloj_soc/synthesis/submodules/reloj_soc_mm_interconnect_0_router_004.sv Line: 84
Info (12021): Found 2 design units, including 2 entities, in source file reloj_soc/synthesis/submodules/reloj_soc_mm_interconnect_0_router_002.sv
    Info (12023): Found entity 1: reloj_soc_mm_interconnect_0_router_002_default_decode File: /home/tefa/Documents/GitHub/Demo_qsys/reloj_soc/synthesis/submodules/reloj_soc_mm_interconnect_0_router_002.sv Line: 45
    Info (12023): Found entity 2: reloj_soc_mm_interconnect_0_router_002 File: /home/tefa/Documents/GitHub/Demo_qsys/reloj_soc/synthesis/submodules/reloj_soc_mm_interconnect_0_router_002.sv Line: 84
Info (12021): Found 2 design units, including 2 entities, in source file reloj_soc/synthesis/submodules/reloj_soc_mm_interconnect_0_router_001.sv
    Info (12023): Found entity 1: reloj_soc_mm_interconnect_0_router_001_default_decode File: /home/tefa/Documents/GitHub/Demo_qsys/reloj_soc/synthesis/submodules/reloj_soc_mm_interconnect_0_router_001.sv Line: 45
    Info (12023): Found entity 2: reloj_soc_mm_interconnect_0_router_001 File: /home/tefa/Documents/GitHub/Demo_qsys/reloj_soc/synthesis/submodules/reloj_soc_mm_interconnect_0_router_001.sv Line: 84
Info (12021): Found 2 design units, including 2 entities, in source file reloj_soc/synthesis/submodules/reloj_soc_mm_interconnect_0_router.sv
    Info (12023): Found entity 1: reloj_soc_mm_interconnect_0_router_default_decode File: /home/tefa/Documents/GitHub/Demo_qsys/reloj_soc/synthesis/submodules/reloj_soc_mm_interconnect_0_router.sv Line: 45
    Info (12023): Found entity 2: reloj_soc_mm_interconnect_0_router File: /home/tefa/Documents/GitHub/Demo_qsys/reloj_soc/synthesis/submodules/reloj_soc_mm_interconnect_0_router.sv Line: 84
Info (12021): Found 1 design units, including 1 entities, in source file reloj_soc/synthesis/submodules/altera_avalon_sc_fifo.v
    Info (12023): Found entity 1: altera_avalon_sc_fifo File: /home/tefa/Documents/GitHub/Demo_qsys/reloj_soc/synthesis/submodules/altera_avalon_sc_fifo.v Line: 21
Info (12021): Found 1 design units, including 1 entities, in source file reloj_soc/synthesis/submodules/altera_merlin_slave_agent.sv
    Info (12023): Found entity 1: altera_merlin_slave_agent File: /home/tefa/Documents/GitHub/Demo_qsys/reloj_soc/synthesis/submodules/altera_merlin_slave_agent.sv Line: 34
Info (12021): Found 1 design units, including 1 entities, in source file reloj_soc/synthesis/submodules/altera_merlin_burst_uncompressor.sv
    Info (12023): Found entity 1: altera_merlin_burst_uncompressor File: /home/tefa/Documents/GitHub/Demo_qsys/reloj_soc/synthesis/submodules/altera_merlin_burst_uncompressor.sv Line: 40
Info (12021): Found 1 design units, including 1 entities, in source file reloj_soc/synthesis/submodules/altera_merlin_master_agent.sv
    Info (12023): Found entity 1: altera_merlin_master_agent File: /home/tefa/Documents/GitHub/Demo_qsys/reloj_soc/synthesis/submodules/altera_merlin_master_agent.sv Line: 28
Info (12021): Found 1 design units, including 1 entities, in source file reloj_soc/synthesis/submodules/altera_merlin_slave_translator.sv
    Info (12023): Found entity 1: altera_merlin_slave_translator File: /home/tefa/Documents/GitHub/Demo_qsys/reloj_soc/synthesis/submodules/altera_merlin_slave_translator.sv Line: 35
Info (12021): Found 1 design units, including 1 entities, in source file reloj_soc/synthesis/submodules/altera_merlin_master_translator.sv
    Info (12023): Found entity 1: altera_merlin_master_translator File: /home/tefa/Documents/GitHub/Demo_qsys/reloj_soc/synthesis/submodules/altera_merlin_master_translator.sv Line: 32
Info (12021): Found 1 design units, including 1 entities, in source file reloj_soc/synthesis/submodules/altera_up_audio_bit_counter.v
    Info (12023): Found entity 1: altera_up_audio_bit_counter File: /home/tefa/Documents/GitHub/Demo_qsys/reloj_soc/synthesis/submodules/altera_up_audio_bit_counter.v Line: 30
Info (12021): Found 1 design units, including 1 entities, in source file reloj_soc/synthesis/submodules/altera_up_audio_in_deserializer.v
    Info (12023): Found entity 1: altera_up_audio_in_deserializer File: /home/tefa/Documents/GitHub/Demo_qsys/reloj_soc/synthesis/submodules/altera_up_audio_in_deserializer.v Line: 28
Info (12021): Found 1 design units, including 1 entities, in source file reloj_soc/synthesis/submodules/altera_up_audio_out_serializer.v
    Info (12023): Found entity 1: altera_up_audio_out_serializer File: /home/tefa/Documents/GitHub/Demo_qsys/reloj_soc/synthesis/submodules/altera_up_audio_out_serializer.v Line: 28
Info (12021): Found 1 design units, including 1 entities, in source file reloj_soc/synthesis/submodules/altera_up_clock_edge.v
    Info (12023): Found entity 1: altera_up_clock_edge File: /home/tefa/Documents/GitHub/Demo_qsys/reloj_soc/synthesis/submodules/altera_up_clock_edge.v Line: 29
Info (12021): Found 1 design units, including 1 entities, in source file reloj_soc/synthesis/submodules/altera_up_sync_fifo.v
    Info (12023): Found entity 1: altera_up_sync_fifo File: /home/tefa/Documents/GitHub/Demo_qsys/reloj_soc/synthesis/submodules/altera_up_sync_fifo.v Line: 28
Info (12021): Found 1 design units, including 1 entities, in source file reloj_soc/synthesis/submodules/reloj_soc_audio_0.v
    Info (12023): Found entity 1: reloj_soc_audio_0 File: /home/tefa/Documents/GitHub/Demo_qsys/reloj_soc/synthesis/submodules/reloj_soc_audio_0.v Line: 30
Info (12021): Found 5 design units, including 5 entities, in source file reloj_soc/synthesis/submodules/reloj_soc_UART.v
    Info (12023): Found entity 1: reloj_soc_UART_sim_scfifo_w File: /home/tefa/Documents/GitHub/Demo_qsys/reloj_soc/synthesis/submodules/reloj_soc_UART.v Line: 21
    Info (12023): Found entity 2: reloj_soc_UART_scfifo_w File: /home/tefa/Documents/GitHub/Demo_qsys/reloj_soc/synthesis/submodules/reloj_soc_UART.v Line: 78
    Info (12023): Found entity 3: reloj_soc_UART_sim_scfifo_r File: /home/tefa/Documents/GitHub/Demo_qsys/reloj_soc/synthesis/submodules/reloj_soc_UART.v Line: 164
    Info (12023): Found entity 4: reloj_soc_UART_scfifo_r File: /home/tefa/Documents/GitHub/Demo_qsys/reloj_soc/synthesis/submodules/reloj_soc_UART.v Line: 243
    Info (12023): Found entity 5: reloj_soc_UART File: /home/tefa/Documents/GitHub/Demo_qsys/reloj_soc/synthesis/submodules/reloj_soc_UART.v Line: 331
Info (12021): Found 1 design units, including 1 entities, in source file reloj_soc/synthesis/submodules/reloj_soc_TIMER.v
    Info (12023): Found entity 1: reloj_soc_TIMER File: /home/tefa/Documents/GitHub/Demo_qsys/reloj_soc/synthesis/submodules/reloj_soc_TIMER.v Line: 21
Info (12021): Found 1 design units, including 1 entities, in source file reloj_soc/synthesis/submodules/reloj_soc_REG_LEDS.v
    Info (12023): Found entity 1: reloj_soc_REG_LEDS File: /home/tefa/Documents/GitHub/Demo_qsys/reloj_soc/synthesis/submodules/reloj_soc_REG_LEDS.v Line: 21
Info (12021): Found 1 design units, including 1 entities, in source file reloj_soc/synthesis/submodules/reloj_soc_REG_BUTTON.v
    Info (12023): Found entity 1: reloj_soc_REG_BUTTON File: /home/tefa/Documents/GitHub/Demo_qsys/reloj_soc/synthesis/submodules/reloj_soc_REG_BUTTON.v Line: 21
Info (12021): Found 1 design units, including 1 entities, in source file reloj_soc/synthesis/submodules/reloj_soc_RAM.v
    Info (12023): Found entity 1: reloj_soc_RAM File: /home/tefa/Documents/GitHub/Demo_qsys/reloj_soc/synthesis/submodules/reloj_soc_RAM.v Line: 21
Info (12021): Found 1 design units, including 1 entities, in source file reloj_soc/synthesis/submodules/reloj_soc_NIOSII.v
    Info (12023): Found entity 1: reloj_soc_NIOSII File: /home/tefa/Documents/GitHub/Demo_qsys/reloj_soc/synthesis/submodules/reloj_soc_NIOSII.v Line: 9
Info (12021): Found 21 design units, including 21 entities, in source file reloj_soc/synthesis/submodules/reloj_soc_NIOSII_cpu.v
    Info (12023): Found entity 1: reloj_soc_NIOSII_cpu_register_bank_a_module File: /home/tefa/Documents/GitHub/Demo_qsys/reloj_soc/synthesis/submodules/reloj_soc_NIOSII_cpu.v Line: 21
    Info (12023): Found entity 2: reloj_soc_NIOSII_cpu_register_bank_b_module File: /home/tefa/Documents/GitHub/Demo_qsys/reloj_soc/synthesis/submodules/reloj_soc_NIOSII_cpu.v Line: 87
    Info (12023): Found entity 3: reloj_soc_NIOSII_cpu_nios2_oci_debug File: /home/tefa/Documents/GitHub/Demo_qsys/reloj_soc/synthesis/submodules/reloj_soc_NIOSII_cpu.v Line: 153
    Info (12023): Found entity 4: reloj_soc_NIOSII_cpu_nios2_oci_break File: /home/tefa/Documents/GitHub/Demo_qsys/reloj_soc/synthesis/submodules/reloj_soc_NIOSII_cpu.v Line: 295
    Info (12023): Found entity 5: reloj_soc_NIOSII_cpu_nios2_oci_xbrk File: /home/tefa/Documents/GitHub/Demo_qsys/reloj_soc/synthesis/submodules/reloj_soc_NIOSII_cpu.v Line: 588
    Info (12023): Found entity 6: reloj_soc_NIOSII_cpu_nios2_oci_dbrk File: /home/tefa/Documents/GitHub/Demo_qsys/reloj_soc/synthesis/submodules/reloj_soc_NIOSII_cpu.v Line: 795
    Info (12023): Found entity 7: reloj_soc_NIOSII_cpu_nios2_oci_itrace File: /home/tefa/Documents/GitHub/Demo_qsys/reloj_soc/synthesis/submodules/reloj_soc_NIOSII_cpu.v Line: 982
    Info (12023): Found entity 8: reloj_soc_NIOSII_cpu_nios2_oci_td_mode File: /home/tefa/Documents/GitHub/Demo_qsys/reloj_soc/synthesis/submodules/reloj_soc_NIOSII_cpu.v Line: 1115
    Info (12023): Found entity 9: reloj_soc_NIOSII_cpu_nios2_oci_dtrace File: /home/tefa/Documents/GitHub/Demo_qsys/reloj_soc/synthesis/submodules/reloj_soc_NIOSII_cpu.v Line: 1183
    Info (12023): Found entity 10: reloj_soc_NIOSII_cpu_nios2_oci_compute_input_tm_cnt File: /home/tefa/Documents/GitHub/Demo_qsys/reloj_soc/synthesis/submodules/reloj_soc_NIOSII_cpu.v Line: 1265
    Info (12023): Found entity 11: reloj_soc_NIOSII_cpu_nios2_oci_fifo_wrptr_inc File: /home/tefa/Documents/GitHub/Demo_qsys/reloj_soc/synthesis/submodules/reloj_soc_NIOSII_cpu.v Line: 1337
    Info (12023): Found entity 12: reloj_soc_NIOSII_cpu_nios2_oci_fifo_cnt_inc File: /home/tefa/Documents/GitHub/Demo_qsys/reloj_soc/synthesis/submodules/reloj_soc_NIOSII_cpu.v Line: 1380
    Info (12023): Found entity 13: reloj_soc_NIOSII_cpu_nios2_oci_fifo File: /home/tefa/Documents/GitHub/Demo_qsys/reloj_soc/synthesis/submodules/reloj_soc_NIOSII_cpu.v Line: 1427
    Info (12023): Found entity 14: reloj_soc_NIOSII_cpu_nios2_oci_pib File: /home/tefa/Documents/GitHub/Demo_qsys/reloj_soc/synthesis/submodules/reloj_soc_NIOSII_cpu.v Line: 1913
    Info (12023): Found entity 15: reloj_soc_NIOSII_cpu_nios2_oci_im File: /home/tefa/Documents/GitHub/Demo_qsys/reloj_soc/synthesis/submodules/reloj_soc_NIOSII_cpu.v Line: 1936
    Info (12023): Found entity 16: reloj_soc_NIOSII_cpu_nios2_performance_monitors File: /home/tefa/Documents/GitHub/Demo_qsys/reloj_soc/synthesis/submodules/reloj_soc_NIOSII_cpu.v Line: 2006
    Info (12023): Found entity 17: reloj_soc_NIOSII_cpu_nios2_avalon_reg File: /home/tefa/Documents/GitHub/Demo_qsys/reloj_soc/synthesis/submodules/reloj_soc_NIOSII_cpu.v Line: 2023
    Info (12023): Found entity 18: reloj_soc_NIOSII_cpu_ociram_sp_ram_module File: /home/tefa/Documents/GitHub/Demo_qsys/reloj_soc/synthesis/submodules/reloj_soc_NIOSII_cpu.v Line: 2116
    Info (12023): Found entity 19: reloj_soc_NIOSII_cpu_nios2_ocimem File: /home/tefa/Documents/GitHub/Demo_qsys/reloj_soc/synthesis/submodules/reloj_soc_NIOSII_cpu.v Line: 2181
    Info (12023): Found entity 20: reloj_soc_NIOSII_cpu_nios2_oci File: /home/tefa/Documents/GitHub/Demo_qsys/reloj_soc/synthesis/submodules/reloj_soc_NIOSII_cpu.v Line: 2362
    Info (12023): Found entity 21: reloj_soc_NIOSII_cpu File: /home/tefa/Documents/GitHub/Demo_qsys/reloj_soc/synthesis/submodules/reloj_soc_NIOSII_cpu.v Line: 2834
Info (12021): Found 1 design units, including 1 entities, in source file reloj_soc/synthesis/submodules/reloj_soc_NIOSII_cpu_debug_slave_wrapper.v
    Info (12023): Found entity 1: reloj_soc_NIOSII_cpu_debug_slave_wrapper File: /home/tefa/Documents/GitHub/Demo_qsys/reloj_soc/synthesis/submodules/reloj_soc_NIOSII_cpu_debug_slave_wrapper.v Line: 21
Info (12021): Found 1 design units, including 1 entities, in source file reloj_soc/synthesis/submodules/reloj_soc_NIOSII_cpu_debug_slave_sysclk.v
    Info (12023): Found entity 1: reloj_soc_NIOSII_cpu_debug_slave_sysclk File: /home/tefa/Documents/GitHub/Demo_qsys/reloj_soc/synthesis/submodules/reloj_soc_NIOSII_cpu_debug_slave_sysclk.v Line: 21
Info (12021): Found 1 design units, including 1 entities, in source file reloj_soc/synthesis/submodules/reloj_soc_NIOSII_cpu_debug_slave_tck.v
    Info (12023): Found entity 1: reloj_soc_NIOSII_cpu_debug_slave_tck File: /home/tefa/Documents/GitHub/Demo_qsys/reloj_soc/synthesis/submodules/reloj_soc_NIOSII_cpu_debug_slave_tck.v Line: 21
Info (12021): Found 1 design units, including 1 entities, in source file reloj_soc/synthesis/submodules/reloj_soc_NIOSII_cpu_test_bench.v
    Info (12023): Found entity 1: reloj_soc_NIOSII_cpu_test_bench File: /home/tefa/Documents/GitHub/Demo_qsys/reloj_soc/synthesis/submodules/reloj_soc_NIOSII_cpu_test_bench.v Line: 21
Info (12021): Found 1 design units, including 1 entities, in source file soc_top.v
    Info (12023): Found entity 1: soc_top File: /home/tefa/Documents/GitHub/Demo_qsys/soc_top.v Line: 1
Info (12127): Elaborating entity "soc_top" for the top level hierarchy
Info (12128): Elaborating entity "reloj_soc" for hierarchy "reloj_soc:dut" File: /home/tefa/Documents/GitHub/Demo_qsys/soc_top.v Line: 22
Info (12128): Elaborating entity "reloj_soc_NIOSII" for hierarchy "reloj_soc:dut|reloj_soc_NIOSII:niosii" File: /home/tefa/Documents/GitHub/Demo_qsys/reloj_soc/synthesis/reloj_soc.v Line: 102
Info (12128): Elaborating entity "reloj_soc_NIOSII_cpu" for hierarchy "reloj_soc:dut|reloj_soc_NIOSII:niosii|reloj_soc_NIOSII_cpu:cpu" File: /home/tefa/Documents/GitHub/Demo_qsys/reloj_soc/synthesis/submodules/reloj_soc_NIOSII.v Line: 65
Info (12128): Elaborating entity "reloj_soc_NIOSII_cpu_test_bench" for hierarchy "reloj_soc:dut|reloj_soc_NIOSII:niosii|reloj_soc_NIOSII_cpu:cpu|reloj_soc_NIOSII_cpu_test_bench:the_reloj_soc_NIOSII_cpu_test_bench" File: /home/tefa/Documents/GitHub/Demo_qsys/reloj_soc/synthesis/submodules/reloj_soc_NIOSII_cpu.v Line: 3545
Info (12128): Elaborating entity "reloj_soc_NIOSII_cpu_register_bank_a_module" for hierarchy "reloj_soc:dut|reloj_soc_NIOSII:niosii|reloj_soc_NIOSII_cpu:cpu|reloj_soc_NIOSII_cpu_register_bank_a_module:reloj_soc_NIOSII_cpu_register_bank_a" File: /home/tefa/Documents/GitHub/Demo_qsys/reloj_soc/synthesis/submodules/reloj_soc_NIOSII_cpu.v Line: 4061
Info (12128): Elaborating entity "altsyncram" for hierarchy "reloj_soc:dut|reloj_soc_NIOSII:niosii|reloj_soc_NIOSII_cpu:cpu|reloj_soc_NIOSII_cpu_register_bank_a_module:reloj_soc_NIOSII_cpu_register_bank_a|altsyncram:the_altsyncram" File: /home/tefa/Documents/GitHub/Demo_qsys/reloj_soc/synthesis/submodules/reloj_soc_NIOSII_cpu.v Line: 58
Info (12130): Elaborated megafunction instantiation "reloj_soc:dut|reloj_soc_NIOSII:niosii|reloj_soc_NIOSII_cpu:cpu|reloj_soc_NIOSII_cpu_register_bank_a_module:reloj_soc_NIOSII_cpu_register_bank_a|altsyncram:the_altsyncram" File: /home/tefa/Documents/GitHub/Demo_qsys/reloj_soc/synthesis/submodules/reloj_soc_NIOSII_cpu.v Line: 58
Info (12133): Instantiated megafunction "reloj_soc:dut|reloj_soc_NIOSII:niosii|reloj_soc_NIOSII_cpu:cpu|reloj_soc_NIOSII_cpu_register_bank_a_module:reloj_soc_NIOSII_cpu_register_bank_a|altsyncram:the_altsyncram" with the following parameter: File: /home/tefa/Documents/GitHub/Demo_qsys/reloj_soc/synthesis/submodules/reloj_soc_NIOSII_cpu.v Line: 58
    Info (12134): Parameter "address_reg_b" = "CLOCK0"
    Info (12134): Parameter "init_file" = "UNUSED"
    Info (12134): Parameter "maximum_depth" = "0"
    Info (12134): Parameter "numwords_a" = "32"
    Info (12134): Parameter "numwords_b" = "32"
    Info (12134): Parameter "operation_mode" = "DUAL_PORT"
    Info (12134): Parameter "outdata_reg_b" = "UNREGISTERED"
    Info (12134): Parameter "ram_block_type" = "AUTO"
    Info (12134): Parameter "rdcontrol_reg_b" = "CLOCK0"
    Info (12134): Parameter "read_during_write_mode_mixed_ports" = "DONT_CARE"
    Info (12134): Parameter "width_a" = "32"
    Info (12134): Parameter "width_b" = "32"
    Info (12134): Parameter "widthad_a" = "5"
    Info (12134): Parameter "widthad_b" = "5"
Info (12021): Found 1 design units, including 1 entities, in source file db/altsyncram_msi1.tdf
    Info (12023): Found entity 1: altsyncram_msi1 File: /home/tefa/Documents/GitHub/Demo_qsys/db/altsyncram_msi1.tdf Line: 27
Info (12128): Elaborating entity "altsyncram_msi1" for hierarchy "reloj_soc:dut|reloj_soc_NIOSII:niosii|reloj_soc_NIOSII_cpu:cpu|reloj_soc_NIOSII_cpu_register_bank_a_module:reloj_soc_NIOSII_cpu_register_bank_a|altsyncram:the_altsyncram|altsyncram_msi1:auto_generated" File: /opt/intelFPGA_lite/18.1/quartus/libraries/megafunctions/altsyncram.tdf Line: 791
Info (12128): Elaborating entity "reloj_soc_NIOSII_cpu_register_bank_b_module" for hierarchy "reloj_soc:dut|reloj_soc_NIOSII:niosii|reloj_soc_NIOSII_cpu:cpu|reloj_soc_NIOSII_cpu_register_bank_b_module:reloj_soc_NIOSII_cpu_register_bank_b" File: /home/tefa/Documents/GitHub/Demo_qsys/reloj_soc/synthesis/submodules/reloj_soc_NIOSII_cpu.v Line: 4079
Info (12128): Elaborating entity "reloj_soc_NIOSII_cpu_nios2_oci" for hierarchy "reloj_soc:dut|reloj_soc_NIOSII:niosii|reloj_soc_NIOSII_cpu:cpu|reloj_soc_NIOSII_cpu_nios2_oci:the_reloj_soc_NIOSII_cpu_nios2_oci" File: /home/tefa/Documents/GitHub/Demo_qsys/reloj_soc/synthesis/submodules/reloj_soc_NIOSII_cpu.v Line: 4575
Info (12128): Elaborating entity "reloj_soc_NIOSII_cpu_nios2_oci_debug" for hierarchy "reloj_soc:dut|reloj_soc_NIOSII:niosii|reloj_soc_NIOSII_cpu:cpu|reloj_soc_NIOSII_cpu_nios2_oci:the_reloj_soc_NIOSII_cpu_nios2_oci|reloj_soc_NIOSII_cpu_nios2_oci_debug:the_reloj_soc_NIOSII_cpu_nios2_oci_debug" File: /home/tefa/Documents/GitHub/Demo_qsys/reloj_soc/synthesis/submodules/reloj_soc_NIOSII_cpu.v Line: 2531
Info (12128): Elaborating entity "altera_std_synchronizer" for hierarchy "reloj_soc:dut|reloj_soc_NIOSII:niosii|reloj_soc_NIOSII_cpu:cpu|reloj_soc_NIOSII_cpu_nios2_oci:the_reloj_soc_NIOSII_cpu_nios2_oci|reloj_soc_NIOSII_cpu_nios2_oci_debug:the_reloj_soc_NIOSII_cpu_nios2_oci_debug|altera_std_synchronizer:the_altera_std_synchronizer" File: /home/tefa/Documents/GitHub/Demo_qsys/reloj_soc/synthesis/submodules/reloj_soc_NIOSII_cpu.v Line: 220
Info (12130): Elaborated megafunction instantiation "reloj_soc:dut|reloj_soc_NIOSII:niosii|reloj_soc_NIOSII_cpu:cpu|reloj_soc_NIOSII_cpu_nios2_oci:the_reloj_soc_NIOSII_cpu_nios2_oci|reloj_soc_NIOSII_cpu_nios2_oci_debug:the_reloj_soc_NIOSII_cpu_nios2_oci_debug|altera_std_synchronizer:the_altera_std_synchronizer" File: /home/tefa/Documents/GitHub/Demo_qsys/reloj_soc/synthesis/submodules/reloj_soc_NIOSII_cpu.v Line: 220
Info (12133): Instantiated megafunction "reloj_soc:dut|reloj_soc_NIOSII:niosii|reloj_soc_NIOSII_cpu:cpu|reloj_soc_NIOSII_cpu_nios2_oci:the_reloj_soc_NIOSII_cpu_nios2_oci|reloj_soc_NIOSII_cpu_nios2_oci_debug:the_reloj_soc_NIOSII_cpu_nios2_oci_debug|altera_std_synchronizer:the_altera_std_synchronizer" with the following parameter: File: /home/tefa/Documents/GitHub/Demo_qsys/reloj_soc/synthesis/submodules/reloj_soc_NIOSII_cpu.v Line: 220
    Info (12134): Parameter "depth" = "2"
Info (12128): Elaborating entity "reloj_soc_NIOSII_cpu_nios2_oci_break" for hierarchy "reloj_soc:dut|reloj_soc_NIOSII:niosii|reloj_soc_NIOSII_cpu:cpu|reloj_soc_NIOSII_cpu_nios2_oci:the_reloj_soc_NIOSII_cpu_nios2_oci|reloj_soc_NIOSII_cpu_nios2_oci_break:the_reloj_soc_NIOSII_cpu_nios2_oci_break" File: /home/tefa/Documents/GitHub/Demo_qsys/reloj_soc/synthesis/submodules/reloj_soc_NIOSII_cpu.v Line: 2561
Info (12128): Elaborating entity "reloj_soc_NIOSII_cpu_nios2_oci_xbrk" for hierarchy "reloj_soc:dut|reloj_soc_NIOSII:niosii|reloj_soc_NIOSII_cpu:cpu|reloj_soc_NIOSII_cpu_nios2_oci:the_reloj_soc_NIOSII_cpu_nios2_oci|reloj_soc_NIOSII_cpu_nios2_oci_xbrk:the_reloj_soc_NIOSII_cpu_nios2_oci_xbrk" File: /home/tefa/Documents/GitHub/Demo_qsys/reloj_soc/synthesis/submodules/reloj_soc_NIOSII_cpu.v Line: 2582
Info (12128): Elaborating entity "reloj_soc_NIOSII_cpu_nios2_oci_dbrk" for hierarchy "reloj_soc:dut|reloj_soc_NIOSII:niosii|reloj_soc_NIOSII_cpu:cpu|reloj_soc_NIOSII_cpu_nios2_oci:the_reloj_soc_NIOSII_cpu_nios2_oci|reloj_soc_NIOSII_cpu_nios2_oci_dbrk:the_reloj_soc_NIOSII_cpu_nios2_oci_dbrk" File: /home/tefa/Documents/GitHub/Demo_qsys/reloj_soc/synthesis/submodules/reloj_soc_NIOSII_cpu.v Line: 2608
Info (12128): Elaborating entity "reloj_soc_NIOSII_cpu_nios2_oci_itrace" for hierarchy "reloj_soc:dut|reloj_soc_NIOSII:niosii|reloj_soc_NIOSII_cpu:cpu|reloj_soc_NIOSII_cpu_nios2_oci:the_reloj_soc_NIOSII_cpu_nios2_oci|reloj_soc_NIOSII_cpu_nios2_oci_itrace:the_reloj_soc_NIOSII_cpu_nios2_oci_itrace" File: /home/tefa/Documents/GitHub/Demo_qsys/reloj_soc/synthesis/submodules/reloj_soc_NIOSII_cpu.v Line: 2624
Info (12128): Elaborating entity "reloj_soc_NIOSII_cpu_nios2_oci_dtrace" for hierarchy "reloj_soc:dut|reloj_soc_NIOSII:niosii|reloj_soc_NIOSII_cpu:cpu|reloj_soc_NIOSII_cpu_nios2_oci:the_reloj_soc_NIOSII_cpu_nios2_oci|reloj_soc_NIOSII_cpu_nios2_oci_dtrace:the_reloj_soc_NIOSII_cpu_nios2_oci_dtrace" File: /home/tefa/Documents/GitHub/Demo_qsys/reloj_soc/synthesis/submodules/reloj_soc_NIOSII_cpu.v Line: 2639
Info (12128): Elaborating entity "reloj_soc_NIOSII_cpu_nios2_oci_td_mode" for hierarchy "reloj_soc:dut|reloj_soc_NIOSII:niosii|reloj_soc_NIOSII_cpu:cpu|reloj_soc_NIOSII_cpu_nios2_oci:the_reloj_soc_NIOSII_cpu_nios2_oci|reloj_soc_NIOSII_cpu_nios2_oci_dtrace:the_reloj_soc_NIOSII_cpu_nios2_oci_dtrace|reloj_soc_NIOSII_cpu_nios2_oci_td_mode:reloj_soc_NIOSII_cpu_nios2_oci_trc_ctrl_td_mode" File: /home/tefa/Documents/GitHub/Demo_qsys/reloj_soc/synthesis/submodules/reloj_soc_NIOSII_cpu.v Line: 1233
Info (12128): Elaborating entity "reloj_soc_NIOSII_cpu_nios2_oci_fifo" for hierarchy "reloj_soc:dut|reloj_soc_NIOSII:niosii|reloj_soc_NIOSII_cpu:cpu|reloj_soc_NIOSII_cpu_nios2_oci:the_reloj_soc_NIOSII_cpu_nios2_oci|reloj_soc_NIOSII_cpu_nios2_oci_fifo:the_reloj_soc_NIOSII_cpu_nios2_oci_fifo" File: /home/tefa/Documents/GitHub/Demo_qsys/reloj_soc/synthesis/submodules/reloj_soc_NIOSII_cpu.v Line: 2654
Info (12128): Elaborating entity "reloj_soc_NIOSII_cpu_nios2_oci_compute_input_tm_cnt" for hierarchy "reloj_soc:dut|reloj_soc_NIOSII:niosii|reloj_soc_NIOSII_cpu:cpu|reloj_soc_NIOSII_cpu_nios2_oci:the_reloj_soc_NIOSII_cpu_nios2_oci|reloj_soc_NIOSII_cpu_nios2_oci_fifo:the_reloj_soc_NIOSII_cpu_nios2_oci_fifo|reloj_soc_NIOSII_cpu_nios2_oci_compute_input_tm_cnt:the_reloj_soc_NIOSII_cpu_nios2_oci_compute_input_tm_cnt" File: /home/tefa/Documents/GitHub/Demo_qsys/reloj_soc/synthesis/submodules/reloj_soc_NIOSII_cpu.v Line: 1546
Info (12128): Elaborating entity "reloj_soc_NIOSII_cpu_nios2_oci_fifo_wrptr_inc" for hierarchy "reloj_soc:dut|reloj_soc_NIOSII:niosii|reloj_soc_NIOSII_cpu:cpu|reloj_soc_NIOSII_cpu_nios2_oci:the_reloj_soc_NIOSII_cpu_nios2_oci|reloj_soc_NIOSII_cpu_nios2_oci_fifo:the_reloj_soc_NIOSII_cpu_nios2_oci_fifo|reloj_soc_NIOSII_cpu_nios2_oci_fifo_wrptr_inc:the_reloj_soc_NIOSII_cpu_nios2_oci_fifo_wrptr_inc" File: /home/tefa/Documents/GitHub/Demo_qsys/reloj_soc/synthesis/submodules/reloj_soc_NIOSII_cpu.v Line: 1555
Info (12128): Elaborating entity "reloj_soc_NIOSII_cpu_nios2_oci_fifo_cnt_inc" for hierarchy "reloj_soc:dut|reloj_soc_NIOSII:niosii|reloj_soc_NIOSII_cpu:cpu|reloj_soc_NIOSII_cpu_nios2_oci:the_reloj_soc_NIOSII_cpu_nios2_oci|reloj_soc_NIOSII_cpu_nios2_oci_fifo:the_reloj_soc_NIOSII_cpu_nios2_oci_fifo|reloj_soc_NIOSII_cpu_nios2_oci_fifo_cnt_inc:the_reloj_soc_NIOSII_cpu_nios2_oci_fifo_cnt_inc" File: /home/tefa/Documents/GitHub/Demo_qsys/reloj_soc/synthesis/submodules/reloj_soc_NIOSII_cpu.v Line: 1564
Info (12128): Elaborating entity "reloj_soc_NIOSII_cpu_nios2_oci_pib" for hierarchy "reloj_soc:dut|reloj_soc_NIOSII:niosii|reloj_soc_NIOSII_cpu:cpu|reloj_soc_NIOSII_cpu_nios2_oci:the_reloj_soc_NIOSII_cpu_nios2_oci|reloj_soc_NIOSII_cpu_nios2_oci_pib:the_reloj_soc_NIOSII_cpu_nios2_oci_pib" File: /home/tefa/Documents/GitHub/Demo_qsys/reloj_soc/synthesis/submodules/reloj_soc_NIOSII_cpu.v Line: 2659
Info (12128): Elaborating entity "reloj_soc_NIOSII_cpu_nios2_oci_im" for hierarchy "reloj_soc:dut|reloj_soc_NIOSII:niosii|reloj_soc_NIOSII_cpu:cpu|reloj_soc_NIOSII_cpu_nios2_oci:the_reloj_soc_NIOSII_cpu_nios2_oci|reloj_soc_NIOSII_cpu_nios2_oci_im:the_reloj_soc_NIOSII_cpu_nios2_oci_im" File: /home/tefa/Documents/GitHub/Demo_qsys/reloj_soc/synthesis/submodules/reloj_soc_NIOSII_cpu.v Line: 2673
Info (12128): Elaborating entity "reloj_soc_NIOSII_cpu_nios2_avalon_reg" for hierarchy "reloj_soc:dut|reloj_soc_NIOSII:niosii|reloj_soc_NIOSII_cpu:cpu|reloj_soc_NIOSII_cpu_nios2_oci:the_reloj_soc_NIOSII_cpu_nios2_oci|reloj_soc_NIOSII_cpu_nios2_avalon_reg:the_reloj_soc_NIOSII_cpu_nios2_avalon_reg" File: /home/tefa/Documents/GitHub/Demo_qsys/reloj_soc/synthesis/submodules/reloj_soc_NIOSII_cpu.v Line: 2692
Info (12128): Elaborating entity "reloj_soc_NIOSII_cpu_nios2_ocimem" for hierarchy "reloj_soc:dut|reloj_soc_NIOSII:niosii|reloj_soc_NIOSII_cpu:cpu|reloj_soc_NIOSII_cpu_nios2_oci:the_reloj_soc_NIOSII_cpu_nios2_oci|reloj_soc_NIOSII_cpu_nios2_ocimem:the_reloj_soc_NIOSII_cpu_nios2_ocimem" File: /home/tefa/Documents/GitHub/Demo_qsys/reloj_soc/synthesis/submodules/reloj_soc_NIOSII_cpu.v Line: 2712
Info (12128): Elaborating entity "reloj_soc_NIOSII_cpu_ociram_sp_ram_module" for hierarchy "reloj_soc:dut|reloj_soc_NIOSII:niosii|reloj_soc_NIOSII_cpu:cpu|reloj_soc_NIOSII_cpu_nios2_oci:the_reloj_soc_NIOSII_cpu_nios2_oci|reloj_soc_NIOSII_cpu_nios2_ocimem:the_reloj_soc_NIOSII_cpu_nios2_ocimem|reloj_soc_NIOSII_cpu_ociram_sp_ram_module:reloj_soc_NIOSII_cpu_ociram_sp_ram" File: /home/tefa/Documents/GitHub/Demo_qsys/reloj_soc/synthesis/submodules/reloj_soc_NIOSII_cpu.v Line: 2332
Info (12128): Elaborating entity "altsyncram" for hierarchy "reloj_soc:dut|reloj_soc_NIOSII:niosii|reloj_soc_NIOSII_cpu:cpu|reloj_soc_NIOSII_cpu_nios2_oci:the_reloj_soc_NIOSII_cpu_nios2_oci|reloj_soc_NIOSII_cpu_nios2_ocimem:the_reloj_soc_NIOSII_cpu_nios2_ocimem|reloj_soc_NIOSII_cpu_ociram_sp_ram_module:reloj_soc_NIOSII_cpu_ociram_sp_ram|altsyncram:the_altsyncram" File: /home/tefa/Documents/GitHub/Demo_qsys/reloj_soc/synthesis/submodules/reloj_soc_NIOSII_cpu.v Line: 2156
Info (12130): Elaborated megafunction instantiation "reloj_soc:dut|reloj_soc_NIOSII:niosii|reloj_soc_NIOSII_cpu:cpu|reloj_soc_NIOSII_cpu_nios2_oci:the_reloj_soc_NIOSII_cpu_nios2_oci|reloj_soc_NIOSII_cpu_nios2_ocimem:the_reloj_soc_NIOSII_cpu_nios2_ocimem|reloj_soc_NIOSII_cpu_ociram_sp_ram_module:reloj_soc_NIOSII_cpu_ociram_sp_ram|altsyncram:the_altsyncram" File: /home/tefa/Documents/GitHub/Demo_qsys/reloj_soc/synthesis/submodules/reloj_soc_NIOSII_cpu.v Line: 2156
Info (12133): Instantiated megafunction "reloj_soc:dut|reloj_soc_NIOSII:niosii|reloj_soc_NIOSII_cpu:cpu|reloj_soc_NIOSII_cpu_nios2_oci:the_reloj_soc_NIOSII_cpu_nios2_oci|reloj_soc_NIOSII_cpu_nios2_ocimem:the_reloj_soc_NIOSII_cpu_nios2_ocimem|reloj_soc_NIOSII_cpu_ociram_sp_ram_module:reloj_soc_NIOSII_cpu_ociram_sp_ram|altsyncram:the_altsyncram" with the following parameter: File: /home/tefa/Documents/GitHub/Demo_qsys/reloj_soc/synthesis/submodules/reloj_soc_NIOSII_cpu.v Line: 2156
    Info (12134): Parameter "init_file" = "UNUSED"
    Info (12134): Parameter "maximum_depth" = "0"
    Info (12134): Parameter "numwords_a" = "256"
    Info (12134): Parameter "operation_mode" = "SINGLE_PORT"
    Info (12134): Parameter "outdata_reg_a" = "UNREGISTERED"
    Info (12134): Parameter "ram_block_type" = "AUTO"
    Info (12134): Parameter "read_during_write_mode_port_a" = "DONT_CARE"
    Info (12134): Parameter "width_a" = "32"
    Info (12134): Parameter "width_byteena_a" = "4"
    Info (12134): Parameter "widthad_a" = "8"
Info (12021): Found 1 design units, including 1 entities, in source file db/altsyncram_qid1.tdf
    Info (12023): Found entity 1: altsyncram_qid1 File: /home/tefa/Documents/GitHub/Demo_qsys/db/altsyncram_qid1.tdf Line: 27
Info (12128): Elaborating entity "altsyncram_qid1" for hierarchy "reloj_soc:dut|reloj_soc_NIOSII:niosii|reloj_soc_NIOSII_cpu:cpu|reloj_soc_NIOSII_cpu_nios2_oci:the_reloj_soc_NIOSII_cpu_nios2_oci|reloj_soc_NIOSII_cpu_nios2_ocimem:the_reloj_soc_NIOSII_cpu_nios2_ocimem|reloj_soc_NIOSII_cpu_ociram_sp_ram_module:reloj_soc_NIOSII_cpu_ociram_sp_ram|altsyncram:the_altsyncram|altsyncram_qid1:auto_generated" File: /opt/intelFPGA_lite/18.1/quartus/libraries/megafunctions/altsyncram.tdf Line: 791
Info (12128): Elaborating entity "reloj_soc_NIOSII_cpu_debug_slave_wrapper" for hierarchy "reloj_soc:dut|reloj_soc_NIOSII:niosii|reloj_soc_NIOSII_cpu:cpu|reloj_soc_NIOSII_cpu_nios2_oci:the_reloj_soc_NIOSII_cpu_nios2_oci|reloj_soc_NIOSII_cpu_debug_slave_wrapper:the_reloj_soc_NIOSII_cpu_debug_slave_wrapper" File: /home/tefa/Documents/GitHub/Demo_qsys/reloj_soc/synthesis/submodules/reloj_soc_NIOSII_cpu.v Line: 2814
Info (12128): Elaborating entity "reloj_soc_NIOSII_cpu_debug_slave_tck" for hierarchy "reloj_soc:dut|reloj_soc_NIOSII:niosii|reloj_soc_NIOSII_cpu:cpu|reloj_soc_NIOSII_cpu_nios2_oci:the_reloj_soc_NIOSII_cpu_nios2_oci|reloj_soc_NIOSII_cpu_debug_slave_wrapper:the_reloj_soc_NIOSII_cpu_debug_slave_wrapper|reloj_soc_NIOSII_cpu_debug_slave_tck:the_reloj_soc_NIOSII_cpu_debug_slave_tck" File: /home/tefa/Documents/GitHub/Demo_qsys/reloj_soc/synthesis/submodules/reloj_soc_NIOSII_cpu_debug_slave_wrapper.v Line: 157
Info (12128): Elaborating entity "reloj_soc_NIOSII_cpu_debug_slave_sysclk" for hierarchy "reloj_soc:dut|reloj_soc_NIOSII:niosii|reloj_soc_NIOSII_cpu:cpu|reloj_soc_NIOSII_cpu_nios2_oci:the_reloj_soc_NIOSII_cpu_nios2_oci|reloj_soc_NIOSII_cpu_debug_slave_wrapper:the_reloj_soc_NIOSII_cpu_debug_slave_wrapper|reloj_soc_NIOSII_cpu_debug_slave_sysclk:the_reloj_soc_NIOSII_cpu_debug_slave_sysclk" File: /home/tefa/Documents/GitHub/Demo_qsys/reloj_soc/synthesis/submodules/reloj_soc_NIOSII_cpu_debug_slave_wrapper.v Line: 177
Info (12128): Elaborating entity "sld_virtual_jtag_basic" for hierarchy "reloj_soc:dut|reloj_soc_NIOSII:niosii|reloj_soc_NIOSII_cpu:cpu|reloj_soc_NIOSII_cpu_nios2_oci:the_reloj_soc_NIOSII_cpu_nios2_oci|reloj_soc_NIOSII_cpu_debug_slave_wrapper:the_reloj_soc_NIOSII_cpu_debug_slave_wrapper|sld_virtual_jtag_basic:reloj_soc_NIOSII_cpu_debug_slave_phy" File: /home/tefa/Documents/GitHub/Demo_qsys/reloj_soc/synthesis/submodules/reloj_soc_NIOSII_cpu_debug_slave_wrapper.v Line: 207
Info (12130): Elaborated megafunction instantiation "reloj_soc:dut|reloj_soc_NIOSII:niosii|reloj_soc_NIOSII_cpu:cpu|reloj_soc_NIOSII_cpu_nios2_oci:the_reloj_soc_NIOSII_cpu_nios2_oci|reloj_soc_NIOSII_cpu_debug_slave_wrapper:the_reloj_soc_NIOSII_cpu_debug_slave_wrapper|sld_virtual_jtag_basic:reloj_soc_NIOSII_cpu_debug_slave_phy" File: /home/tefa/Documents/GitHub/Demo_qsys/reloj_soc/synthesis/submodules/reloj_soc_NIOSII_cpu_debug_slave_wrapper.v Line: 207
Info (12133): Instantiated megafunction "reloj_soc:dut|reloj_soc_NIOSII:niosii|reloj_soc_NIOSII_cpu:cpu|reloj_soc_NIOSII_cpu_nios2_oci:the_reloj_soc_NIOSII_cpu_nios2_oci|reloj_soc_NIOSII_cpu_debug_slave_wrapper:the_reloj_soc_NIOSII_cpu_debug_slave_wrapper|sld_virtual_jtag_basic:reloj_soc_NIOSII_cpu_debug_slave_phy" with the following parameter: File: /home/tefa/Documents/GitHub/Demo_qsys/reloj_soc/synthesis/submodules/reloj_soc_NIOSII_cpu_debug_slave_wrapper.v Line: 207
    Info (12134): Parameter "sld_auto_instance_index" = "YES"
    Info (12134): Parameter "sld_instance_index" = "0"
    Info (12134): Parameter "sld_ir_width" = "2"
    Info (12134): Parameter "sld_mfg_id" = "70"
    Info (12134): Parameter "sld_sim_action" = ""
    Info (12134): Parameter "sld_sim_n_scan" = "0"
    Info (12134): Parameter "sld_sim_total_length" = "0"
    Info (12134): Parameter "sld_type_id" = "34"
    Info (12134): Parameter "sld_version" = "3"
Info (12128): Elaborating entity "sld_virtual_jtag_impl" for hierarchy "reloj_soc:dut|reloj_soc_NIOSII:niosii|reloj_soc_NIOSII_cpu:cpu|reloj_soc_NIOSII_cpu_nios2_oci:the_reloj_soc_NIOSII_cpu_nios2_oci|reloj_soc_NIOSII_cpu_debug_slave_wrapper:the_reloj_soc_NIOSII_cpu_debug_slave_wrapper|sld_virtual_jtag_basic:reloj_soc_NIOSII_cpu_debug_slave_phy|sld_virtual_jtag_impl:sld_virtual_jtag_impl_inst" File: /opt/intelFPGA_lite/18.1/quartus/libraries/megafunctions/sld_virtual_jtag_basic.v Line: 151
Info (12131): Elaborated megafunction instantiation "reloj_soc:dut|reloj_soc_NIOSII:niosii|reloj_soc_NIOSII_cpu:cpu|reloj_soc_NIOSII_cpu_nios2_oci:the_reloj_soc_NIOSII_cpu_nios2_oci|reloj_soc_NIOSII_cpu_debug_slave_wrapper:the_reloj_soc_NIOSII_cpu_debug_slave_wrapper|sld_virtual_jtag_basic:reloj_soc_NIOSII_cpu_debug_slave_phy|sld_virtual_jtag_impl:sld_virtual_jtag_impl_inst", which is child of megafunction instantiation "reloj_soc:dut|reloj_soc_NIOSII:niosii|reloj_soc_NIOSII_cpu:cpu|reloj_soc_NIOSII_cpu_nios2_oci:the_reloj_soc_NIOSII_cpu_nios2_oci|reloj_soc_NIOSII_cpu_debug_slave_wrapper:the_reloj_soc_NIOSII_cpu_debug_slave_wrapper|sld_virtual_jtag_basic:reloj_soc_NIOSII_cpu_debug_slave_phy" File: /opt/intelFPGA_lite/18.1/quartus/libraries/megafunctions/sld_virtual_jtag_basic.v Line: 151
Info (12128): Elaborating entity "sld_jtag_endpoint_adapter" for hierarchy "reloj_soc:dut|reloj_soc_NIOSII:niosii|reloj_soc_NIOSII_cpu:cpu|reloj_soc_NIOSII_cpu_nios2_oci:the_reloj_soc_NIOSII_cpu_nios2_oci|reloj_soc_NIOSII_cpu_debug_slave_wrapper:the_reloj_soc_NIOSII_cpu_debug_slave_wrapper|sld_virtual_jtag_basic:reloj_soc_NIOSII_cpu_debug_slave_phy|sld_virtual_jtag_impl:sld_virtual_jtag_impl_inst|sld_jtag_endpoint_adapter:jtag_signal_adapter" File: /opt/intelFPGA_lite/18.1/quartus/libraries/megafunctions/sld_virtual_jtag_basic.v Line: 414
Info (12128): Elaborating entity "sld_jtag_endpoint_adapter_impl" for hierarchy "reloj_soc:dut|reloj_soc_NIOSII:niosii|reloj_soc_NIOSII_cpu:cpu|reloj_soc_NIOSII_cpu_nios2_oci:the_reloj_soc_NIOSII_cpu_nios2_oci|reloj_soc_NIOSII_cpu_debug_slave_wrapper:the_reloj_soc_NIOSII_cpu_debug_slave_wrapper|sld_virtual_jtag_basic:reloj_soc_NIOSII_cpu_debug_slave_phy|sld_virtual_jtag_impl:sld_virtual_jtag_impl_inst|sld_jtag_endpoint_adapter:jtag_signal_adapter|sld_jtag_endpoint_adapter_impl:sld_jtag_endpoint_adapter_impl_inst" File: /opt/intelFPGA_lite/18.1/quartus/libraries/megafunctions/sld_jtag_endpoint_adapter.vhd Line: 232
Info (12128): Elaborating entity "reloj_soc_RAM" for hierarchy "reloj_soc:dut|reloj_soc_RAM:ram" File: /home/tefa/Documents/GitHub/Demo_qsys/reloj_soc/synthesis/reloj_soc.v Line: 116
Info (12128): Elaborating entity "altsyncram" for hierarchy "reloj_soc:dut|reloj_soc_RAM:ram|altsyncram:the_altsyncram" File: /home/tefa/Documents/GitHub/Demo_qsys/reloj_soc/synthesis/submodules/reloj_soc_RAM.v Line: 69
Info (12130): Elaborated megafunction instantiation "reloj_soc:dut|reloj_soc_RAM:ram|altsyncram:the_altsyncram" File: /home/tefa/Documents/GitHub/Demo_qsys/reloj_soc/synthesis/submodules/reloj_soc_RAM.v Line: 69
Info (12133): Instantiated megafunction "reloj_soc:dut|reloj_soc_RAM:ram|altsyncram:the_altsyncram" with the following parameter: File: /home/tefa/Documents/GitHub/Demo_qsys/reloj_soc/synthesis/submodules/reloj_soc_RAM.v Line: 69
    Info (12134): Parameter "byte_size" = "8"
    Info (12134): Parameter "init_file" = "reloj_soc_RAM.hex"
    Info (12134): Parameter "lpm_type" = "altsyncram"
    Info (12134): Parameter "maximum_depth" = "2048"
    Info (12134): Parameter "numwords_a" = "2048"
    Info (12134): Parameter "operation_mode" = "SINGLE_PORT"
    Info (12134): Parameter "outdata_reg_a" = "UNREGISTERED"
    Info (12134): Parameter "ram_block_type" = "AUTO"
    Info (12134): Parameter "read_during_write_mode_mixed_ports" = "DONT_CARE"
    Info (12134): Parameter "read_during_write_mode_port_a" = "DONT_CARE"
    Info (12134): Parameter "width_a" = "32"
    Info (12134): Parameter "width_byteena_a" = "4"
    Info (12134): Parameter "widthad_a" = "11"
Info (12021): Found 1 design units, including 1 entities, in source file db/altsyncram_bam1.tdf
    Info (12023): Found entity 1: altsyncram_bam1 File: /home/tefa/Documents/GitHub/Demo_qsys/db/altsyncram_bam1.tdf Line: 27
Info (12128): Elaborating entity "altsyncram_bam1" for hierarchy "reloj_soc:dut|reloj_soc_RAM:ram|altsyncram:the_altsyncram|altsyncram_bam1:auto_generated" File: /opt/intelFPGA_lite/18.1/quartus/libraries/megafunctions/altsyncram.tdf Line: 791
Info (12128): Elaborating entity "reloj_soc_REG_BUTTON" for hierarchy "reloj_soc:dut|reloj_soc_REG_BUTTON:reg_button" File: /home/tefa/Documents/GitHub/Demo_qsys/reloj_soc/synthesis/reloj_soc.v Line: 124
Info (12128): Elaborating entity "reloj_soc_REG_LEDS" for hierarchy "reloj_soc:dut|reloj_soc_REG_LEDS:reg_leds" File: /home/tefa/Documents/GitHub/Demo_qsys/reloj_soc/synthesis/reloj_soc.v Line: 135
Info (12128): Elaborating entity "reloj_soc_TIMER" for hierarchy "reloj_soc:dut|reloj_soc_TIMER:timer" File: /home/tefa/Documents/GitHub/Demo_qsys/reloj_soc/synthesis/reloj_soc.v Line: 146
Info (12128): Elaborating entity "reloj_soc_UART" for hierarchy "reloj_soc:dut|reloj_soc_UART:uart" File: /home/tefa/Documents/GitHub/Demo_qsys/reloj_soc/synthesis/reloj_soc.v Line: 159
Info (12128): Elaborating entity "reloj_soc_UART_scfifo_w" for hierarchy "reloj_soc:dut|reloj_soc_UART:uart|reloj_soc_UART_scfifo_w:the_reloj_soc_UART_scfifo_w" File: /home/tefa/Documents/GitHub/Demo_qsys/reloj_soc/synthesis/submodules/reloj_soc_UART.v Line: 420
Info (12128): Elaborating entity "scfifo" for hierarchy "reloj_soc:dut|reloj_soc_UART:uart|reloj_soc_UART_scfifo_w:the_reloj_soc_UART_scfifo_w|scfifo:wfifo" File: /home/tefa/Documents/GitHub/Demo_qsys/reloj_soc/synthesis/submodules/reloj_soc_UART.v Line: 139
Info (12130): Elaborated megafunction instantiation "reloj_soc:dut|reloj_soc_UART:uart|reloj_soc_UART_scfifo_w:the_reloj_soc_UART_scfifo_w|scfifo:wfifo" File: /home/tefa/Documents/GitHub/Demo_qsys/reloj_soc/synthesis/submodules/reloj_soc_UART.v Line: 139
Info (12133): Instantiated megafunction "reloj_soc:dut|reloj_soc_UART:uart|reloj_soc_UART_scfifo_w:the_reloj_soc_UART_scfifo_w|scfifo:wfifo" with the following parameter: File: /home/tefa/Documents/GitHub/Demo_qsys/reloj_soc/synthesis/submodules/reloj_soc_UART.v Line: 139
    Info (12134): Parameter "lpm_hint" = "RAM_BLOCK_TYPE=AUTO"
    Info (12134): Parameter "lpm_numwords" = "64"
    Info (12134): Parameter "lpm_showahead" = "OFF"
    Info (12134): Parameter "lpm_type" = "scfifo"
    Info (12134): Parameter "lpm_width" = "8"
    Info (12134): Parameter "lpm_widthu" = "6"
    Info (12134): Parameter "overflow_checking" = "OFF"
    Info (12134): Parameter "underflow_checking" = "OFF"
    Info (12134): Parameter "use_eab" = "ON"
Info (12021): Found 1 design units, including 1 entities, in source file db/scfifo_3291.tdf
    Info (12023): Found entity 1: scfifo_3291 File: /home/tefa/Documents/GitHub/Demo_qsys/db/scfifo_3291.tdf Line: 24
Info (12128): Elaborating entity "scfifo_3291" for hierarchy "reloj_soc:dut|reloj_soc_UART:uart|reloj_soc_UART_scfifo_w:the_reloj_soc_UART_scfifo_w|scfifo:wfifo|scfifo_3291:auto_generated" File: /opt/intelFPGA_lite/18.1/quartus/libraries/megafunctions/scfifo.tdf Line: 299
Info (12021): Found 1 design units, including 1 entities, in source file db/a_dpfifo_5771.tdf
    Info (12023): Found entity 1: a_dpfifo_5771 File: /home/tefa/Documents/GitHub/Demo_qsys/db/a_dpfifo_5771.tdf Line: 28
Info (12128): Elaborating entity "a_dpfifo_5771" for hierarchy "reloj_soc:dut|reloj_soc_UART:uart|reloj_soc_UART_scfifo_w:the_reloj_soc_UART_scfifo_w|scfifo:wfifo|scfifo_3291:auto_generated|a_dpfifo_5771:dpfifo" File: /home/tefa/Documents/GitHub/Demo_qsys/db/scfifo_3291.tdf Line: 37
Info (12021): Found 1 design units, including 1 entities, in source file db/a_fefifo_7cf.tdf
    Info (12023): Found entity 1: a_fefifo_7cf File: /home/tefa/Documents/GitHub/Demo_qsys/db/a_fefifo_7cf.tdf Line: 24
Info (12128): Elaborating entity "a_fefifo_7cf" for hierarchy "reloj_soc:dut|reloj_soc_UART:uart|reloj_soc_UART_scfifo_w:the_reloj_soc_UART_scfifo_w|scfifo:wfifo|scfifo_3291:auto_generated|a_dpfifo_5771:dpfifo|a_fefifo_7cf:fifo_state" File: /home/tefa/Documents/GitHub/Demo_qsys/db/a_dpfifo_5771.tdf Line: 42
Info (12021): Found 1 design units, including 1 entities, in source file db/cntr_vg7.tdf
    Info (12023): Found entity 1: cntr_vg7 File: /home/tefa/Documents/GitHub/Demo_qsys/db/cntr_vg7.tdf Line: 25
Info (12128): Elaborating entity "cntr_vg7" for hierarchy "reloj_soc:dut|reloj_soc_UART:uart|reloj_soc_UART_scfifo_w:the_reloj_soc_UART_scfifo_w|scfifo:wfifo|scfifo_3291:auto_generated|a_dpfifo_5771:dpfifo|a_fefifo_7cf:fifo_state|cntr_vg7:count_usedw" File: /home/tefa/Documents/GitHub/Demo_qsys/db/a_fefifo_7cf.tdf Line: 38
Info (12021): Found 1 design units, including 1 entities, in source file db/altsyncram_7pu1.tdf
    Info (12023): Found entity 1: altsyncram_7pu1 File: /home/tefa/Documents/GitHub/Demo_qsys/db/altsyncram_7pu1.tdf Line: 27
Info (12128): Elaborating entity "altsyncram_7pu1" for hierarchy "reloj_soc:dut|reloj_soc_UART:uart|reloj_soc_UART_scfifo_w:the_reloj_soc_UART_scfifo_w|scfifo:wfifo|scfifo_3291:auto_generated|a_dpfifo_5771:dpfifo|altsyncram_7pu1:FIFOram" File: /home/tefa/Documents/GitHub/Demo_qsys/db/a_dpfifo_5771.tdf Line: 43
Info (12021): Found 1 design units, including 1 entities, in source file db/cntr_jgb.tdf
    Info (12023): Found entity 1: cntr_jgb File: /home/tefa/Documents/GitHub/Demo_qsys/db/cntr_jgb.tdf Line: 25
Info (12128): Elaborating entity "cntr_jgb" for hierarchy "reloj_soc:dut|reloj_soc_UART:uart|reloj_soc_UART_scfifo_w:the_reloj_soc_UART_scfifo_w|scfifo:wfifo|scfifo_3291:auto_generated|a_dpfifo_5771:dpfifo|cntr_jgb:rd_ptr_count" File: /home/tefa/Documents/GitHub/Demo_qsys/db/a_dpfifo_5771.tdf Line: 44
Info (12128): Elaborating entity "reloj_soc_UART_scfifo_r" for hierarchy "reloj_soc:dut|reloj_soc_UART:uart|reloj_soc_UART_scfifo_r:the_reloj_soc_UART_scfifo_r" File: /home/tefa/Documents/GitHub/Demo_qsys/reloj_soc/synthesis/submodules/reloj_soc_UART.v Line: 434
Info (12128): Elaborating entity "alt_jtag_atlantic" for hierarchy "reloj_soc:dut|reloj_soc_UART:uart|alt_jtag_atlantic:reloj_soc_UART_alt_jtag_atlantic" File: /home/tefa/Documents/GitHub/Demo_qsys/reloj_soc/synthesis/submodules/reloj_soc_UART.v Line: 569
Info (12130): Elaborated megafunction instantiation "reloj_soc:dut|reloj_soc_UART:uart|alt_jtag_atlantic:reloj_soc_UART_alt_jtag_atlantic" File: /home/tefa/Documents/GitHub/Demo_qsys/reloj_soc/synthesis/submodules/reloj_soc_UART.v Line: 569
Info (12133): Instantiated megafunction "reloj_soc:dut|reloj_soc_UART:uart|alt_jtag_atlantic:reloj_soc_UART_alt_jtag_atlantic" with the following parameter: File: /home/tefa/Documents/GitHub/Demo_qsys/reloj_soc/synthesis/submodules/reloj_soc_UART.v Line: 569
    Info (12134): Parameter "INSTANCE_ID" = "0"
    Info (12134): Parameter "LOG2_RXFIFO_DEPTH" = "6"
    Info (12134): Parameter "LOG2_TXFIFO_DEPTH" = "6"
    Info (12134): Parameter "SLD_AUTO_INSTANCE_INDEX" = "YES"
Info (12128): Elaborating entity "sld_jtag_endpoint_adapter" for hierarchy "reloj_soc:dut|reloj_soc_UART:uart|alt_jtag_atlantic:reloj_soc_UART_alt_jtag_atlantic|sld_jtag_endpoint_adapter:inst" File: /opt/intelFPGA_lite/18.1/quartus/libraries/megafunctions/alt_jtag_atlantic.v Line: 276
Info (12128): Elaborating entity "sld_jtag_endpoint_adapter_impl" for hierarchy "reloj_soc:dut|reloj_soc_UART:uart|alt_jtag_atlantic:reloj_soc_UART_alt_jtag_atlantic|sld_jtag_endpoint_adapter:inst|sld_jtag_endpoint_adapter_impl:sld_jtag_endpoint_adapter_impl_inst" File: /opt/intelFPGA_lite/18.1/quartus/libraries/megafunctions/sld_jtag_endpoint_adapter.vhd Line: 232
Info (12128): Elaborating entity "reloj_soc_audio_0" for hierarchy "reloj_soc:dut|reloj_soc_audio_0:audio_0" File: /home/tefa/Documents/GitHub/Demo_qsys/reloj_soc/synthesis/reloj_soc.v Line: 174
Info (12128): Elaborating entity "altera_up_clock_edge" for hierarchy "reloj_soc:dut|reloj_soc_audio_0:audio_0|altera_up_clock_edge:Bit_Clock_Edges" File: /home/tefa/Documents/GitHub/Demo_qsys/reloj_soc/synthesis/submodules/reloj_soc_audio_0.v Line: 218
Info (12128): Elaborating entity "altera_up_audio_out_serializer" for hierarchy "reloj_soc:dut|reloj_soc_audio_0:audio_0|altera_up_audio_out_serializer:Audio_Out_Serializer" File: /home/tefa/Documents/GitHub/Demo_qsys/reloj_soc/synthesis/submodules/reloj_soc_audio_0.v Line: 259
Info (12128): Elaborating entity "altera_up_sync_fifo" for hierarchy "reloj_soc:dut|reloj_soc_audio_0:audio_0|altera_up_audio_out_serializer:Audio_Out_Serializer|altera_up_sync_fifo:Audio_Out_Left_Channel_FIFO" File: /home/tefa/Documents/GitHub/Demo_qsys/reloj_soc/synthesis/submodules/altera_up_audio_out_serializer.v Line: 210
Info (12128): Elaborating entity "scfifo" for hierarchy "reloj_soc:dut|reloj_soc_audio_0:audio_0|altera_up_audio_out_serializer:Audio_Out_Serializer|altera_up_sync_fifo:Audio_Out_Left_Channel_FIFO|scfifo:Sync_FIFO" File: /home/tefa/Documents/GitHub/Demo_qsys/reloj_soc/synthesis/submodules/altera_up_sync_fifo.v Line: 138
Info (12130): Elaborated megafunction instantiation "reloj_soc:dut|reloj_soc_audio_0:audio_0|altera_up_audio_out_serializer:Audio_Out_Serializer|altera_up_sync_fifo:Audio_Out_Left_Channel_FIFO|scfifo:Sync_FIFO" File: /home/tefa/Documents/GitHub/Demo_qsys/reloj_soc/synthesis/submodules/altera_up_sync_fifo.v Line: 138
Info (12133): Instantiated megafunction "reloj_soc:dut|reloj_soc_audio_0:audio_0|altera_up_audio_out_serializer:Audio_Out_Serializer|altera_up_sync_fifo:Audio_Out_Left_Channel_FIFO|scfifo:Sync_FIFO" with the following parameter: File: /home/tefa/Documents/GitHub/Demo_qsys/reloj_soc/synthesis/submodules/altera_up_sync_fifo.v Line: 138
    Info (12134): Parameter "add_ram_output_register" = "OFF"
    Info (12134): Parameter "intended_device_family" = "Cyclone II"
    Info (12134): Parameter "lpm_numwords" = "128"
    Info (12134): Parameter "lpm_showahead" = "ON"
    Info (12134): Parameter "lpm_type" = "scfifo"
    Info (12134): Parameter "lpm_width" = "16"
    Info (12134): Parameter "lpm_widthu" = "7"
    Info (12134): Parameter "overflow_checking" = "OFF"
    Info (12134): Parameter "underflow_checking" = "OFF"
    Info (12134): Parameter "use_eab" = "ON"
Info (12021): Found 1 design units, including 1 entities, in source file db/scfifo_9ba1.tdf
    Info (12023): Found entity 1: scfifo_9ba1 File: /home/tefa/Documents/GitHub/Demo_qsys/db/scfifo_9ba1.tdf Line: 24
Info (12128): Elaborating entity "scfifo_9ba1" for hierarchy "reloj_soc:dut|reloj_soc_audio_0:audio_0|altera_up_audio_out_serializer:Audio_Out_Serializer|altera_up_sync_fifo:Audio_Out_Left_Channel_FIFO|scfifo:Sync_FIFO|scfifo_9ba1:auto_generated" File: /opt/intelFPGA_lite/18.1/quartus/libraries/megafunctions/scfifo.tdf Line: 299
Info (12021): Found 1 design units, including 1 entities, in source file db/a_dpfifo_s2a1.tdf
    Info (12023): Found entity 1: a_dpfifo_s2a1 File: /home/tefa/Documents/GitHub/Demo_qsys/db/a_dpfifo_s2a1.tdf Line: 32
Info (12128): Elaborating entity "a_dpfifo_s2a1" for hierarchy "reloj_soc:dut|reloj_soc_audio_0:audio_0|altera_up_audio_out_serializer:Audio_Out_Serializer|altera_up_sync_fifo:Audio_Out_Left_Channel_FIFO|scfifo:Sync_FIFO|scfifo_9ba1:auto_generated|a_dpfifo_s2a1:dpfifo" File: /home/tefa/Documents/GitHub/Demo_qsys/db/scfifo_9ba1.tdf Line: 37
Info (12021): Found 1 design units, including 1 entities, in source file db/altsyncram_r3i1.tdf
    Info (12023): Found entity 1: altsyncram_r3i1 File: /home/tefa/Documents/GitHub/Demo_qsys/db/altsyncram_r3i1.tdf Line: 27
Info (12128): Elaborating entity "altsyncram_r3i1" for hierarchy "reloj_soc:dut|reloj_soc_audio_0:audio_0|altera_up_audio_out_serializer:Audio_Out_Serializer|altera_up_sync_fifo:Audio_Out_Left_Channel_FIFO|scfifo:Sync_FIFO|scfifo_9ba1:auto_generated|a_dpfifo_s2a1:dpfifo|altsyncram_r3i1:FIFOram" File: /home/tefa/Documents/GitHub/Demo_qsys/db/a_dpfifo_s2a1.tdf Line: 45
Info (12021): Found 1 design units, including 1 entities, in source file db/cmpr_6l8.tdf
    Info (12023): Found entity 1: cmpr_6l8 File: /home/tefa/Documents/GitHub/Demo_qsys/db/cmpr_6l8.tdf Line: 22
Info (12128): Elaborating entity "cmpr_6l8" for hierarchy "reloj_soc:dut|reloj_soc_audio_0:audio_0|altera_up_audio_out_serializer:Audio_Out_Serializer|altera_up_sync_fifo:Audio_Out_Left_Channel_FIFO|scfifo:Sync_FIFO|scfifo_9ba1:auto_generated|a_dpfifo_s2a1:dpfifo|cmpr_6l8:almost_full_comparer" File: /home/tefa/Documents/GitHub/Demo_qsys/db/a_dpfifo_s2a1.tdf Line: 54
Info (12128): Elaborating entity "cmpr_6l8" for hierarchy "reloj_soc:dut|reloj_soc_audio_0:audio_0|altera_up_audio_out_serializer:Audio_Out_Serializer|altera_up_sync_fifo:Audio_Out_Left_Channel_FIFO|scfifo:Sync_FIFO|scfifo_9ba1:auto_generated|a_dpfifo_s2a1:dpfifo|cmpr_6l8:three_comparison" File: /home/tefa/Documents/GitHub/Demo_qsys/db/a_dpfifo_s2a1.tdf Line: 55
Info (12021): Found 1 design units, including 1 entities, in source file db/cntr_h2b.tdf
    Info (12023): Found entity 1: cntr_h2b File: /home/tefa/Documents/GitHub/Demo_qsys/db/cntr_h2b.tdf Line: 25
Info (12128): Elaborating entity "cntr_h2b" for hierarchy "reloj_soc:dut|reloj_soc_audio_0:audio_0|altera_up_audio_out_serializer:Audio_Out_Serializer|altera_up_sync_fifo:Audio_Out_Left_Channel_FIFO|scfifo:Sync_FIFO|scfifo_9ba1:auto_generated|a_dpfifo_s2a1:dpfifo|cntr_h2b:rd_ptr_msb" File: /home/tefa/Documents/GitHub/Demo_qsys/db/a_dpfifo_s2a1.tdf Line: 56
Info (12021): Found 1 design units, including 1 entities, in source file db/cntr_u27.tdf
    Info (12023): Found entity 1: cntr_u27 File: /home/tefa/Documents/GitHub/Demo_qsys/db/cntr_u27.tdf Line: 25
Info (12128): Elaborating entity "cntr_u27" for hierarchy "reloj_soc:dut|reloj_soc_audio_0:audio_0|altera_up_audio_out_serializer:Audio_Out_Serializer|altera_up_sync_fifo:Audio_Out_Left_Channel_FIFO|scfifo:Sync_FIFO|scfifo_9ba1:auto_generated|a_dpfifo_s2a1:dpfifo|cntr_u27:usedw_counter" File: /home/tefa/Documents/GitHub/Demo_qsys/db/a_dpfifo_s2a1.tdf Line: 57
Info (12021): Found 1 design units, including 1 entities, in source file db/cntr_i2b.tdf
    Info (12023): Found entity 1: cntr_i2b File: /home/tefa/Documents/GitHub/Demo_qsys/db/cntr_i2b.tdf Line: 25
Info (12128): Elaborating entity "cntr_i2b" for hierarchy "reloj_soc:dut|reloj_soc_audio_0:audio_0|altera_up_audio_out_serializer:Audio_Out_Serializer|altera_up_sync_fifo:Audio_Out_Left_Channel_FIFO|scfifo:Sync_FIFO|scfifo_9ba1:auto_generated|a_dpfifo_s2a1:dpfifo|cntr_i2b:wr_ptr" File: /home/tefa/Documents/GitHub/Demo_qsys/db/a_dpfifo_s2a1.tdf Line: 58
Info (12128): Elaborating entity "reloj_soc_mm_interconnect_0" for hierarchy "reloj_soc:dut|reloj_soc_mm_interconnect_0:mm_interconnect_0" File: /home/tefa/Documents/GitHub/Demo_qsys/reloj_soc/synthesis/reloj_soc.v Line: 231
Info (12128): Elaborating entity "altera_merlin_master_translator" for hierarchy "reloj_soc:dut|reloj_soc_mm_interconnect_0:mm_interconnect_0|altera_merlin_master_translator:niosii_data_master_translator" File: /home/tefa/Documents/GitHub/Demo_qsys/reloj_soc/synthesis/submodules/reloj_soc_mm_interconnect_0.v Line: 604
Info (12128): Elaborating entity "altera_merlin_master_translator" for hierarchy "reloj_soc:dut|reloj_soc_mm_interconnect_0:mm_interconnect_0|altera_merlin_master_translator:niosii_instruction_master_translator" File: /home/tefa/Documents/GitHub/Demo_qsys/reloj_soc/synthesis/submodules/reloj_soc_mm_interconnect_0.v Line: 664
Info (12128): Elaborating entity "altera_merlin_slave_translator" for hierarchy "reloj_soc:dut|reloj_soc_mm_interconnect_0:mm_interconnect_0|altera_merlin_slave_translator:audio_0_avalon_audio_slave_translator" File: /home/tefa/Documents/GitHub/Demo_qsys/reloj_soc/synthesis/submodules/reloj_soc_mm_interconnect_0.v Line: 728
Info (12128): Elaborating entity "altera_merlin_slave_translator" for hierarchy "reloj_soc:dut|reloj_soc_mm_interconnect_0:mm_interconnect_0|altera_merlin_slave_translator:uart_avalon_jtag_slave_translator" File: /home/tefa/Documents/GitHub/Demo_qsys/reloj_soc/synthesis/submodules/reloj_soc_mm_interconnect_0.v Line: 792
Info (12128): Elaborating entity "altera_merlin_slave_translator" for hierarchy "reloj_soc:dut|reloj_soc_mm_interconnect_0:mm_interconnect_0|altera_merlin_slave_translator:niosii_debug_mem_slave_translator" File: /home/tefa/Documents/GitHub/Demo_qsys/reloj_soc/synthesis/submodules/reloj_soc_mm_interconnect_0.v Line: 856
Info (12128): Elaborating entity "altera_merlin_slave_translator" for hierarchy "reloj_soc:dut|reloj_soc_mm_interconnect_0:mm_interconnect_0|altera_merlin_slave_translator:ram_s1_translator" File: /home/tefa/Documents/GitHub/Demo_qsys/reloj_soc/synthesis/submodules/reloj_soc_mm_interconnect_0.v Line: 920
Info (12128): Elaborating entity "altera_merlin_slave_translator" for hierarchy "reloj_soc:dut|reloj_soc_mm_interconnect_0:mm_interconnect_0|altera_merlin_slave_translator:reg_leds_s1_translator" File: /home/tefa/Documents/GitHub/Demo_qsys/reloj_soc/synthesis/submodules/reloj_soc_mm_interconnect_0.v Line: 984
Info (12128): Elaborating entity "altera_merlin_slave_translator" for hierarchy "reloj_soc:dut|reloj_soc_mm_interconnect_0:mm_interconnect_0|altera_merlin_slave_translator:timer_s1_translator" File: /home/tefa/Documents/GitHub/Demo_qsys/reloj_soc/synthesis/submodules/reloj_soc_mm_interconnect_0.v Line: 1048
Info (12128): Elaborating entity "altera_merlin_master_agent" for hierarchy "reloj_soc:dut|reloj_soc_mm_interconnect_0:mm_interconnect_0|altera_merlin_master_agent:niosii_data_master_agent" File: /home/tefa/Documents/GitHub/Demo_qsys/reloj_soc/synthesis/submodules/reloj_soc_mm_interconnect_0.v Line: 1193
Info (12128): Elaborating entity "altera_merlin_master_agent" for hierarchy "reloj_soc:dut|reloj_soc_mm_interconnect_0:mm_interconnect_0|altera_merlin_master_agent:niosii_instruction_master_agent" File: /home/tefa/Documents/GitHub/Demo_qsys/reloj_soc/synthesis/submodules/reloj_soc_mm_interconnect_0.v Line: 1274
Info (12128): Elaborating entity "altera_merlin_slave_agent" for hierarchy "reloj_soc:dut|reloj_soc_mm_interconnect_0:mm_interconnect_0|altera_merlin_slave_agent:audio_0_avalon_audio_slave_agent" File: /home/tefa/Documents/GitHub/Demo_qsys/reloj_soc/synthesis/submodules/reloj_soc_mm_interconnect_0.v Line: 1358
Info (12128): Elaborating entity "altera_merlin_burst_uncompressor" for hierarchy "reloj_soc:dut|reloj_soc_mm_interconnect_0:mm_interconnect_0|altera_merlin_slave_agent:audio_0_avalon_audio_slave_agent|altera_merlin_burst_uncompressor:uncompressor" File: /home/tefa/Documents/GitHub/Demo_qsys/reloj_soc/synthesis/submodules/altera_merlin_slave_agent.sv Line: 608
Info (12128): Elaborating entity "altera_avalon_sc_fifo" for hierarchy "reloj_soc:dut|reloj_soc_mm_interconnect_0:mm_interconnect_0|altera_avalon_sc_fifo:audio_0_avalon_audio_slave_agent_rsp_fifo" File: /home/tefa/Documents/GitHub/Demo_qsys/reloj_soc/synthesis/submodules/reloj_soc_mm_interconnect_0.v Line: 1399
Info (12128): Elaborating entity "reloj_soc_mm_interconnect_0_router" for hierarchy "reloj_soc:dut|reloj_soc_mm_interconnect_0:mm_interconnect_0|reloj_soc_mm_interconnect_0_router:router" File: /home/tefa/Documents/GitHub/Demo_qsys/reloj_soc/synthesis/submodules/reloj_soc_mm_interconnect_0.v Line: 2165
Info (12128): Elaborating entity "reloj_soc_mm_interconnect_0_router_default_decode" for hierarchy "reloj_soc:dut|reloj_soc_mm_interconnect_0:mm_interconnect_0|reloj_soc_mm_interconnect_0_router:router|reloj_soc_mm_interconnect_0_router_default_decode:the_default_decode" File: /home/tefa/Documents/GitHub/Demo_qsys/reloj_soc/synthesis/submodules/reloj_soc_mm_interconnect_0_router.sv Line: 190
Info (12128): Elaborating entity "reloj_soc_mm_interconnect_0_router_001" for hierarchy "reloj_soc:dut|reloj_soc_mm_interconnect_0:mm_interconnect_0|reloj_soc_mm_interconnect_0_router_001:router_001" File: /home/tefa/Documents/GitHub/Demo_qsys/reloj_soc/synthesis/submodules/reloj_soc_mm_interconnect_0.v Line: 2181
Info (12128): Elaborating entity "reloj_soc_mm_interconnect_0_router_001_default_decode" for hierarchy "reloj_soc:dut|reloj_soc_mm_interconnect_0:mm_interconnect_0|reloj_soc_mm_interconnect_0_router_001:router_001|reloj_soc_mm_interconnect_0_router_001_default_decode:the_default_decode" File: /home/tefa/Documents/GitHub/Demo_qsys/reloj_soc/synthesis/submodules/reloj_soc_mm_interconnect_0_router_001.sv Line: 180
Info (12128): Elaborating entity "reloj_soc_mm_interconnect_0_router_002" for hierarchy "reloj_soc:dut|reloj_soc_mm_interconnect_0:mm_interconnect_0|reloj_soc_mm_interconnect_0_router_002:router_002" File: /home/tefa/Documents/GitHub/Demo_qsys/reloj_soc/synthesis/submodules/reloj_soc_mm_interconnect_0.v Line: 2197
Info (12128): Elaborating entity "reloj_soc_mm_interconnect_0_router_002_default_decode" for hierarchy "reloj_soc:dut|reloj_soc_mm_interconnect_0:mm_interconnect_0|reloj_soc_mm_interconnect_0_router_002:router_002|reloj_soc_mm_interconnect_0_router_002_default_decode:the_default_decode" File: /home/tefa/Documents/GitHub/Demo_qsys/reloj_soc/synthesis/submodules/reloj_soc_mm_interconnect_0_router_002.sv Line: 173
Info (12128): Elaborating entity "reloj_soc_mm_interconnect_0_router_004" for hierarchy "reloj_soc:dut|reloj_soc_mm_interconnect_0:mm_interconnect_0|reloj_soc_mm_interconnect_0_router_004:router_004" File: /home/tefa/Documents/GitHub/Demo_qsys/reloj_soc/synthesis/submodules/reloj_soc_mm_interconnect_0.v Line: 2229
Info (12128): Elaborating entity "reloj_soc_mm_interconnect_0_router_004_default_decode" for hierarchy "reloj_soc:dut|reloj_soc_mm_interconnect_0:mm_interconnect_0|reloj_soc_mm_interconnect_0_router_004:router_004|reloj_soc_mm_interconnect_0_router_004_default_decode:the_default_decode" File: /home/tefa/Documents/GitHub/Demo_qsys/reloj_soc/synthesis/submodules/reloj_soc_mm_interconnect_0_router_004.sv Line: 178
Info (12128): Elaborating entity "reloj_soc_mm_interconnect_0_cmd_demux" for hierarchy "reloj_soc:dut|reloj_soc_mm_interconnect_0:mm_interconnect_0|reloj_soc_mm_interconnect_0_cmd_demux:cmd_demux" File: /home/tefa/Documents/GitHub/Demo_qsys/reloj_soc/synthesis/submodules/reloj_soc_mm_interconnect_0.v Line: 2346
Info (12128): Elaborating entity "reloj_soc_mm_interconnect_0_cmd_demux_001" for hierarchy "reloj_soc:dut|reloj_soc_mm_interconnect_0:mm_interconnect_0|reloj_soc_mm_interconnect_0_cmd_demux_001:cmd_demux_001" File: /home/tefa/Documents/GitHub/Demo_qsys/reloj_soc/synthesis/submodules/reloj_soc_mm_interconnect_0.v Line: 2369
Info (12128): Elaborating entity "reloj_soc_mm_interconnect_0_cmd_mux" for hierarchy "reloj_soc:dut|reloj_soc_mm_interconnect_0:mm_interconnect_0|reloj_soc_mm_interconnect_0_cmd_mux:cmd_mux" File: /home/tefa/Documents/GitHub/Demo_qsys/reloj_soc/synthesis/submodules/reloj_soc_mm_interconnect_0.v Line: 2386
Info (12128): Elaborating entity "reloj_soc_mm_interconnect_0_cmd_mux_002" for hierarchy "reloj_soc:dut|reloj_soc_mm_interconnect_0:mm_interconnect_0|reloj_soc_mm_interconnect_0_cmd_mux_002:cmd_mux_002" File: /home/tefa/Documents/GitHub/Demo_qsys/reloj_soc/synthesis/submodules/reloj_soc_mm_interconnect_0.v Line: 2426
Info (12128): Elaborating entity "altera_merlin_arbitrator" for hierarchy "reloj_soc:dut|reloj_soc_mm_interconnect_0:mm_interconnect_0|reloj_soc_mm_interconnect_0_cmd_mux_002:cmd_mux_002|altera_merlin_arbitrator:arb" File: /home/tefa/Documents/GitHub/Demo_qsys/reloj_soc/synthesis/submodules/reloj_soc_mm_interconnect_0_cmd_mux_002.sv Line: 287
Info (12128): Elaborating entity "altera_merlin_arb_adder" for hierarchy "reloj_soc:dut|reloj_soc_mm_interconnect_0:mm_interconnect_0|reloj_soc_mm_interconnect_0_cmd_mux_002:cmd_mux_002|altera_merlin_arbitrator:arb|altera_merlin_arb_adder:adder" File: /home/tefa/Documents/GitHub/Demo_qsys/reloj_soc/synthesis/submodules/altera_merlin_arbitrator.sv Line: 169
Info (12128): Elaborating entity "reloj_soc_mm_interconnect_0_rsp_demux" for hierarchy "reloj_soc:dut|reloj_soc_mm_interconnect_0:mm_interconnect_0|reloj_soc_mm_interconnect_0_rsp_demux:rsp_demux" File: /home/tefa/Documents/GitHub/Demo_qsys/reloj_soc/synthesis/submodules/reloj_soc_mm_interconnect_0.v Line: 2517
Info (12128): Elaborating entity "reloj_soc_mm_interconnect_0_rsp_mux" for hierarchy "reloj_soc:dut|reloj_soc_mm_interconnect_0:mm_interconnect_0|reloj_soc_mm_interconnect_0_rsp_mux:rsp_mux" File: /home/tefa/Documents/GitHub/Demo_qsys/reloj_soc/synthesis/submodules/reloj_soc_mm_interconnect_0.v Line: 2684
Info (12128): Elaborating entity "altera_merlin_arbitrator" for hierarchy "reloj_soc:dut|reloj_soc_mm_interconnect_0:mm_interconnect_0|reloj_soc_mm_interconnect_0_rsp_mux:rsp_mux|altera_merlin_arbitrator:arb" File: /home/tefa/Documents/GitHub/Demo_qsys/reloj_soc/synthesis/submodules/reloj_soc_mm_interconnect_0_rsp_mux.sv Line: 390
Info (12128): Elaborating entity "altera_merlin_arb_adder" for hierarchy "reloj_soc:dut|reloj_soc_mm_interconnect_0:mm_interconnect_0|reloj_soc_mm_interconnect_0_rsp_mux:rsp_mux|altera_merlin_arbitrator:arb|altera_merlin_arb_adder:adder" File: /home/tefa/Documents/GitHub/Demo_qsys/reloj_soc/synthesis/submodules/altera_merlin_arbitrator.sv Line: 169
Info (12128): Elaborating entity "reloj_soc_mm_interconnect_0_rsp_mux_001" for hierarchy "reloj_soc:dut|reloj_soc_mm_interconnect_0:mm_interconnect_0|reloj_soc_mm_interconnect_0_rsp_mux_001:rsp_mux_001" File: /home/tefa/Documents/GitHub/Demo_qsys/reloj_soc/synthesis/submodules/reloj_soc_mm_interconnect_0.v Line: 2707
Info (12128): Elaborating entity "altera_merlin_arbitrator" for hierarchy "reloj_soc:dut|reloj_soc_mm_interconnect_0:mm_interconnect_0|reloj_soc_mm_interconnect_0_rsp_mux_001:rsp_mux_001|altera_merlin_arbitrator:arb" File: /home/tefa/Documents/GitHub/Demo_qsys/reloj_soc/synthesis/submodules/reloj_soc_mm_interconnect_0_rsp_mux_001.sv Line: 310
Info (12128): Elaborating entity "reloj_soc_mm_interconnect_0_avalon_st_adapter" for hierarchy "reloj_soc:dut|reloj_soc_mm_interconnect_0:mm_interconnect_0|reloj_soc_mm_interconnect_0_avalon_st_adapter:avalon_st_adapter" File: /home/tefa/Documents/GitHub/Demo_qsys/reloj_soc/synthesis/submodules/reloj_soc_mm_interconnect_0.v Line: 2736
Info (12128): Elaborating entity "reloj_soc_mm_interconnect_0_avalon_st_adapter_error_adapter_0" for hierarchy "reloj_soc:dut|reloj_soc_mm_interconnect_0:mm_interconnect_0|reloj_soc_mm_interconnect_0_avalon_st_adapter:avalon_st_adapter|reloj_soc_mm_interconnect_0_avalon_st_adapter_error_adapter_0:error_adapter_0" File: /home/tefa/Documents/GitHub/Demo_qsys/reloj_soc/synthesis/submodules/reloj_soc_mm_interconnect_0_avalon_st_adapter.v Line: 200
Info (12128): Elaborating entity "reloj_soc_irq_mapper" for hierarchy "reloj_soc:dut|reloj_soc_irq_mapper:irq_mapper" File: /home/tefa/Documents/GitHub/Demo_qsys/reloj_soc/synthesis/reloj_soc.v Line: 240
Info (12128): Elaborating entity "altera_reset_controller" for hierarchy "reloj_soc:dut|altera_reset_controller:rst_controller" File: /home/tefa/Documents/GitHub/Demo_qsys/reloj_soc/synthesis/reloj_soc.v Line: 303
Info (12128): Elaborating entity "altera_reset_synchronizer" for hierarchy "reloj_soc:dut|altera_reset_controller:rst_controller|altera_reset_synchronizer:alt_rst_sync_uq1" File: /home/tefa/Documents/GitHub/Demo_qsys/reloj_soc/synthesis/submodules/altera_reset_controller.v Line: 208
Info (12128): Elaborating entity "altera_reset_synchronizer" for hierarchy "reloj_soc:dut|altera_reset_controller:rst_controller|altera_reset_synchronizer:alt_rst_req_sync_uq1" File: /home/tefa/Documents/GitHub/Demo_qsys/reloj_soc/synthesis/submodules/altera_reset_controller.v Line: 220
Error (12002): Port "audio_pwm_export" does not exist in macrofunction "dut" File: /home/tefa/Documents/GitHub/Demo_qsys/soc_top.v Line: 22
Warning (12241): 5 hierarchies have connectivity warnings - see the Connectivity Checks report folder
Info (144001): Generated suppressed messages file /home/tefa/Documents/GitHub/Demo_qsys/Reloj.map.smsg
Error: Quartus Prime Analysis & Elaboration was unsuccessful. 1 error, 2 warnings
    Error: Peak virtual memory: 1438 megabytes
    Error: Processing ended: Tue May 27 21:15:01 2025
    Error: Elapsed time: 00:00:17
    Error: Total CPU time (on all processors): 00:00:35


+--------------------------------------------+
; Analysis & Elaboration Suppressed Messages ;
+--------------------------------------------+
The suppressed messages can be found in /home/tefa/Documents/GitHub/Demo_qsys/Reloj.map.smsg.


